bill_no,bill_id,vote_date,api_rows,official_members,official_yes,official_no,official_abstain,api_yes,api_no,api_abstain,api_absent,api_count_match,web_checked,web_yes,web_no,web_abstain,web_count_match,history_members,recovered_participant_rows,validation_status,api_observed_utc,web_observed_utc,api_sample_sha256,web_sample_sha256
2200021,PRC_R2C4R0F5Q3N0N1H4N5T0N0T4N2Y0U7,2024-09-26,300,300,207,0,0,207,0,0,93,true,false,,,,,300,0,api_only_pass,2026-10-01T12:04:14.295Z,,1c5554545dc005de6d4ec6cf2e0af6a353b5bbcf858b5c52cecd2a75d22796e1,
2200022,PRC_U2B4A0P5D3I0R1F4G5A0N4H6N3D1W4,2024-09-26,300,300,211,0,0,211,0,0,89,true,false,,,,,300,0,api_only_pass,2026-10-01T12:04:14.160Z,,f179ab44c34c614f69fee30ccb99bcbeef8465a8ab2b016b29ecd59b5e153580,
2200036,PRC_H2W4Q0Y5K3I0J1S6X4T5O0T4M2E7C3,2024-09-26,300,300,210,0,0,210,0,0,90,true,false,,,,,300,0,api_only_pass,2026-10-01T12:04:14.111Z,,9585d9d37dfcf12c85ba48eaa5d99765cd92742ac7eba48971d91a6bbbff884e,
2200038,PRC_X2A4X0I5U3L0T1D6L5T2K1D9G6Q3S4,2024-07-04,300,300,189,1,0,189,1,0,110,true,false,,,,,300,0,api_only_pass,2026-10-01T12:04:16.804Z,,d1e28e820bc182067f1e82743f0e6bca638f8165319db2def6f2253fad2747d8,
2200051,PRC_X2O4P0F6H2U8T1O0K5T3P0I0A2K2Q3,2024-12-02,300,300,276,1,6,276,1,6,17,true,false,,,,,300,0,api_only_pass,2026-10-01T12:04:05.056Z,,4a92166158157f56826b0580de6d4e03903451e972a79a86ba85955d5f62479f,
2200052,PRC_F2N4K0C6O2F8F1P3Y1X5O5A5P8D3B1,2024-12-02,300,300,239,14,26,239,14,26,21,true,false,,,,,300,0,api_only_pass,2026-10-01T12:04:05.115Z,,e8af005ee0fbb3a28e1c8a2b41e07a93161a2ba642859d3901ac5e51ded0986c,
2200056,PRC_P2Q4P0X5V3U0T1U6C5A2Y3X3Y9V3T0,2024-09-26,300,300,164,8,36,164,8,36,92,true,false,,,,,300,0,api_only_pass,2026-10-01T12:04:14.057Z,,fc76c1cc2cd826c392af88208d7832cdbb36d792dcdc6c51935a97178b06011d,
2200071,PRC_K2F4B0Y5C3G1C2H0H3S3V2U5H5L5M2,2024-09-26,300,300,140,61,5,140,61,5,94,true,false,,,,,300,0,api_only_pass,2026-10-01T12:04:13.980Z,,93ff144aed21dff9b61e726397d3130d6492a6c0dfd89d0f5e5e9233e7c88990,
2200072,PRC_B2K4P0O5S3T1K2G0Z3W7J2V3B9B8A9,2024-09-26,300,300,194,0,6,194,0,6,100,true,false,,,,,300,0,api_only_pass,2026-10-01T12:04:14.030Z,,02753413c2a05d57486ad9f01dfe044fe8cc84560650515ead9890917c7154ab,
2200097,PRC_G2E4S0T5R3Q1P1X0Y3W5V0U5B0A2B5,2024-12-26,300,300,242,6,13,242,6,13,39,true,false,,,,,300,0,api_only_pass,2026-10-01T12:03:59.554Z,,815557f9a03f8f6e0f7d6371ecea5dbd93de8c4bff1a8359c28641eaf89b52e2,
2200127,PRC_X2U4D0C5F3E0B0J9J1G8P4O3L4H1I4,2024-09-26,300,300,228,0,3,228,0,3,69,true,false,,,,,300,0,api_only_pass,2026-10-01T12:04:13.921Z,,541088dcb3fa5c85892f2a77c3a4993c75a9bc45f63e9839bc48c7d66c379ca9,
2200146,PRC_R2T4X0K6I0Y5A1T4H2G5F5O2I9V2R0,2026-03-12,294,295,186,0,0,185,0,0,109,false,true,186,0,0,true,296,1,hold_tenure_boundary,2026-10-01T12:03:03.798Z,2026-10-01T12:07:08.185Z,fde143b647c54d4d8ab5ecf42dd90555c6ab85ab105c2f9dee4fa3843ca07b00,026565bb0727b083e66da1b6e4dc72051de6023d03bd9ec1efc9bb14fa7130b9
2200154,PRC_R2Q4Q0Z5X3W0V1D5E1C8B0A2V0W8V4,2024-09-26,300,300,255,0,2,255,0,2,43,true,false,,,,,300,0,api_only_pass,2026-10-01T12:04:13.849Z,,e8d711bb3904a0c4926d5974c360588e0f0b70babc6ec56621c3c75468cef587,
2200190,PRC_C2L4K0I5K3S0R1P6O0W6X1W6U2T9P7,2024-12-31,300,300,225,14,36,225,14,36,25,true,false,,,,,300,0,api_only_pass,2026-10-01T12:03:55.422Z,,f0626143285daa79c6a1e36accc43ef27f0ea9d384907fe5daab00100e929044,
2200231,PRC_V2U4C0D5C3A0Z1U3V4U5T2R4Z0H9F9,2025-05-01,300,300,257,1,3,257,1,3,39,true,false,,,,,300,0,api_only_pass,2026-10-01T12:03:39.161Z,,aa92465fc0283914c508effb50fa7a8e2e725eb3cbc30fd5b365924281566fc4,
2200232,PRC_R2Q4P0P5Y3W0P1Y3W4V3W2U8Q1P3N4,2025-05-01,300,300,256,1,2,256,1,2,41,true,false,,,,,300,0,api_only_pass,2026-10-01T12:03:39.182Z,,21096b76ea06f2971bd422fd525dbab74aba0d0344b208f94462df99f902492a,
2200233,PRC_E2E4D0J5F3E0D1C0K1H3G2O3O1M1L1,2026-04-23,294,295,179,0,0,178,0,0,116,false,true,179,0,0,true,295,1,web_repair_pass,2026-10-01T12:02:56.170Z,2026-10-01T12:06:49.903Z,89a79cb1317745c4a09a3f0658d24502220dff594c3f61af5d3d62f9f03df856,e1a4839ee9cf930a5fe18bf62d3d35b7bdffd1e59eb63bd15dff72512804633e
2200236,PRC_Q2O4N0V5W3V0U1S5R1Q8Y1X4V2Y2W0,2024-08-28,300,300,296,0,0,296,0,0,4,true,false,,,,,300,0,api_only_pass,2026-10-01T12:04:16.133Z,,6939de86684af706b0c242ccb0a85ac8b1c6c9476afbbf3e79e1dbdd09ed1bfa,
2200238,PRC_R2Q4O0N6V0T4S1T5S4A1Z2X3W9X6T7,2025-02-27,300,300,211,0,5,211,0,5,84,true,false,,,,,300,0,api_only_pass,2026-10-01T12:03:51.771Z,,c5c8612563a5d0270fb2cdf5785ffed5c6b7e161e039a6af2fe1870e2db1dd6b,
2200241,PRC_R2A4Y0X6L0J3I0E8C3B4C3B3J1H6G5,2024-09-26,300,300,229,0,6,229,0,6,65,true,false,,,,,300,0,api_only_pass,2026-10-01T12:04:13.819Z,,dcb9c49b734fbef9953c091a956accda49c9d7968995ee69cc2fb4e0cde3142a,
2200286,PRC_C2A4Z0X6Y0G3F1E9C0Y5G2F3G0E2C5,2024-08-28,300,300,290,0,2,290,0,2,8,true,false,,,,,300,0,api_only_pass,2026-10-01T12:04:16.223Z,,ed86708345e8b7b6c81c7d906a147f8e74eb1d33b59a4e3ea61b67980ef3788e,
2200311,PRC_L2M4K0L6Z1Y0Z0X8X5V3W1E8F7D8D2,2025-03-13,300,300,249,1,3,249,1,3,47,true,false,,,,,300,0,api_only_pass,2026-10-01T12:03:46.325Z,,49df3b36dff0b6c529487e7ea916cdbc4195cbcc2f135bcc8d9c673c42e660b9,
2200316,PRC_J2I4Q0P6N0O4M1J6H3G7F0G6O5O5N7,2024-09-26,300,300,190,1,5,190,1,5,104,true,false,,,,,300,0,api_only_pass,2026-10-01T12:04:13.712Z,,896d49757f048e7a81f2da08648439e1b816eeb25c43b445672d417810db709a,
2200328,PRC_P2O4O0M6N0V7W1U4U1S5R5S4N8O0M8,2024-09-26,300,300,234,0,2,234,0,2,64,true,false,,,,,300,0,api_only_pass,2026-10-01T12:04:13.788Z,,b98d3db876358bc2738347153961e7fd74bee32967ff28177b8f37ce586262c7,
2200332,PRC_U2U4T0U6S1T0R1Z4Z2Y3Y3W5X9W9W7,2025-02-27,300,300,194,0,3,194,0,3,103,true,false,,,,,300,0,api_only_pass,2026-10-01T12:03:51.756Z,,13691616c42b5e656e8190601df42620a57c9a555a7ebb93fcaa2815b070a592,
2200377,PRC_B2Z4H0I6G0H7F1E3E5M6N0L5L2K4I6,2024-08-28,300,300,293,0,0,293,0,0,7,true,false,,,,,300,0,api_only_pass,2026-10-01T12:04:15.985Z,,c8928a885df138fe6eb13bd34fd5ebd5c97a05ae659d44c5b64e6596abe2e337,
2200395,PRC_O2M4N0V6W0U5U1T0R1S3O5O3M9N5M3,2025-01-08,300,300,221,20,27,221,20,27,32,true,false,,,,,300,0,api_only_pass,2026-10-01T12:03:53.392Z,,f4cfc7745382ee2f1eb99c151a5a5162d874b0f1780ef2a16420e1bb7e8be385,
2200401,PRC_T2R4S0Q6R0P7Q1X0W2X9V2V2U1U0C5,2026-01-29,295,296,199,0,1,199,0,1,95,true,true,199,0,1,true,296,0,web_repair_pass,2026-10-01T12:03:13.127Z,2026-10-01T12:07:27.454Z,8b067132a8aa5faa22b9a462718b9aecb25deb0f07388b5409fd02a988cc91b7,c0de3d81a5361dad5c80dbacf25b16f1dac4562538ba579d9b4cb1e84c244199
2200402,PRC_B2Z4Y0Y6G1H0F1G9E3F1D0Z6Z1Y9Y7,2024-11-28,300,300,243,0,0,243,0,0,57,true,false,,,,,300,0,api_only_pass,2026-10-01T12:04:07.869Z,,2a600d637fbaacb7e5776621d6d1ce31fde9492dea4a38875120f265fee40c47,
2200433,PRC_W2U4T0V6U0T4A1Z0A2Z5X4G4E3D5C7,2024-12-26,300,300,278,0,1,278,0,1,21,true,false,,,,,300,0,api_only_pass,2026-10-01T12:03:59.543Z,,4d8c386f48a31ef6548bb8d50572fe74af62a828e3d5d123e7cfef1dd8c939ad,
2200438,PRC_R2R4Q0O6P0W5Y1W4W0U6T2U8B6C1A1,2024-08-28,300,300,290,0,1,290,0,1,9,true,false,,,,,300,0,api_only_pass,2026-10-01T12:04:15.922Z,,bdcd5d328bcb18302a04b80b071bd2a1a8a85018a8ca2d6f16169fcc4078d23b,
2200447,PRC_H2I4G0H6P1O1O0M9N4M3T0U6S9T8R5,2024-12-31,300,300,258,7,12,258,7,12,23,true,false,,,,,300,0,api_only_pass,2026-10-01T12:03:55.599Z,,c08171f3dd406fcea7e5c792b13f9387de637082440083e245eb1c3abc9f19da,
2200449,PRC_G2E4F0B6B0Z7Y1Z2X5Y4G2G4E2D0D2,2024-12-31,300,300,216,15,44,216,15,44,25,true,false,,,,,300,0,api_only_pass,2026-10-01T12:03:55.447Z,,58fdbf431b4ae86ff6a063b96bf3ef8c8c07180cf7a6ff44c7dc7534ed947f98,
2200458,PRC_E2F4D0C6C0R4S1Q5R1P5P3O4W9X6V8,2025-02-27,300,300,212,1,5,212,1,5,82,true,false,,,,,300,0,api_only_pass,2026-10-01T12:03:51.670Z,,28c4f3b39614b5ffe5549c4c75ace3e05e9e58560daa5ccd78a8c37bb98a70d7,
2200461,PRC_A2T4Y0W6A1H3Y1W6O2T4E3D0L1I1M5,2024-07-26,300,300,183,0,0,183,0,0,117,true,false,,,,,300,0,api_only_pass,2026-10-01T12:04:16.718Z,,5ea8e48ee7fefd6a5606d84922f5fca739c0bfc0d12df81dbc977dce8bc433c4,
2200467,PRC_B2Y4K0K6M1Q3U1V6C5S5T2M7F3I8F2,2024-07-25,300,300,225,0,0,225,0,0,75,true,false,,,,,300,0,api_only_pass,2026-10-01T12:04:16.746Z,,e173a1837f5b31a867773c9bef8f2dfbb4972fc53d5976184bf394fa8545d91e,
2200478,PRC_W2U4U0T6B1B0Z1A9Y2Z2Y0F3G0F0F9,2025-01-08,300,300,255,5,3,255,5,3,37,true,false,,,,,300,0,api_only_pass,2026-10-01T12:03:53.717Z,,a2528494ff0abacbbc621092ec3071d53c5f1ccc49b6862586d346bc47a18f47,
2200485,PRC_W2E4F0D6D1C3A1B0W3X6W3W4U0V0T5,2024-08-28,300,300,291,0,1,291,0,1,8,true,false,,,,,300,0,api_only_pass,2026-10-01T12:04:15.989Z,,00bdd60dd002380021630781080be021f76a1ef890f000dc99c0538cbe7570a6,
2200493,PRC_P2N4O0N6N1L0T1U0S5T3R1S5Q2R0Z7,2024-11-28,300,300,235,0,1,235,0,1,64,true,false,,,,,300,0,api_only_pass,2026-10-01T12:04:07.768Z,,cf7b2d83496cea2785513ed83ae0c1c2b01a3c05dd2c3a0df43f0c2a2910e7b7,
2200522,PRC_X2T4R0S6Q1R0P1Q1Y0Y8W1X7W0U1U1,2025-02-27,300,300,209,0,1,209,0,1,90,true,false,,,,,300,0,api_only_pass,2026-10-01T12:03:51.632Z,,f65ada0e59a3ef49ce5b8a99eee6200a80fa9197f3a628217fe93c8f978b9e04,
2200538,PRC_D2M4O0C6L1C7Q1N3H2F9I3O4Z1L2F5,2024-09-26,300,300,228,0,2,228,0,2,70,true,false,,,,,300,0,api_only_pass,2026-10-01T12:04:13.683Z,,a3694ed75d1f0d5cb3e985522e267d59aa038f012bb4ddee9277de8c25692100,
2200541,PRC_B2B4A0A6Z1Z0H1G8G2E4F2D1E4M5M7,2024-08-28,300,300,291,0,1,291,0,1,8,true,false,,,,,300,0,api_only_pass,2026-10-01T12:04:15.756Z,,8fb00071fe423eb98e4e0daf0a8cb21a924a25a1a395d005695fb80010754f61,
2200574,PRC_L2L4J0L6S1T1R1Q3Q0O8P5X0Y1W1U6,2025-02-27,300,300,246,0,1,246,0,1,53,true,false,,,,,300,0,api_only_pass,2026-10-01T12:03:51.587Z,,2164a73a89981a8e0df99885c36820f350103fe9c44f422801773a086df9a105,
2200575,PRC_V2T4T0S6I1I1G1H3G0G9F4N0N5M5M8,2025-02-27,300,300,245,1,2,245,1,2,52,true,false,,,,,300,0,api_only_pass,2026-10-01T12:03:51.529Z,,077c1ee513e3c47aa4c6f53debd2701482ba4774905a1361e46a6f5e01c08b36,
2200589,PRC_L2J4I0E6D0D4C1A6I4H2I2H6F2O2I7,2024-09-26,300,300,216,0,2,216,0,2,82,true,false,,,,,300,0,api_only_pass,2026-10-01T12:04:13.576Z,,2ad790581e6c45e30582d30a3aff9a237fed22a662eff7087b5e38a1f03cf1a5,
2200618,PRC_X2V4W0U6V1T3U1P6Q1O0P2N7L9M6U1,2024-09-26,300,300,242,0,1,242,0,1,57,true,false,,,,,300,0,api_only_pass,2026-10-01T12:04:13.553Z,,6af4dd96b20c7c6c71dba7e1e8f7f5c1d7d4f58e35a9c506c69d0736c0854932,
2200679,PRC_K2J4I0P6O1N7K1I4F1N0M1M6V8P2P5,2025-07-23,297,297,209,11,12,209,11,12,65,true,true,209,11,12,true,298,0,hold_tenure_boundary,2026-10-01T12:03:33.120Z,2026-10-01T12:07:31.681Z,cc081fa261599dd2eeeb002b5b7d857d87bb2c9e4e7bda570ac5fa612c82f7d5,70f2d0d442f04a72201c9363d2ba858f5a127455a9d8c5ff7ec56bfbcf48005e
2200709,PRC_H2G4F0F6E1A8Z1Y7W5X7F4F0E2F2D8,2025-03-13,300,300,240,0,0,240,0,0,60,true,false,,,,,300,0,api_only_pass,2026-10-01T12:03:46.151Z,,3a7f74445dcd3ed3c49530201404a0db91fb08bfdd7877fb5193abfcae603763,
2200767,PRC_S2R4N0L6J1K9J0R9Q4R0Q5Y7W2X2W2,2024-08-28,300,300,288,0,0,288,0,0,12,true,false,,,,,300,0,api_only_pass,2026-10-01T12:04:15.775Z,,e7c1a24212ead4bf4a5204e1003c5183efc8b08ae07346a5d8471d867fbe7aae,
2200770,PRC_L2M4K0J6H1I9E0D9B4A0I3J2H8G4E9,2024-08-28,300,300,297,0,0,297,0,0,3,true,false,,,,,300,0,api_only_pass,2026-10-01T12:04:15.806Z,,79bf1beb3a4c36a17f8e9986a08b024f4eb4c16c37b26998a3eadb9f9c3ddcf0,
2200775,PRC_I2G4I0G6G1O3O1N0L2M3K5L8S3T2S4,2025-03-13,300,300,245,1,8,245,1,8,46,true,false,,,,,300,0,api_only_pass,2026-10-01T12:03:46.180Z,,c03fb4bcc1c95c27292ba3cc3100c306ea9897485e1b5d4b131ddd30a2b1f262,
2200776,PRC_B2F4E0L5J3I0R1Q4P1V6U3L5K7J2R0,2025-07-23,297,297,229,0,2,229,0,2,66,true,true,229,0,2,true,298,0,hold_tenure_boundary,2026-10-01T12:03:32.948Z,2026-10-01T12:07:31.241Z,c4252584930d6b79e9c357dd3b2abfd177a50eff62274b25f4caa3f45a3528a5,07779345af532647fe617a0ea97470cd8a35eacb77476352cd26ec412e5ed9f9
2200782,PRC_W2V4A0U6T2T0Z1Z4Y0E2D2V8U6B2A6,2024-11-28,300,300,229,0,1,229,0,1,70,true,false,,,,,300,0,api_only_pass,2026-10-01T12:04:07.730Z,,3ce155e9cd921f38741ea205cbee063c3ef57995ef1142d4a2380a5cd6bc420a,
2200819,PRC_G2C4J0I6H1F8N1M4L4K4S1R2Q4Q3P5,2024-12-31,300,300,277,6,8,277,6,8,9,true,false,,,,,300,0,api_only_pass,2026-10-01T12:03:55.283Z,,88b24f5d3be6bd47a6d332a5b217320b9442f94f71281ec524a23cc6206e4dee,
2200842,PRC_U2T4U0T6R2Z1Y1Y5X2W6E3C9D5C8A0,2024-09-26,300,300,197,1,5,197,1,5,97,true,false,,,,,300,0,api_only_pass,2026-10-01T12:04:13.449Z,,706302c6d4fe2310e6b3823f8cd81790e49bee4219c07968a0b87700fb575578,
2200851,PRC_H2P4O0N6M1U9S1R5S4R4Z1Y5X0F1E0,2024-12-26,300,300,161,94,6,161,94,6,39,true,false,,,,,300,0,api_only_pass,2026-10-01T12:03:59.615Z,,8d55208dbde830ba9f72168b29336a5a2ad46e8d69b889d12016d46c64c1e58e,
2200862,PRC_P2O4N0O6J0I3H1F1O2P4N2M6S0R6Z6,2025-01-08,300,300,245,9,11,245,9,11,35,true,false,,,,,300,0,api_only_pass,2026-10-01T12:03:53.242Z,,7086cca39628d2b388ca55df5f27c76257d365fe94f0453a2685f8a571c439c9,
2200874,PRC_Y2Y4X0F6F1D3F1D4D0B5C0K4I9J5H3,2024-11-14,300,300,286,0,0,286,0,0,14,true,false,,,,,300,0,api_only_pass,2026-10-01T12:04:09.763Z,,201400f5efbb9639c82e90b8db1e263aa8d68bd0fc2a0a7d0796f6ebf1c7d3c5,
2200886,PRC_T2T4S0Y6X2W0E1D6C3B9X3U8T8C1B8,2025-02-27,300,300,191,0,3,191,0,3,106,true,false,,,,,300,0,api_only_pass,2026-10-01T12:03:51.494Z,,da368abeeb144bbcfbeb7671e3539441c00c50fff5059441bd8c07ad0a338bd6,
2200900,PRC_Y2W4V0U6V1R9P0O9T0R5S5A8Z8X6W9,2024-09-26,300,300,192,0,2,192,0,2,106,true,false,,,,,300,0,api_only_pass,2026-10-01T12:04:13.414Z,,1d23a8dc7e8ab1e5e9b8d0b74faadb16d7373bb0f22098cfd1c6b54b70ccb9d6,
2200924,PRC_A2C4Z0I6F2E0M1K5I3R2Q1M0L2R6R8,2026-03-12,294,295,181,0,2,180,0,2,112,false,true,181,0,2,true,296,1,hold_tenure_boundary,2026-10-01T12:03:03.713Z,2026-10-01T12:07:07.936Z,55f0d0cf1ddfd7695246ca2f7387c6fe4bc3e388a23e4a0adb8551e0f7ae5e04,2dc77b2b881f92ae2b141e891908d541a93c862f947e5e055d543317a32974fc
2200946,PRC_A2E4G0C6K1K8P1M1E5X0I2B5I5Z5E2,2024-07-28,300,300,189,0,0,189,0,0,111,true,false,,,,,300,0,api_only_pass,2026-10-01T12:04:16.560Z,,0d11e4c1892df265c47c476c95c98e0f64974dbf88bf17c53b66e76015646727,
2200947,PRC_R2B4G0U6Q1T8O1H1B5U1L0C0S2E6N0,2024-07-29,300,300,187,0,0,187,0,0,113,true,false,,,,,300,0,api_only_pass,2026-10-01T12:04:16.622Z,,b8772a4cd73e4c5906264b9ebbb67bd9d9a5dc022b28089f662c0c37325d69ac,
2200948,PRC_G2U4T0D6C1R8Y1J1U5N1T2W6M3Y3K0,2024-07-30,300,300,189,0,0,189,0,0,111,true,false,,,,,300,0,api_only_pass,2026-10-01T12:04:16.555Z,,6dcdd7b744039920dc614da0cbcb51776f6b063ffafded38aabd6b475d4350d3,
2201000,PRC_I2J4R0V6U2Q4O1N1O2N3V4U4S5R9S4,2025-12-11,298,298,238,0,3,238,0,3,57,true,false,,,,,298,0,api_only_pass,2026-10-01T12:03:15.022Z,,0aa01e3013ecc74c2bc663d2cfbdac2d23e30986249ec8cba879deee41d429fc,
2201018,PRC_L2L4T0T6S1T2R1R7Q5Q0Y3X8X9V8W0,2026-02-12,295,296,160,0,0,160,0,0,135,true,true,160,0,0,true,296,0,web_repair_pass,2026-10-01T12:03:07.820Z,2026-10-01T12:07:16.434Z,87d1ad150818f53d0168fcd187b3650eb483ff55825606251383e785de7cf5d1,26ba97dffda455b47eb7dcd957dcb38863d100dbf37ed52c175a918a7462f4ac
2201034,ARC_X2T4G0X6O2N7T1W3H5B4K0T8M4L7X7,2024-08-28,300,300,289,0,1,289,0,1,10,true,false,,,,,300,0,api_only_pass,2026-10-01T12:04:15.595Z,,9b3e002ea89079541d032c81aaf579d9a45ca5741273d36f256d6367d61a0fdb,
2201037,ARC_T2C4H0N6B2V7A1D4S0L9W2U7G5S8W7,2024-08-28,300,300,293,0,1,293,0,1,6,true,false,,,,,300,0,api_only_pass,2026-10-01T12:04:15.617Z,,b71b0321ce54623b3b2a08373ffd808a83bbc0647cbf86acb778983549c91e06,
2201040,ARC_Z2B4D0J6D2S7J1N4B2Z1J3S8X0M2S1,2024-09-26,300,300,204,8,11,204,8,11,77,true,false,,,,,300,0,api_only_pass,2026-10-01T12:04:13.512Z,,184425d81f14fccb085a821d72cd59b4240806bd0b0f3a67f96b045354a72e22,
2201042,ARC_V2J4R0J6N2Q7I1G4S2R9R4F1F9U0T4,2024-09-26,300,300,203,0,1,203,0,1,96,true,false,,,,,300,0,api_only_pass,2026-10-01T12:04:13.291Z,,9cdb0872f75b110163f1f74d62ca1580901e379653f640b923e665db033b42ed,
2201049,ARC_D2H4B0L6L2H7O1O5Q2X8A4R0F9M2M1,2024-09-26,300,300,228,0,1,228,0,1,71,true,false,,,,,300,0,api_only_pass,2026-10-01T12:04:13.248Z,,0dbc733b4474451b06b36843b38d040ede37cbb2664f3660f83c5886351cbf37,
2201050,ARC_W2J4Y0S6F2Y7K1L5B3A6L4Z8W8V9W6,2024-09-26,300,300,216,1,5,216,1,5,78,true,false,,,,,300,0,api_only_pass,2026-10-01T12:04:13.282Z,,341b660385aef23cbfe7f9683b19178f3631f44fdd97d17ba62001be8744ee48,
2201053,ARC_I2J4I0Z6U2T7W1P5B4R9Q1D3E9G7G2,2024-08-28,300,300,290,0,1,290,0,1,9,true,false,,,,,300,0,api_only_pass,2026-10-01T12:04:15.388Z,,01b0bf11292caf3649bbab428ad832573b6d518ca6694d72c623096a98a342a7,
2201054,ARC_Q2H4W0P6O2L7G1D6T0R4Z2H6L6O0H0,2026-01-29,295,296,220,0,0,220,0,0,75,true,true,220,0,0,true,296,0,web_repair_pass,2026-10-01T12:03:13.071Z,2026-10-01T12:07:27.297Z,fe71a0c22f9a7b99d689c6805f7e6b9c5dd9061c08940e2d89cc21eab6a06019,71fb0ef432f3a8f1fc99008a75591c9cf676be76160ec6a1fa7a0318bd2e410a
2201057,ARC_S2E4D0V6K2H7F1N6J0D6Y1F1I8C8C0,2026-03-12,294,295,172,1,2,171,1,2,120,false,true,172,1,2,true,296,1,hold_tenure_boundary,2026-10-01T12:03:03.662Z,2026-10-01T12:07:07.919Z,1abba645b8ea3de39096fbfb6b49999ace49ef84f93e08d0be8de8c755cfe1fb,4ae0f9df7bd5960bfbb0445fb589e6e418b62ca8eedd59620aa4d91106ac1987
2201097,PRC_C2Y4X0K6I2H7G1O1M2K9T3U1S5R2P4,2024-12-31,300,300,279,1,7,279,1,7,13,true,false,,,,,300,0,api_only_pass,2026-10-01T12:03:55.198Z,,0309f93b266bed8d3ef6690d9eda1e16b0eaf7b3607d38c5ae8dd0d913224b14,
2201110,PRC_B2A4Y0H6H2G6E1D4E2M4L0J3I4N0L5,2024-11-14,300,300,285,0,1,285,0,1,14,true,false,,,,,300,0,api_only_pass,2026-10-01T12:04:09.713Z,,777042a7dd1596530fd9a63dd2ecda1785fa2cbfb7e020ab6132183d8e7ae956,
2201117,ARC_V2W4L0F6G2W8D1C5P2S1U1T1X3O0F4,2024-12-27,300,300,164,0,2,164,0,2,134,true,false,,,,,300,0,api_only_pass,2026-10-01T12:03:57.726Z,,610be3f34137cc012a7981f8ecd6d080413c77ef6f3983149f84f24cce9c090c,
2201121,ARC_X2L4H0K6Q2T8F1C5W4X4S1S7B3B9W1,2024-08-28,300,300,295,0,0,295,0,0,5,true,false,,,,,300,0,api_only_pass,2026-10-01T12:04:15.509Z,,f7ce788c62f3dcaeb1d9c317c81c7b48b5fae1e949904b457d2aad16b1b7d14c,
2201129,ARC_O2Q4F0K6H2F8F1L6N1W3C3O8Y9P0W8,2024-12-27,300,300,163,0,3,163,0,3,134,true,false,,,,,300,0,api_only_pass,2026-10-01T12:03:57.590Z,,f7b5bf4af69bd99722027dbdc6910b2aeaac34796128a2232f156f8a2e373837,
2201147,PRC_P2O4N0I6J2I7H1F3N5O1N2L6K5K6T1,2024-12-27,300,300,158,0,0,158,0,0,142,true,false,,,,,300,0,api_only_pass,2026-10-01T12:03:57.549Z,,c39859d3da5e67b557b83b54796b20d5f8b33505e742f66afb0527db6b188723,
2201176,ARC_R2I4Y0R6W2E8T1C8Q3J0R3D7G7Z3X4,2024-08-28,300,300,292,0,1,292,0,1,7,true,false,,,,,300,0,api_only_pass,2026-10-01T12:04:15.464Z,,7085de8a75e562d7128ee890d4e282f84e70e21db3257952a5b92ff66aef229d,
2201193,ARC_C2Z4Z0C6Z2W8Q2R0G1B1Q0E5I5T8S0,2024-11-28,300,300,242,0,0,242,0,0,58,true,false,,,,,300,0,api_only_pass,2026-10-01T12:04:07.686Z,,ab8fbccf9bc8b10ed1d462c2cb1ebb336a32d84236d846943099ba351e963f51,
2201199,ARC_K2O4L0L6Y2B8Y2Z1Q1T1G3O6Y2D7G6,2024-12-10,300,300,281,0,0,281,0,0,19,true,false,,,,,300,0,api_only_pass,2026-10-01T12:04:03.377Z,,fb171a463fb2adc32c5ffdb7ba29da96ccc28478f91cca45790f43a7beb719c1,
2201217,PRC_P2X4X0W6U1V0T2U1Q3Q6O4N5N7L4N5,2024-12-02,300,300,281,0,0,281,0,0,19,true,false,,,,,300,0,api_only_pass,2026-10-01T12:04:04.868Z,,ed66c33c1734e5523c5a0d9ed55190b042cf9cb5b2425bcf59c0b5bde2472a2c,
2201235,PRC_C2B4K0G6Q1N4J1I5H1N5M1L7K6Q1P6,2024-12-02,300,300,289,0,0,289,0,0,11,true,false,,,,,300,0,api_only_pass,2026-10-01T12:04:04.835Z,,72f9927fa0e9176092c999389abaaac539767081bd16093bce9e86ec658af21c,
2201253,PRC_Q2P4O0V6W2V1U1S4A1Z3Y2Z8Y6H4G1,2025-01-08,300,300,250,2,15,250,2,15,33,true,false,,,,,300,0,api_only_pass,2026-10-01T12:03:53.237Z,,3beca8156e89e7dac825863e5a94eb3f60dc5e18ab6832dd8838171ba5cf4b8a,
2201291,PRC_V2U4B0A6Z2I0D1M0J0I9R3Q1M4S7R2,2024-11-28,300,300,247,4,8,247,4,8,41,true,false,,,,,300,0,api_only_pass,2026-10-01T12:04:07.588Z,,72f3e2b82a17d9b5a72fb612e586ad2479b7df0bfbcc3ac8a55b54ab4e9919fc,
2201302,PRC_L2T4S0Q6R2P4M1L4J0H0Q2R8P7O5M6,2025-03-13,300,300,262,0,5,262,0,5,33,true,false,,,,,300,0,api_only_pass,2026-10-01T12:03:46.167Z,,668a65e87717d571383e9f0d185eeb7376ed16939c152ddbdc8fe03c9148d55b,
2201312,PRC_B2Y4W0V6T2U7C1A5Z3Y4Z0H0F1E5F0,2024-09-26,300,300,203,0,0,203,0,0,97,true,false,,,,,300,0,api_only_pass,2026-10-01T12:04:13.092Z,,8537744cce88e3a80e0cd0922773b083dff5ef0a6f4bd275a20b76e1ba77b5b2,
2201322,PRC_S2Q4M0L6J2K7J1R4Q1X4T1T7S8R0P5,2025-03-20,300,300,230,10,25,230,10,25,35,true,false,,,,,300,0,api_only_pass,2026-10-01T12:03:42.997Z,,490637f47be8542d24d87c52ab84e1e190a062e34d0da2c6c8551e2b4ae555d8,
2201355,PRC_O2P4N0O6M0N7L1T6U1S6T4R5S6Q1Q3,2026-01-29,295,296,242,0,0,242,0,0,53,true,true,242,0,0,true,296,0,web_repair_pass,2026-10-01T12:03:12.908Z,2026-10-01T12:07:27.333Z,de4415f90a4240c7f92658c3478ae62a67b367989b28e4a561d9c3becc9a6814,8648a290290151235c59a93eec012b1a11e7aa3cf4d2b7325129ee1032f9a451
2201357,PRC_L2M4K0K7J0K3I1I4X2W2W2U1V9T2U8,2025-07-23,297,297,180,20,31,180,20,31,66,true,true,180,20,31,true,298,0,hold_tenure_boundary,2026-10-01T12:03:32.958Z,2026-10-01T12:07:31.105Z,5b50802e8930100c52ddc5e19750fd0985c5eeefada8889818e5541291d314b1,2000f9bf65a3b5711f2fba2cc6629bbfb90e087f09a73447f2e2369796c7e2dd
2201384,PRC_D2L4J0K7I0J1H1I7E5C1C2B2C7A3I4,2024-12-31,300,300,275,2,6,275,2,6,17,true,false,,,,,300,0,api_only_pass,2026-10-01T12:03:55.203Z,,5da3ec5a5ee4b942e333f894dbd68f6d5c896a006449197f0dcb3b908859e9f1,
2201390,PRC_P2N4N0M7N0L1L1T0S5S8Q4R4Q1Q7M2,2024-08-28,300,300,276,5,5,276,5,5,14,true,false,,,,,300,0,api_only_pass,2026-10-01T12:04:15.194Z,,ab014ef7aaa9b88a2bed9aed12b5c04f0ccfcda3e58ba79ae1f936a3c7826f6e,
2201404,PRC_P2O4K0L6J2I5G1P3Q5O4V2W4S9Q8P9,2024-08-28,300,300,274,2,11,274,2,11,13,true,false,,,,,300,0,api_only_pass,2026-10-01T12:04:15.258Z,,85c826cd1d6bad33beea73f6a7b3d30600ee1eb17cc7a8e70d25eddea1adafa7,
2201460,PRC_N2L4M0K7K0T3R1R0Q3Q2P2L8L4J8K4,2024-09-26,300,300,181,0,2,181,0,2,117,true,false,,,,,300,0,api_only_pass,2026-10-01T12:04:13.106Z,,a099ac536b34cdb83ac0afb4c4b200d0ca18ecc6ae9a5c81105001c466c83bd6,
2201472,PRC_E2D4B0J6I2H6I1G5O1N2M4M0L9T8S2,2025-04-02,300,300,252,0,0,252,0,0,48,true,false,,,,,300,0,api_only_pass,2026-10-01T12:03:41.551Z,,80b7ca0f17883fa0b894cd3af37ca9761527b751d1f38fce3933e9300e4be280,
2201492,PRC_M2U4V0T7U0S1T1R0Z5A7Y2Z2X4X3W6,2024-11-14,300,300,290,0,3,290,0,3,7,true,false,,,,,300,0,api_only_pass,2026-10-01T12:04:09.717Z,,5fdff63306ba14d4e5c77882c6826d4f4ec684ca37e6f735be5cd47935e28178,
2201527,PRC_Q2M4N0L7L0K2L0J9R4S8Q1Q2P7Q3O9,2024-09-26,300,300,206,0,0,206,0,0,94,true,false,,,,,300,0,api_only_pass,2026-10-01T12:04:12.941Z,,4f32b813051ba1f0dc54e45cfd620f3a5716c3c82f77ee65f3c12a54e92632a7,
2201570,PRC_E2D4B0C7A0B1J1J0I3G4G3F8G5N2O2,2025-05-01,300,300,265,0,1,265,0,1,34,true,false,,,,,300,0,api_only_pass,2026-10-01T12:03:38.970Z,,69d6c77f8b5e1378fa6e6f0ba7f8b61d22de0b3c98ddc5273a68aede8cbf4af9,
2201577,PRC_A2B4Z0Z7Y0G8G1E1F0E8E1C3D4L2J5,2024-11-28,300,300,254,0,3,254,0,3,43,true,false,,,,,300,0,api_only_pass,2026-10-01T12:04:07.532Z,,49ead82a46475ae0dbc76e49a9edb4512122a0ed448810a8b5130eecc22b6075,
2201586,PRC_L2L4E0E6D1L4K1H4P2O0E5D6L2I7I3,2024-11-28,300,300,234,0,3,234,0,3,63,true,false,,,,,300,0,api_only_pass,2026-10-01T12:04:07.604Z,,60b5e5ed07a436c86de58c7a394481695bf7fe9989587b5163ad121ef2bb230e,
2201588,PRC_A2A4J0J7H0G2G0F8G4B5C5A7Y3Z7Y9,2024-11-14,300,300,281,0,4,281,0,4,15,true,false,,,,,300,0,api_only_pass,2026-10-01T12:04:09.622Z,,d5e5052fcf71822785b2512c7461070fdf89d1a1c0960c5b8a708867bdd8526c,
2201592,PRC_R2R4P0O7P0I8I1H6H5G8E4F9M3O2M0,2024-09-26,300,300,219,1,5,219,1,5,75,true,false,,,,,300,0,api_only_pass,2026-10-01T12:04:12.956Z,,896934df89bb0fc9cdd9602b063f95e59090a565db760535f85e9d8af6a3f44a,
2201593,PRC_F2E4D0C6W1V4U1D4B2B1Z4I0G4D3L1,2024-11-28,300,300,234,0,6,234,0,6,60,true,false,,,,,300,0,api_only_pass,2026-10-01T12:04:07.404Z,,b1744fc0b7724f10ddbd6900282ad56799f5822420856935da39b2bcaac70500,
2201604,PRC_I2H4E0D6C2K6J0P9O5N4M1U8U7S7Z8,2025-02-27,300,300,248,1,7,248,1,7,44,true,false,,,,,300,0,api_only_pass,2026-10-01T12:03:51.438Z,,074bc45b76febb40f6760f3c600c3972329c21968144312f408eb8c48d666465,
2201627,PRC_O2O4N0M6I2G7H0V9T1U9T5I7G8H5G0,2024-11-28,300,300,257,2,8,257,2,8,33,true,false,,,,,300,0,api_only_pass,2026-10-01T12:04:07.362Z,,ac3d500ee24510e0f354d0a7346f77d04c262548cdf07674cd306bc1212cb8b5,
2201669,ARC_K2N4P0F7W1M2P1N4S0Q6K2A0N1B0R0,2024-09-26,300,300,196,0,4,196,0,4,100,true,false,,,,,300,0,api_only_pass,2026-10-01T12:04:13.154Z,,df7785e401c7f63dc8599293d3bb544cbf9be1a35baa6cb3e1a6b4edef1576f9,
2201686,ARC_D2H4Y0X7G1M2Y1K5T1P0P3H7H4J5N6,2024-11-28,300,300,245,0,1,245,0,1,54,true,false,,,,,300,0,api_only_pass,2026-10-01T12:04:07.367Z,,df28f9cfd915d4bbbe9415d0c09fc6346ea225b2569d6f081251b3b3431539e2,
2201687,ARC_V2Z4L0L7M1J2A1V5S1Y3M2V8M9K0F0,2025-02-27,300,300,195,0,0,195,0,0,105,true,false,,,,,300,0,api_only_pass,2026-10-01T12:03:51.354Z,,e6d9161320c6aeb6293f49838b490a63c88cc615e8bd246bfa4c324da3cddb3a,
2201688,ARC_Z2U4D0O7C1D2Y1I5K2Z1R4I6W3Q8I5,2024-09-26,300,300,206,0,0,206,0,0,94,true,false,,,,,300,0,api_only_pass,2026-10-01T12:04:12.807Z,,a35ca2be3bee082922e77ec1e44d3c7fa65a97b5a58550538c63be31055432b6,
2201695,ARC_U2X4L0V7O1V2A1S7L0H1G3N2F2O2C4,2025-04-02,300,300,255,0,0,255,0,0,45,true,false,,,,,300,0,api_only_pass,2026-10-01T12:03:41.573Z,,bf325eaf4ba85f49e4d9d785873f0c4753a278876032c4b97a229deba894542f,
2201697,PRC_N2L4L0K7S0S9R1R4Q2Q1P5W4X0W8W2,2024-09-26,300,300,196,0,1,196,0,1,103,true,false,,,,,300,0,api_only_pass,2026-10-01T12:04:12.782Z,,caaf822c1d2eb9ca8b622c49460549d244f0a64ba2b50b61c90a5d2215cba431,
2201704,ARC_H2X4J0Q7K1B2E1F7M4T8K3E9Z9Z1N8,2024-09-26,300,300,213,5,12,213,5,12,70,true,false,,,,,300,0,api_only_pass,2026-10-01T12:04:12.761Z,,97a9d9906be7c6f3d1c504567ad72edc033268110c51e6e65097b31e6131d1c6,
2201718,ARC_P2A4R0T7T1K2W1C8P5E4O0Z4O7N3H9,2025-03-13,300,300,250,0,8,250,0,8,42,true,false,,,,,300,0,api_only_pass,2026-10-01T12:03:46.004Z,,54b6790a573ccd827df961f38200309bf6702586ea444726f456eb605d9c592e,
2201739,PRC_N2V4W0U6U1T0T1S5S3O1M5N2M4M5K9,2025-07-03,298,298,256,0,2,256,0,2,40,true,false,,,,,298,0,api_only_pass,2026-10-01T12:03:35.878Z,,5d275ea21f3848d8c66802f9ef4b1a02308ff1bb68d668b058387c1d4ee84141,
2201745,PRC_E2D4E0C7C1A0B1X1X1W3U3V4T3U8C8,2025-02-27,300,300,237,0,2,237,0,2,61,true,false,,,,,300,0,api_only_pass,2026-10-01T12:03:51.306Z,,f01738cafb5cf7cd534b38d0fde92bc1dafc24c3f4b14c3c1bf124d6ac5bb034,
2201785,ARC_E2I4S0I7L1T6Y1U0D1L9Z3B3T0T9S9,2024-11-14,300,300,263,1,2,263,1,2,34,true,false,,,,,300,0,api_only_pass,2026-10-01T12:04:09.554Z,,599a5ca94f76dda3bb026f4de089cb42823e53cca6828622b4447b9bf84bd69c,
2201804,PRC_L2K4S0S7R1R5P1O0P1W3X2V5W1V8T4,2024-11-14,300,300,290,0,1,290,0,1,9,true,false,,,,,300,0,api_only_pass,2026-10-01T12:04:09.531Z,,4d1286fda58c276f29ff816187ef0a632e416adc9705d34a889d55295fbaa027,
2201825,PRC_L2K4K0I7J1R2P1Q2O1P0N3O2W6U7V0,2024-09-26,300,300,229,0,0,229,0,0,71,true,false,,,,,300,0,api_only_pass,2026-10-01T12:04:12.634Z,,2fb38d68ee9ea512f4385f9e7f332266bad1f34c55cb3ae47002e0489bd9091f,
2201828,PRC_Y2W4X0F7G0E1E1C3B5C8J5K7J7J1H5,2024-11-14,300,300,283,0,2,283,0,2,15,true,false,,,,,300,0,api_only_pass,2026-10-01T12:04:09.420Z,,651d9e7e9831d2feddef23620a2f37c8440459635dfa38ffd1564f2a66efd127,
2201838,PRC_S2T4R0S7Q1Q1Z1X0X4W8X2V9V9D9C1,2025-03-13,300,300,241,0,3,241,0,3,56,true,false,,,,,300,0,api_only_pass,2026-10-01T12:03:46.015Z,,a0de834baf97f0ab6c035287501d414282418c66c05e64044f0b938a941546c5,
2201848,PRC_X2F4G0E7F1D1E1C0C5K1J0J1I2I9G4,2024-12-27,300,300,159,0,0,159,0,0,141,true,false,,,,,300,0,api_only_pass,2026-10-01T12:03:57.504Z,,b1f453e110fd0802bbe87de708f64845151d78e30879c0d3d3794419671b01fd,
2201849,PRC_X2X4V0W7U1C1D1B0C5A3Z1Z8H6I3G1,2025-11-13,298,298,236,0,1,236,0,1,61,true,false,,,,,298,0,api_only_pass,2026-10-01T12:03:25.088Z,,8c5a9cd9dd41f511199e9bd7dd0a153782caa1019813d6f0bbac10d32d372f2a,
2201852,PRC_J2J4I0G7H1P6P1O5O5M1L2M3H9I3G0,2025-07-03,298,298,255,0,5,255,0,5,38,true,false,,,,,298,0,api_only_pass,2026-10-01T12:03:35.795Z,,12a50f7e49ae74ddeacb2ee9b3700ad0d118ea785f53ef0a1cc554443adf6b53,
2201853,PRC_Z2A4Y0U7U1S1U1S0S4Q7R0Z6X7Y1W0,2024-12-27,300,300,182,0,0,182,0,0,118,true,false,,,,,300,0,api_only_pass,2026-10-01T12:03:57.457Z,,55c26a18067efd78f285f2f7f038494e5afd629aa9a12b0eef492ce25288b37e,
2201864,PRC_T2R4Z0A6Z0Z7X0W9W5E9F5D2E6C5B4,2024-12-10,300,300,279,0,4,279,0,4,17,true,false,,,,,300,0,api_only_pass,2026-10-01T12:04:03.381Z,,3ac99c04c2f9100363b7c1f0c4ce76ec74f3f3f102a4173f0306a071b55f7484,
2201912,PRC_D2B4D0K7L1J5J1I0G1H6P1Q0O0O8N2,2025-04-02,300,300,250,1,7,250,1,7,42,true,false,,,,,300,0,api_only_pass,2026-10-01T12:03:41.578Z,,cdcc93ed6472bfda0b36de16f1b3a2a545d3d0a4246659a3f6dbf54c58fe7e56,
2201929,PRC_Q2X4W0V7T1C7Z1E6D5A7J4I2H1N0M4,2024-09-26,300,300,226,0,2,226,0,2,72,true,false,,,,,300,0,api_only_pass,2026-10-01T12:04:12.578Z,,b413c50e7a95f6034dd787bdc4e9860e4b01e34831e8b16af04145f8dbcfec62,
2201941,PRC_F2D4L0M7K1L5J1I7I3E9F2D0D3C7A4,2025-07-03,298,298,262,0,0,262,0,0,36,true,false,,,,,298,0,api_only_pass,2026-10-01T12:03:35.819Z,,2a924d937a8483c260e0fc5395989d70ef6a989320c549d36fca069b9f550549,
2201962,PRC_O2M4N0L7J1K6S1T3R2P7Q1O9P3X6X9,2025-02-27,300,300,200,0,1,200,0,1,99,true,false,,,,,300,0,api_only_pass,2026-10-01T12:03:51.223Z,,f3ad757a11c3a10b47c0c98d2cc3ce2be8a42a9da0004884ce721a68f2c66e10,
2201971,PRC_M2K4L0K7K1S6Q1R3P5Q4O1P1E6C4D5,2024-11-28,300,300,249,2,8,249,2,8,41,true,false,,,,,300,0,api_only_pass,2026-10-01T12:04:07.256Z,,33a63e1c7af30e9e450d20903f03ef95c339d84331ee234c625745877963756e,
2201973,PRC_W2E4F0D7E1C6A1B1W4Y0W5W1U5T2U4,2026-01-29,295,296,203,0,2,203,0,2,90,true,true,203,0,2,true,296,0,web_repair_pass,2026-10-01T12:03:12.897Z,2026-10-01T12:07:27.105Z,9250e7fdbd8f60baecaef6ce39f182f448a36ff0d7d926fa657e4c56ae9e8a5c,1c0662a79eb258278c93e4cc3cc18b02482add6f032b15bea30cf49a04994d6c
2201983,PRC_H2P4P0O6U2T0S1Q0P5M7U0U7S3R1Y1,2024-12-27,300,300,155,1,4,155,1,4,140,true,false,,,,,300,0,api_only_pass,2026-10-01T12:03:57.412Z,,d04009ade05b1e561ae8534fa843733275e2c4c676805c185c0dba5d27234863,
2201998,PRC_O2P4N0M7M1K7L1T0S2S2Q3R8P4Q8Y7,2025-04-02,300,300,257,0,0,257,0,0,43,true,false,,,,,300,0,api_only_pass,2026-10-01T12:03:41.398Z,,fa3aedf2c29680c3caef1c13f058306d0d013214c8db165f8e8bafc5ce9d600c,
2202002,PRC_I2F4B0Z7Z1X7G1P4L2B9A5X0F4F2D6,2025-07-03,298,298,256,0,1,256,0,1,41,true,false,,,,,298,0,api_only_pass,2026-10-01T12:03:35.657Z,,5b3e46ba8f2a44a388b52769d9f404e68312666e6aeb1d1c1f314754c0ce7714,
2202004,PRC_D2B4J0K7I1J2H1G3G1O4P0N4N8M9K4,2024-11-28,300,300,256,0,4,256,0,4,40,true,false,,,,,300,0,api_only_pass,2026-10-01T12:04:07.183Z,,8fdbf18949dda677828010d0f6924d6e75c9571e7b134ae189d7fe2be1eeb78e,
2202011,ARC_K2W4D0G7Z1T9A1F6Z0R2U1W1K3L0D0,2024-09-26,300,300,192,1,2,192,1,2,105,true,false,,,,,300,0,api_only_pass,2026-10-01T12:04:12.677Z,,206e8dd470e8327fd730ac49cfc810de63101aa413e655142686b5b3313c95bf,
2202049,ARC_B2U4U0H7N2J2O0N8R5I5F1J9G2D2U5,2025-01-08,300,300,258,3,6,258,3,6,33,true,false,,,,,300,0,api_only_pass,2026-10-01T12:03:53.269Z,,9c1e03e8cd724451daae43eb2e166af8aa0c7c3b1c6557e76015d99c1ec340cb,
2202050,ARC_X2E4R0A7P2P2E0M8C5K5R2F6N3K8U9,2024-09-26,300,300,203,0,0,203,0,0,97,true,false,,,,,300,0,api_only_pass,2026-10-01T12:04:12.439Z,,e0937710220662d53957e9cae96f3b2e730ed727613ab26e8a459ac5d1fe7333,
2202051,ARC_C2A4M0W7H2E2U0L8Z5W5D3P2U7T2A3,2024-09-26,300,300,201,0,0,201,0,0,99,true,false,,,,,300,0,api_only_pass,2026-10-01T12:04:12.448Z,,8ba0608ae43d6e871b5495baef1c3186456e88c331410534bc82b21c32c731b6,
2202077,ARC_I2D4F0O7H2W2G1M1X0J2E2T3O1Z9M3,2024-09-26,300,300,186,0,2,186,0,2,112,true,false,,,,,300,0,api_only_pass,2026-10-01T12:04:12.472Z,,02d696f94f00bb44613ed7b0fd2ccab237ce419b7bdf39e4e04d50526d2bce6c,
2202082,ARC_M2Y4A0O7R2P2G1H3T2G6D1Z9G9L0T1,2024-12-27,300,300,167,0,1,167,0,1,132,true,false,,,,,300,0,api_only_pass,2026-10-01T12:03:57.372Z,,9d408f43ee868428b4b114edfed460e589f3c8cf4c1890f7be4b7f86b50148d4,
2202088,ARC_L2I4C0H7N2N2W1M4Z0A6N2C0H4J8R1,2024-09-26,300,300,186,0,3,186,0,3,111,true,false,,,,,300,0,api_only_pass,2026-10-01T12:04:12.279Z,,a5056caa45dd8c01d3e9d62acfaeb978c4092a63e11e2e4fe8ee11e1a9a55133,
2202089,ARC_G2N4B0O7H2D2T1L4W1X3C1V2E4Q2P6,2024-08-28,300,300,293,0,0,293,0,0,7,true,false,,,,,300,0,api_only_pass,2026-10-01T12:04:15.094Z,,6d18457c8719d3720fe597fae9f3316c8d71777d8ceb6f739aa37e2b02bfdfad,
2202093,ARC_E2I4I0Y7R2I2T1N4C1N9T0A8G7V9J3,2024-09-26,300,300,189,0,2,189,0,2,109,true,false,,,,,300,0,api_only_pass,2026-10-01T12:04:12.271Z,,5815d5c273f3c8dc0cd0d05dfb5a5770f66c56c2b4dd1f3040028752c316e731,
2202095,PRC_X2U4T0Q7T1S8R0Z9W1V9E5D1A5I7G0,2024-12-10,300,300,258,1,3,258,1,3,38,true,false,,,,,300,0,api_only_pass,2026-10-01T12:04:03.429Z,,8566c504bc5ae535725aa8de58eb0cdf96e7eb06562f12e2de8b6d3b23cdbda7,
2202096,PRC_W2V4U0B7B1H8G0G9M1L8K1J5P0N3M4,2024-12-10,300,300,256,0,5,256,0,5,39,true,false,,,,,300,0,api_only_pass,2026-10-01T12:04:03.202Z,,c34bc845c3186d88c415b2330d3db17091a32f4430c8d91a3017377dfe9f5a48,
2202098,PRC_F2D4C0D7B1B5J1K5I2J8H0F0G7C0D1,2024-09-26,300,300,192,0,5,192,0,5,103,true,false,,,,,300,0,api_only_pass,2026-10-01T12:04:12.284Z,,326a177c8db0fbeacd06cb0712eddb440a5ddcb6f8a48429dd6b6c110e1724b7,
2202113,ARC_I2N4U0O7X2Y2Y1C7K4H1Z4Z5B4A2R3,2024-09-26,300,300,205,0,0,205,0,0,95,true,false,,,,,300,0,api_only_pass,2026-10-01T12:04:12.088Z,,692a6982f2ba4f1fad1090a84aef9c5b00b175f100161aec6544c5b454ebbc73,
2202137,ARC_I2U4I0G7M2E3F1X1T2J7U4J2V7F3O7,2024-09-26,300,300,213,4,7,213,4,7,76,true,false,,,,,300,0,api_only_pass,2026-10-01T12:04:12.059Z,,ff1ede8b9869ff5c6abef91a221eceb6d28bb6ce2a546ec1a0626e9ec328b21b,
2202145,ARC_J2F4J0M7X2Z3R1G4H1B0L2C1H8Q8P8,2026-08-26,284,299,216,2,10,206,1,8,69,false,true,216,2,10,true,299,13,web_repair_pass,2026-10-01T12:02:35.823Z,2026-10-01T12:06:06.682Z,34f6a9010a670ab8215f3df75c84609087565be488bb46be175e65704bf5c22e,ba3ec573c88c756a64c6e3d77cf0182474c58dc54bfda21f32be9ebd60087168
2202148,PRC_Q2R4N0L7J1K0R1Q0R0P7P0N7O0W6X0,2025-01-08,300,300,258,1,4,258,1,4,37,true,false,,,,,300,0,api_only_pass,2026-10-01T12:03:53.099Z,,63c2d075ec1402aa82df0e9dc5903e2974d1c20b813dc85fdbf3f070f1a04fd6,
2202151,PRC_X2T4R0S7Q1R7P1X0Y2W3X2V9W4U8V1,2024-09-26,300,300,195,0,2,195,0,2,103,true,false,,,,,300,0,api_only_pass,2026-10-01T12:04:12.092Z,,60de975cefbe623dffe3bdf09a68c56258c113d6063dc8c6ce0112784c0baf44,
2202153,PRC_C2A4A0Y7Z1H7I1G0H1F7D5E2M0N9L7,2025-08-27,298,298,158,0,1,158,0,1,139,true,false,,,,,298,0,api_only_pass,2026-10-01T12:03:30.255Z,,893c0293cb8a3b1359e3e040ec9a18314cd15eb4c90b189e7ee8fc1af14fe7df,
2202154,PRC_S2R4P0Q6Y2W1V1U5U1D4C3A4Z4Z8H1,2026-02-12,295,296,158,0,0,158,0,0,137,true,true,158,0,0,true,296,0,web_repair_pass,2026-10-01T12:03:07.739Z,2026-10-01T12:07:16.383Z,2f65007528eacc75cb3b395a6d3783aa9660e590c7e548a11172c6f61e857553,6f8c18b7e47d41b9b69a6324d1f5e83a8c803e0d561597a216888dde19f0769e
2202156,PRC_X2E4D0C7Y1X8U1L5K4E2E4C9B4K5J3,2025-04-02,300,300,257,0,2,257,0,2,41,true,false,,,,,300,0,api_only_pass,2026-10-01T12:03:41.403Z,,8c9ec662c40544384762f82979c317c98a5e0bf5332b5559b92b249cb7c334ef,
2202171,ARC_D2A4K0M7H2W4T0B9Z1C2D5L1P6S9F2,2024-09-26,300,300,213,4,11,213,4,11,72,true,false,,,,,300,0,api_only_pass,2026-10-01T12:04:11.922Z,,0ebfa294a5e68094b754f253f82a57608c688e1b18135ac416249dc0206c526b,
2202184,ARC_I2Q4B0R7T2S4I1E1P3Q3I5E8S1G2O2,2024-09-26,300,300,225,0,3,225,0,3,72,true,false,,,,,300,0,api_only_pass,2026-10-01T12:04:11.911Z,,9416cc076209671bb0e674c5ce56b5609a02712bdf496393ec73d3cee6c86497,
2202196,ARC_Y2U4Y0J7R2E4X1Y4B0C5D1T9I8C6Q1,2024-12-02,300,300,288,0,1,288,0,1,11,true,false,,,,,300,0,api_only_pass,2026-10-01T12:04:04.647Z,,01327b88d74154c37acf3e61a121851155a58fe75552dddd434f7debc2e85f11,
2202199,ARC_R2M4D0F7B2T4I1C4N3S0W0Z0O1A9C7,2025-04-02,300,300,258,0,0,258,0,0,42,true,false,,,,,300,0,api_only_pass,2026-10-01T12:03:41.335Z,,7a03e9bd5d085feeb48786e1effed1e1b48b7c0e2ffa2861775da2d33799a33b,
2202216,PRC_J2I4R0P7Q1O9N1V4W4U7T1R3S0O7M6,2024-09-26,300,300,205,0,0,205,0,0,95,true,false,,,,,300,0,api_only_pass,2026-10-01T12:04:11.957Z,,36c6278c3ce3b85a5d84782bdf9593c3efb62dee57315dee07b42e6e2d69e110,
2202256,PRC_C2C4A0W7X1V5W1U8V0T8T0B6A5A2Y4,2025-02-27,300,300,204,0,2,204,0,2,94,true,false,,,,,300,0,api_only_pass,2026-10-01T12:03:51.320Z,,27822310a25f809c43d327c11130a732f96806b20d7da599d170ccc38950298b,
2202261,PRC_D2C4L0I7H1Q8M1L3U1I5I2Q0M1M3U8,2024-11-14,300,300,284,0,1,284,0,1,15,true,false,,,,,300,0,api_only_pass,2026-10-01T12:04:09.360Z,,d51af1698d420b242837672e2e97b32ae7cc7356b43a16d396a2dbebbb819b7d,
2202274,ARC_I2G4D0H7M2B6S1F0Y4R3R1M6I3E6D1,2024-09-26,300,300,247,0,5,247,0,5,48,true,false,,,,,300,0,api_only_pass,2026-10-01T12:04:11.773Z,,aec165c16e7a6491e2bcebb5acab42bf9faeab9f9d7dede8812133c2b51f462c,
2202276,ARC_Z2N4T0B7F2L6O1R0O5O3P5B0K9Q1O8,2024-12-31,300,300,266,4,15,266,4,15,15,true,false,,,,,300,0,api_only_pass,2026-10-01T12:03:55.063Z,,56d839ffa59e1b4890967620512c0920b01dac45b0eb3088d8cfbb6c7a36f637,
2202286,PRC_U2V4T0B6C2A8A1Z4A4Y4G2H4F6G3E7,2025-12-02,298,298,239,1,4,239,1,4,54,true,false,,,,,298,0,api_only_pass,2026-10-01T12:03:21.412Z,,3f14b2b23d92510779cea5e69f4b6ba117b0a58161d2d31d2ef86de1cd2bcd9e,
2202293,ARC_J2Z4N0D7V2H6F1A3S4I9C5X1W1V3Z6,2024-09-26,300,300,257,0,0,257,0,0,43,true,false,,,,,300,0,api_only_pass,2026-10-01T12:04:11.746Z,,2a207607866c91b1c2e44e97b4d120782c024459b5113e8d52df9d6e5bef3ce9,
2202298,PRC_I2J4H0H7Q1O1O1N2O5M3U4U4T3U9S9,2024-12-10,300,300,280,0,3,280,0,3,17,true,false,,,,,300,0,api_only_pass,2026-10-01T12:04:03.159Z,,976e02385dbf8fd499d0007ec45e0a0d005b69c622043c66c3a152d3ab29ae3f,
2202299,ARC_K2D4L0M7W2X6M1S4O2B5Y3P8S7F0C8,2025-04-02,300,300,256,1,4,256,1,4,39,true,false,,,,,300,0,api_only_pass,2026-10-01T12:03:41.244Z,,a5d3ffd784e89652a260c7e0e626b59dd28491364dfc0330695fa4664884f58e,
2202300,ARC_V2A4Z0C7M2G6P1U4T4C8Q1Z6K3E0H7,2025-02-27,300,300,184,4,8,184,4,8,104,true,false,,,,,300,0,api_only_pass,2026-10-01T12:03:51.139Z,,a6ae9d659015fade2cfb8af159bfb3457882b08378069706d68749e70e475372,
2202306,PRC_X2W4V0R6P2O7P1N4U3C0B5A6A2Z3I5,2024-12-27,300,300,158,0,0,158,0,0,142,true,false,,,,,300,0,api_only_pass,2026-10-01T12:03:57.288Z,,9e7f56a62048b6e375d39f35d4c3b940bb642eac0465352137410a5f85599fd9,
2202357,ARC_M2L4B0U7P2L9B1L6L3X4K5Y6E6A5A2,2025-05-01,300,300,265,0,4,265,0,4,31,true,false,,,,,300,0,api_only_pass,2026-10-01T12:03:39.021Z,,401b4477f9aea6fb3636374853059c00b32327307f66cc976c5f13b3e36b8c1a,
2202388,PRC_H2L4M0U6T1R8Q1R4Z0X3W1W8W2E2C8,2025-03-20,300,300,242,2,10,242,2,10,46,true,false,,,,,300,0,api_only_pass,2026-10-01T12:03:42.870Z,,acc29a97b9041cc05dae6b7dcf963ba7d36f121c73dc2cf3ca52a7db03ee42ac,
2202389,PRC_B2Z4Y0Z6X1F8E1F4E0C4Y4W2X6W3V7,2025-03-20,300,300,246,1,11,246,1,11,42,true,false,,,,,300,0,api_only_pass,2026-10-01T12:03:42.876Z,,4d7dcc22abdba795826924971ce7c6ac9e81775e58048b93e772cae29ad27f7f,
2202390,PRC_Z2A4Y0X6F1G8F1D4C0K2I3J9I2K4J0,2025-03-20,300,300,247,1,8,247,1,8,44,true,false,,,,,300,0,api_only_pass,2026-10-01T12:03:42.796Z,,9759a99d1f6aca739e547743b67a9919bb066cca80736c5a6dcb64e9e52c41db,
2202396,PRC_Y2X4F0D7C2D5B1Y6X1V9T4U0D3B4B4,2025-02-27,300,300,238,0,2,238,0,2,60,true,false,,,,,300,0,api_only_pass,2026-10-01T12:03:51.088Z,,b5e8868f31088e313eddaaae7f5e15dc82405ea089e044ed6f45170ed7c8714d,
2202397,PRC_G2F4G0O7N2L5K1K6T2R0T2S8A0Z6X3,2024-12-26,300,300,275,0,1,275,0,1,24,true,false,,,,,300,0,api_only_pass,2026-10-01T12:03:59.422Z,,96b5198ae8a716ae8b75d8083de8d49574f4ea7c802d81f7419b970c35830998,
2202417,PRC_Z2A4I0N6L2U4S1R4P3Q8Y5X7V9W0V8,2024-12-27,300,300,184,0,0,184,0,0,116,true,false,,,,,300,0,api_only_pass,2026-10-01T12:03:57.277Z,,f70b8eac45ab833d5a1cb4294b08610e6fce7d0016b0c2b69844a2f1418fd32c,
2202422,PRC_V2D4C0B6Z2A4W1V4T4R4A3B3A3Y2X1,2024-12-27,300,300,179,0,2,179,0,2,119,true,false,,,,,300,0,api_only_pass,2026-10-01T12:03:57.239Z,,62d286b23b2f2f834bd46bac1bd1f0cf41b8fa1e5b8da7f2c9efdb7f44cf7538,
2202433,PRC_T2S4T0A7B0Z3Y1Y0X0X0T4T6S3Q4R4,2026-08-26,284,299,225,0,0,212,0,0,72,false,true,225,0,0,true,299,13,web_repair_pass,2026-10-01T12:02:35.844Z,2026-10-01T12:06:06.693Z,a86a04a391e8adb7db154f5197865275b0dc20fc39b0cd9ede2ef3d4c64337aa,c3af97a18bc7ad7667d75a6ab6190dc6a1159cec16f3b89a95c4cf6a638646c5
2202444,PRC_B2U4G0H7Y1F7C1X7H3D1A3O8J9V2Q2,2024-08-05,300,300,177,2,0,177,2,0,121,true,false,,,,,300,0,api_only_pass,2026-10-01T12:04:16.154Z,,7dd5850b0e4befebb70e44f4818e89a0dcc5d24d13941ed526aac7d3d0d8f99a,
2202451,PRC_W2J4G0R7Q1P8Q1G7B4C4K3G4A7L7V6,2024-08-02,300,300,186,1,0,186,1,0,113,true,false,,,,,300,0,api_only_pass,2026-10-01T12:04:16.389Z,,22af9375f9f3489e8d92633609c44ca64da583b0a14414809fffc1cff30cac4f,
2202455,PRC_E2M4L0K7J2J5S1R8P1O3W0V6U0S9T1,2024-11-14,300,300,288,1,0,288,1,0,11,true,false,,,,,300,0,api_only_pass,2026-10-01T12:04:09.407Z,,f14cb842ae0e0d58bbf13c1eb227442f9f55d3542140c230907e292f2ab6ea62,
2202456,PRC_F2D4C0D7Z2F5G1F1E4C2L2J9I1H3I9,2025-07-23,297,297,222,1,3,222,1,3,71,true,true,222,1,3,true,298,0,hold_tenure_boundary,2026-10-01T12:03:32.881Z,2026-10-01T12:07:31.006Z,b297e73e9dab12b0c62cc8602106795644ecbf0f521cd4ab5361fb59e9bf0acd,875c2880ab21aa20e86e1b7e36dd839ecbe7836c0ef90083a59dfd819f60a2d9
2202457,PRC_H2P4X0W6U2V6T1Q5O2N8N4M2U5S5R4,2025-12-02,298,298,221,3,12,221,3,12,62,true,false,,,,,298,0,api_only_pass,2026-10-01T12:03:21.334Z,,00f451ecb61f19665ffc5b2edbbd807c729a807233f91ecd066f2054de115cbe,
2202488,PRC_E2D4B0A7I2H6G1H6F4C2A4Z9X8G7H5,2025-01-08,300,300,263,1,4,263,1,4,32,true,false,,,,,300,0,api_only_pass,2026-10-01T12:03:53.079Z,,3e63858a54cd80d6d9c986dd0c6c133d0f7771bd8e8d85327230600e18782df8,
2202498,PRC_J2I4G0G7F1G0N1M6M1K3M2K4K9G7E9,2024-12-27,300,300,169,0,1,169,0,1,130,true,false,,,,,300,0,api_only_pass,2026-10-01T12:03:57.121Z,,d6b06657fc9f03717fa2ef150582b685d7f4a92de79ab26bfe1450e9f2cbd975,
2202507,PRC_E2F4D0E7M1M0K1J6K0I3I2R5R7P1O3,2026-02-12,295,296,155,0,1,155,0,1,139,true,true,155,0,1,true,296,0,web_repair_pass,2026-10-01T12:03:07.666Z,2026-10-01T12:07:16.323Z,efe7e79cbec079065e056e5c048439cbcee6a64a6ccb3fa98e23563a244818ec,54b95c6c43205b094bcc4963a1d1c57d1ba8dabcc28d08e1782c78fc747e7367
2202518,PRC_R2Q4P0W7W3U0D1E6D0B1Z5I8H7F5E8,2025-07-03,298,298,256,0,2,256,0,2,40,true,false,,,,,298,0,api_only_pass,2026-10-01T12:03:35.607Z,,11de878bf16cc9cd3c46524e1a4b16f211f995a48e8de39cf018c40c745be7e6,
2202525,PRC_W2N4M0L8E0A2F1D3M4Z9T1M2W7E8L2,2024-08-02,300,300,188,0,0,188,0,0,112,true,false,,,,,300,0,api_only_pass,2026-10-01T12:04:16.357Z,,fbf7ba4ae9564d5e33511501088420c77e0324b2fea878b20faac560e87c4ab4,
2202548,PRC_H2D4B0C7A0B5Z1H3I4G8G3F2G0E3M1,2024-12-10,300,300,279,0,4,279,0,4,17,true,false,,,,,300,0,api_only_pass,2026-10-01T12:04:03.240Z,,e9bb4fcc4be7c08dca8386b10ffde80c5c604fa5c89817d60dd9cf09b3dcc954,
2202558,PRC_E2C4D0B8J0K2I1I3G0H8F3G9O9O3N9,2024-12-31,300,300,222,28,31,222,28,31,19,true,false,,,,,300,0,api_only_pass,2026-10-01T12:03:55.045Z,,851a3b4f62eb650ff8d0c2a7bfc5682e87262200e591c23f852fba1b46def06a,
2202638,PRC_Y2Z4X0Y7W1X1T1R4R3P5Q2P5P7X3W8,2024-12-27,300,300,178,0,5,178,0,5,117,true,false,,,,,300,0,api_only_pass,2026-10-01T12:03:57.091Z,,d29decd899f0da25e8ae9927a37da59a45360ffa055c3432d1248a37368581ca,
2202653,PRC_I2I4G0F7G0N3O1M6N4M0K4K4G0H5F4,2025-02-27,300,300,185,0,2,185,0,2,113,true,false,,,,,300,0,api_only_pass,2026-10-01T12:03:51.093Z,,39a73073be44bf7e43780eb0dcf358a3191fc00cd93477a147d9689b1d1dd68e,
2202694,PRC_X2V4W0U7V0C3B1C3A1A8Z3A9H8I9G1,2025-03-13,300,300,244,0,2,244,0,2,54,true,false,,,,,300,0,api_only_pass,2026-10-01T12:03:45.870Z,,c63406f416634cda996ea9f3a59b73b02472a32183a68c96fd5e977a36823a4c,
2202698,PRC_N2M4N0L7L0K3K1S3Q1R9Q3Q2O5W0X6,2024-12-02,300,300,285,0,1,285,0,1,14,true,false,,,,,300,0,api_only_pass,2026-10-01T12:04:04.780Z,,8ba61f6bfad19faa5fde6535a1964a3ed8ed098b6758edaa688ba395f2ddd267,
2202724,PRC_A2A4Z0Z7H3I1G1H3F4F5E4A5A5Y8Z8,2026-03-12,294,295,175,0,6,174,0,6,114,false,true,175,0,6,true,296,1,hold_tenure_boundary,2026-10-01T12:03:03.582Z,2026-10-01T12:07:07.882Z,9bc80901bfde444a52df36f51da68112d687b78c689162fc61a298f8b5b047a9,62c928b42384fc05b954faf4d88cd4527ceee3a182cecd23cc6883c7ca70d5cf
2202741,PRC_W2S4Q0Q8P0Q2O1O6W2V7V1T4U0T0T9,2025-12-02,298,298,217,0,3,217,0,3,78,true,false,,,,,298,0,api_only_pass,2026-10-01T12:03:21.248Z,,8fda7991e98949f9283a9a835ff345b8d9d6d009d813a31f09a806a9bd707934,
2202752,ARC_J2E4C0Y8W1V2L2N0W3J9T4D9E0V4B1,2024-08-28,300,300,289,0,0,289,0,0,11,true,false,,,,,300,0,api_only_pass,2026-10-01T12:04:15.037Z,,d7f39adc03d1af45f10b54d8f862f11da0a373895bba539710a3969131882f47,
2202753,ARC_P2C4S0L8H1Z2D2E0U4L0N0F2O1W0C8,2024-08-28,300,300,292,0,0,292,0,0,8,true,false,,,,,300,0,api_only_pass,2026-10-01T12:04:15.062Z,,896346e37784e196472e6d79ab90b302c118860e4ba3155dc07d7c74f9f76a89,
2202754,ARC_P2V4R0B8U1H2C2E0N4K2J5R1F9X3E0,2024-08-28,300,300,291,0,0,291,0,0,9,true,false,,,,,300,0,api_only_pass,2026-10-01T12:04:14.893Z,,d030ee5005772ee7de51f3418b9b00b1f9ed632996705d21ecb4b2ca9c240265,
2202755,ARC_H2E4I0T8D1G2Q2Z0G4P5L5Q2C9R3G8,2024-08-28,300,300,291,0,0,291,0,0,9,true,false,,,,,300,0,api_only_pass,2026-10-01T12:04:14.924Z,,18ec4c71d9ba2513dc887844e461e63669ab4a0d83c91b70e8edc1cd5e3eb0bf,
2202760,PRC_W2W4V0U7C2B6I1H9I4H1F0V9U5T8S0,2024-11-28,300,300,252,2,5,252,2,5,41,true,false,,,,,300,0,api_only_pass,2026-10-01T12:04:07.109Z,,802cf890275c20148c62b60acee35442faa27836786fca4a72d9a8f5d4b40ae2,
2202783,PRC_Y2W4W0J8I0I8G1H6F4G7B3C2B8B9Z7,2025-01-08,300,300,266,1,3,266,1,3,30,true,false,,,,,300,0,api_only_pass,2026-10-01T12:03:53.083Z,,8ad9242d03359c6a8c07cbe709a641f0d9f3ffbab5071aec3849d43fc3cd0974,
2202816,PRC_E2L4K0S7R2P5O1K6J3J5I4H8P1N2M0,2024-12-02,300,300,286,0,3,286,0,3,11,true,false,,,,,300,0,api_only_pass,2026-10-01T12:04:04.688Z,,a207a580799bbcd7bdebffbb5f6ea507886f3c4cba36b9757d0d4d5943918a1f,
2202819,PRC_Z2A4Y0G8H1F2F1E1F1D5D1L8J8K3I0,2024-12-10,300,300,270,0,0,270,0,0,30,true,false,,,,,300,0,api_only_pass,2026-10-01T12:04:03.055Z,,46a3aaa8349293a50b5edab890921fcce46173cc8944c834103196662a179bea,
2202909,PRC_R2R4Q0Q8P1P2O1O0K4K0I1H5I1G8G1,2024-12-26,300,300,262,0,11,262,0,11,27,true,false,,,,,300,0,api_only_pass,2026-10-01T12:03:59.391Z,,924ff90ecd2716876bb9b2087e0fc33e39d7dbff51c4d9897bdeefe2e727f308,
2202911,PRC_L2L4T0U8S1T2R1Q0Q4Y1Y3X9Y7W0U6,2024-12-10,300,300,278,0,6,278,0,6,16,true,false,,,,,300,0,api_only_pass,2026-10-01T12:04:02.989Z,,7d265cdf58188027fb629c84cd64fa8a409b0386973c7dc7ff2e98e747a3dfb1,
2202956,PRC_O2P4N0L8M0S9S1Q8R3Q5X4Y1W5X3V2,2024-12-26,300,300,273,1,5,273,1,5,21,true,false,,,,,300,0,api_only_pass,2026-10-01T12:03:59.361Z,,2b06d61ee86f057aa9e964a9b667182a472c1194f7beca717334b1486fcc7fbb,
2202963,PRC_Y2W4X0V8W0V1C1D6B4C1A1Z7Z0H1H1,2026-04-23,294,295,169,0,1,168,0,1,125,false,true,169,0,1,true,295,1,web_repair_pass,2026-10-01T12:02:56.011Z,2026-10-01T12:06:50.014Z,75294efe0c5f595762ab91e11aef8de6213ad695597988eb8522b7cc90c31097,ef9b86bb0f73ac21226077403e1ac86f486e5319756c90a6ce2b708594a090f8
2202967,PRC_I2G4F0F7N3O0M1L7L0J5K1S7S5R0R7,2025-10-26,298,298,199,42,18,199,42,18,39,true,false,,,,,298,0,api_only_pass,2026-10-01T12:03:28.985Z,,ffb48d5ed89f0d4c5258ce2539024c781cf903b1e7458b7de0712c59239122bf,
2202989,PRC_H2I4G0G8E0D8E1L6M2L1L2J0Q8P3Q2,2025-04-02,300,300,248,0,0,248,0,0,52,true,false,,,,,300,0,api_only_pass,2026-10-01T12:03:41.190Z,,42ecf8cd5317e062ca5e4fb0d99393ff42754b7b7ae3e87b89f34fa7c02a25aa,
2202994,PRC_N2M4N0I8J1H3I1G1H0F1G1N5O4N3L9,2025-12-02,298,298,210,3,8,210,3,8,77,true,false,,,,,298,0,api_only_pass,2026-10-01T12:03:21.201Z,,fd0ee2328a52b90a6ed04756601daaeceb2fd009865ab03dec9ff23b28492c38,
2202995,PRC_Q2M4M0L8J0J8I1J6Q2R2Q3O6O5N3N3,2025-04-02,300,300,253,0,0,253,0,0,47,true,false,,,,,300,0,api_only_pass,2026-10-01T12:03:41.123Z,,feea9db99a99b27a664bde9b32b43802e1b5be13cc310c6d7634121d1cc952d7,
2202998,PRC_B2Z4Z0X8W1X2E1F1D1E6D3B3B5J2K3,2024-12-10,300,300,285,0,0,285,0,0,15,true,false,,,,,300,0,api_only_pass,2026-10-01T12:04:02.982Z,,6e6d84c93c7591c592560fa632252175bdb2af3c7afeb030d8355fd038d3ec25,
2202999,ARC_H2Y4X0Q8R2Q0E1P7E1P1O5D7I3P5I8,2024-12-27,300,300,173,0,2,173,0,2,125,true,false,,,,,300,0,api_only_pass,2026-10-01T12:03:57.087Z,,9487bb3b49fbffe82bdf232ce3b9b168e1ce48f5e2966506da114704eff90d88,
2203001,PRC_F2G4N0O8M2N0L1L4K5S6S2R7R3Q5Q2,2024-11-14,300,300,254,0,1,254,0,1,45,true,false,,,,,300,0,api_only_pass,2026-10-01T12:04:09.250Z,,ab0f59a605334e47dc39e5051072e6a2bf43a842d1975c1d43d61508a2cfc1f2,
2203004,ARC_I2Z4J0K8Y2V0L1O7O2H7M5C8O8X9X6,2024-12-27,300,300,171,0,0,171,0,0,129,true,false,,,,,300,0,api_only_pass,2026-10-01T12:03:56.955Z,,efbe862f8113d07a57fddc8f5cb763b7865f9e386f62d8e32364b814262517d3,
2203007,ARC_V2H4C0R8K2W0A1X7T4K1W2P0V6G5C6,2025-02-27,300,300,275,0,0,275,0,0,25,true,false,,,,,300,0,api_only_pass,2026-10-01T12:03:51.001Z,,379af8257f9747e69f2929c442dd7a46d74c51f8cdec3ca2fcb5108cb0c4c8b5,
2203016,ARC_R2K4N0N8M2P0L1U8P2Z9Z0L8W8X1V2,2024-12-27,300,300,176,0,0,176,0,0,124,true,false,,,,,300,0,api_only_pass,2026-10-01T12:03:56.972Z,,2fa5a5a6c9f7e05a894e2333be5a8482e6dbebc1a0c3b21cac2a506b5d5e9794,
2203030,ARC_Q2A4D0K8P2P1V1D3X1N4D3G7U9H9T5,2024-12-27,300,300,173,0,0,173,0,0,127,true,false,,,,,300,0,api_only_pass,2026-10-01T12:03:56.888Z,,3beaae5e4c0d22de87bf59ce254ed76688a7491fa46bd08f73f9546b3dd419bb,
2203054,PRC_W2U4U0C8D2B1A1A0Y2Z7H5I3G7G8E7,2025-01-08,300,300,257,3,15,257,3,15,25,true,false,,,,,300,0,api_only_pass,2026-10-01T12:03:52.970Z,,8421d481d82545fe5cac917d51b84ff125734eec048c9b39e1f82653cd10eadf,
2203066,PRC_G2F4Z0Y6X1W4E1D7A0I6H5H3F6O9N1,2024-12-10,300,300,285,2,0,285,2,0,13,true,false,,,,,300,0,api_only_pass,2026-10-01T12:04:02.751Z,,c40f2d1648ea2320513b3587025cf31dea4242e167cf7aa1536828eef9ef9864,
2203074,PRC_X2V4W0L8L0K9K1J0J5I3I1Q2O6P0N1,2024-12-31,300,300,270,1,12,270,1,12,17,true,false,,,,,300,0,api_only_pass,2026-10-01T12:03:55.118Z,,a50ee978aa2ca438175f74cd57721642c28c7175e963ddfc09e27cf98ecb9379,
2203078,PRC_B2B4Z0A8Y1G4H1F4G0E1F1D8E1A4Y4,2025-12-03,298,298,238,1,4,238,1,4,55,true,false,,,,,298,0,api_only_pass,2026-10-01T12:03:15.737Z,,b75703b79290c2e1a2cde6b152760502103886644c45e523a3c8ec0beb165964,
2203079,PRC_R2I4I0G8F2F0E1F7M0N0L5K0K5J8J1,2024-11-28,300,300,245,0,1,245,0,1,54,true,false,,,,,300,0,api_only_pass,2026-10-01T12:04:07.048Z,,871d53f07621b323d85aa7e01915902ac8289b8fbe3ecb6cea6eab970d3e0b89,
2203090,PRC_C2D4C0C8A1B4X0V9W1U0V3T4U4B1A1,2025-03-13,300,300,237,0,2,237,0,2,61,true,false,,,,,300,0,api_only_pass,2026-10-01T12:03:45.828Z,,48936dbff9a8bb1640263a6f5c7feb7c28d95fe279c2ede2b0e1073654bb9d5f,
2203091,PRC_C2K4J0H7G2V9W0V9U4S3A3B6A6Y2X3,2024-12-10,300,300,284,0,3,284,0,3,13,true,false,,,,,300,0,api_only_pass,2026-10-01T12:04:02.823Z,,763936ba0f7de65936e4130fde1e882cb70bc097cbf1658c56123753de240769,
2203093,PRC_N2M4U0T7Q1Z7X1X4W0E5B5Z9W8V7U3,2026-03-31,294,295,186,1,0,186,1,0,107,true,true,186,1,0,true,295,0,web_repair_pass,2026-10-01T12:03:00.492Z,2026-10-01T12:07:01.371Z,1944f7b88518169924b0fa8ec9f93a71135a9d9a592fc0d699fd7c2456a3b2c6,8c482d94a76ed13686019e2b460c6be4c36ad62ec27abf7aa30853770a0bc62f
2203097,PRC_N2N4L0M8L1L2K1R6S3R4R0P2O1O6K0,2025-02-27,300,300,196,1,1,196,1,1,102,true,false,,,,,300,0,api_only_pass,2026-10-01T12:03:50.940Z,,9d2cd1f2dcf9bf366d865db9b77bdb15e12303ef00f48b1dda5a2b5b8d7627eb,
2203098,PRC_J2H4Q0Q8O1P9N1O4M2N0I2H6I0G6G2,2024-12-31,300,300,281,1,1,281,1,1,17,true,false,,,,,300,0,api_only_pass,2026-10-01T12:03:54.914Z,,8f11f6edd83ea34a2811956945414e174146de745ad2b1e3ad811fddd30dee68,
2203132,PRC_D2E4C0D8B0B1J1K6I3J9H3I1G9O4P6,2025-02-27,300,300,206,0,1,206,0,1,93,true,false,,,,,300,0,api_only_pass,2026-10-01T12:03:50.944Z,,622fae2c8da3a7f4df0d7b776ab69f2911aed22e865f7ff65816c45013a78501,
2203136,PRC_W2X4F0F8E1E9D1D1B2C9K4I8J6H3I5,2024-12-31,300,300,279,0,5,279,0,5,16,true,false,,,,,300,0,api_only_pass,2026-10-01T12:03:54.879Z,,b5f360862026ff250940dc938e57cd015ffc163166aa806537a7ab8153818ed1,
2203142,PRC_K2J4J0H8Q1Q9O1P1O4O7M3U5V0T5U3,2024-12-31,300,300,266,6,11,266,6,11,17,true,false,,,,,300,0,api_only_pass,2026-10-01T12:03:54.909Z,,dc37f19e51271dc172ae2c400b46b473dcb8e1bd32bc11a0ee056146a38ed44d,
2203145,PRC_V2D4E0D7B2A5I1H0G3H4G5C1A1Z7X0,2024-12-27,300,300,151,5,9,151,5,9,135,true,false,,,,,300,0,api_only_pass,2026-10-01T12:03:56.793Z,,40fec4c253a986d42c7143003088751d1ae38d8fa09e48395ca9abc04b218ca3,
2203200,PRC_O2W4F0D6C2D7C1K6J4H9G4C7D1B1A5,2024-12-26,300,300,277,0,4,277,0,4,19,true,false,,,,,300,0,api_only_pass,2026-10-01T12:03:59.255Z,,3b9f01fd0d0e0dca122e39d6203c3a377073dc3a9d47cb29ff2a21d74a34b2e5,
2203203,PRC_D2F4D0D8Z1Z4Y1W6X2V2W4D6E0D4D4,2024-12-31,300,300,265,1,15,265,1,15,19,true,false,,,,,300,0,api_only_pass,2026-10-01T12:03:54.746Z,,00a8e4216243834934a72ba8b19fee0a404ed29d632309c821e1fce67ce44637,
2203223,PRC_B2J4K0I8I0H9F1G7O1O7M4L4M6K0L9,2025-12-02,298,298,228,0,0,228,0,0,70,true,false,,,,,298,0,api_only_pass,2026-10-01T12:03:21.197Z,,abfaec76232ed82e493d0eab1dc5612266bd60340b7745b982832abb2776144b,
2203224,PRC_Y2K4G0I8V2K7G1T1M0B1Z5W9G5F2Z8,2024-11-14,300,300,286,3,3,286,3,3,8,true,false,,,,,300,0,api_only_pass,2026-10-01T12:04:09.220Z,,11b73caf3289520ec5b020371ad67aaf3acd9c8676d51ce642f04a6af4128be7,
2203227,PRC_Y2J4B0J8K2H7G1E1K1K0W5L6I1N5Q3,2024-11-14,300,300,290,0,1,290,0,1,9,true,false,,,,,300,0,api_only_pass,2026-10-01T12:04:09.196Z,,9fbaf803db54d5e0f3317bd215cb0427901adfa987b678f6e0c7fbeadbfc7155,
2203228,PRC_J2J4Q0P8K2D7P1M1F2W1H0P2C4E0Q5,2024-11-14,300,300,292,0,1,292,0,1,7,true,false,,,,,300,0,api_only_pass,2026-10-01T12:04:09.084Z,,2c5b654c749d755deae03d5ecdcc8b329fbade4a65ea1b794ef0843db887af7b,
2203229,PRC_X2N4P0X8D2O7U1V1O2G4X5G1P7A1P0,2024-11-14,300,300,291,0,0,291,0,0,9,true,false,,,,,300,0,api_only_pass,2026-10-01T12:04:09.113Z,,2be4290a283fd0f9418a02d7b39e66857b58b0016ab4455fd340d4192a1d069e,
2203230,PRC_F2K4K0E8A2Z7U1G1J2Q8E4U1J7A6E4,2024-11-14,300,300,284,0,3,284,0,3,13,true,false,,,,,300,0,api_only_pass,2026-10-01T12:04:09.023Z,,1d55810b757766673d0333199c2d646ca7ebc66d6993d4b5ca5c995dd16af976,
2203239,PRC_H2F4G0E8F0D1Z1A6Y4Y3X1X2W3W5E6,2024-12-31,300,300,260,5,23,260,5,23,12,true,false,,,,,300,0,api_only_pass,2026-10-01T12:03:54.730Z,,61d9cb012523051c0367b645d0cfc2f84ba54989b37a1cfe420a6636950f559a,
2203249,PRC_X2V4W0U8Q2Q2P0P9O1O3N0N5V2U6U1,2025-05-01,300,300,257,0,7,257,0,7,36,true,false,,,,,300,0,api_only_pass,2026-10-01T12:03:38.937Z,,fd174729c79cafe17346d0f40054ec4ed38c1aac5f36f352ea76df3121795b79,
2203262,PRC_K2V4N0X8X2I1V1I7K4K2Y5L0K6E6M5,2024-08-28,300,300,290,0,1,290,0,1,9,true,false,,,,,300,0,api_only_pass,2026-10-01T12:04:14.836Z,,b9b5ab9566e9ac34661a30885d184acfc85d9192c7c540f9c3b890968971fd31,
2203263,PRC_I2T4O0D8W2J0S1B1R5J4K5W2T0V9C2,2024-08-28,300,300,295,0,0,295,0,0,5,true,false,,,,,300,0,api_only_pass,2026-10-01T12:04:14.763Z,,2a3de077df4aec7652823ed50a3db92bace3c3156a31b42c32a4caa56f7fcb73,
2203265,PRC_P2P4T0C8H2P3A1B1K5A2E4C0Y8M9F8,2024-08-28,300,300,294,0,0,294,0,0,6,true,false,,,,,300,0,api_only_pass,2026-10-01T12:04:14.694Z,,9c9ac1108fda5420f120aadd6702016f0101e8a19201baf8e4962dd1491d94c0,
2203266,PRC_D2R4G0H8P2B7P1V2D5H7Y0P3S7B2C4,2024-08-28,300,300,287,0,0,287,0,0,13,true,false,,,,,300,0,api_only_pass,2026-10-01T12:04:14.606Z,,7241c3704ba6de8f1747eacbdc3cce3e125f7299f8fb65bf42bf6c5805c313c1,
2203267,PRC_Y2L4A0W8L1E9F1H6H4Y4Y1U1J5I4D6,2024-08-28,300,300,295,0,0,295,0,0,5,true,false,,,,,300,0,api_only_pass,2026-10-01T12:04:14.562Z,,999cdfd63f9ab3ff96e8ba57d991b9cd8db336f2305c7da4ec6f2c42f3402293,
2203268,PRC_M2I4K0R8B2G6B1B7C4B0Y3V4H9Y6D0,2024-08-28,300,300,289,1,0,289,1,0,10,true,false,,,,,300,0,api_only_pass,2026-10-01T12:04:14.654Z,,5678190505fd7d6a6c56e5d3a3f78436eaaccf93bc6f17e840996f53280663e9,
2203269,PRC_K2R4O0U8J2A6E1J7I4Y1Y3O2Z0P3O6,2024-08-28,300,300,288,0,0,288,0,0,12,true,false,,,,,300,0,api_only_pass,2026-10-01T12:04:14.427Z,,fc7ad22f1010bf5a94e485812db7217c7d921deb5d27019097f59253c27478e9,
2203286,PRC_G2R4A0W8N2T7X1F9F3X4D2D1Y2V4C7,2024-08-28,300,300,283,2,5,283,2,5,10,true,false,,,,,300,0,api_only_pass,2026-10-01T12:04:14.455Z,,87974ae7a265f7f777cb6c9e4b85dce8bce0a74fca9129f408691cc9018c5dff,
2203295,PRC_T2S4O0M7L2M2L1Y0U2T5U0T7R2A2Y3,2024-12-27,300,300,154,2,6,154,2,6,138,true,false,,,,,300,0,api_only_pass,2026-10-01T12:03:56.755Z,,637e752ce85b410168755705e91d8bc1a0657960788745b14f488aa49d4e280f,
2203319,PRC_L2M4K0L8J2J7I0Q9Q5P5P0N1O7N5N4,2024-09-26,300,300,145,53,2,145,53,2,100,true,false,,,,,300,0,api_only_pass,2026-10-01T12:04:11.763Z,,042674ab22b3ef70ea5946613bc96d90ca4c18ac9e359c634a53d6f5c835d8df,
2203321,PRC_E2U4U0H8V2S8M1G7I4G5W1D3D3W4B1,2024-09-26,300,300,146,61,0,146,61,0,93,true,false,,,,,300,0,api_only_pass,2026-10-01T12:04:11.603Z,,350c5cf9f1545e058cb7392aacc078fef15a06b2b62665148a365abaf8ef606c,
2203337,PRC_Y2W4W0V8V0U8U1Q4O2P4N4O4M6N7V2,2024-11-14,300,300,289,0,0,289,0,0,11,true,false,,,,,300,0,api_only_pass,2026-10-01T12:04:08.943Z,,68a64a8eab23642c5a339aeec7d83f99d3cd12051889b1d901ccc37289302d25,
2203344,PRC_B2J4J0I8G2H6F1G5N4E5C1D0L3L4J0,2024-12-02,300,300,285,0,1,285,0,1,14,true,false,,,,,300,0,api_only_pass,2026-10-01T12:04:04.435Z,,3c74e9d886df89f4ec6c0f3e7f3eb8ad37e3fe2446f7ef1db32538d90bfbbaf3,
2203386,PRC_M2N4I0J8H2H1G1E0F0N2N1L8M4L6L8,2025-04-02,300,300,239,0,5,239,0,5,56,true,false,,,,,300,0,api_only_pass,2026-10-01T12:03:41.042Z,,d49707f48d276641b5c413195c62e5dbf91864a338a862e08e85f8e99d3e1e9a,
2203397,ARC_C2A4B0A8H3R0V0R9F2L0E3Z7P8F7S5,2024-12-10,300,300,238,18,19,238,18,19,25,true,false,,,,,300,0,api_only_pass,2026-10-01T12:04:02.808Z,,102f8c2d00f5626e7f67ac1c81d1639876826268d478276a2996532eccb888ad,
2203399,ARC_E2N4D0J8X3H0N1N0J0F5M5G8Y3W5V0,2024-12-10,300,300,267,0,1,267,0,1,32,true,false,,,,,300,0,api_only_pass,2026-10-01T12:04:02.594Z,,1b79913025141113bbbc7b3b654d7ddcccf963fd91fecc863630aa2050f36db0,
2203416,PRC_N2V4V0U6U2S8R1S9A0A6Z1Z0Y5W2W4,2025-08-27,298,298,164,0,0,164,0,0,134,true,false,,,,,298,0,api_only_pass,2026-10-01T12:03:30.221Z,,6eff57f2fb64f0537da5dbdee00010c785dde1894ede9d5dd14f16579e9356f3,
2203440,PRC_I2H4F0F8E1E2M1L7L5J0K1I6J0R2P4,2024-11-28,300,300,260,0,2,260,0,2,38,true,false,,,,,300,0,api_only_pass,2026-10-01T12:04:06.966Z,,a10d3abaf69d311178857d9ac921643bd9146d8f39445a09445e54914bace170,
2203449,PRC_H2F4G0E8E2C9L2L2J3K8I5J3H4I9D7,2024-12-31,300,300,284,0,1,284,0,1,15,true,false,,,,,300,0,api_only_pass,2026-10-01T12:03:54.759Z,,8795b3997538b5e43953d90ade4f6a1971593f95c5c19454b1274d55cb99c1f2,
2203464,ARC_C2Z4B0S8I3P0O1X8M2F7W1U1Y9U6C3,2024-12-10,300,300,263,0,0,263,0,0,37,true,false,,,,,300,0,api_only_pass,2026-10-01T12:04:02.391Z,,5be4ef79e609ae9e885b3eaa1c55173de1135bee4cb70271f0834d70a1e4d2ac,
2203465,ARC_W2H4M0Q8P3T0Z1R8P3S1E0V2O7F8C7,2024-12-10,300,300,270,1,4,270,1,4,25,true,false,,,,,300,0,api_only_pass,2026-10-01T12:04:02.572Z,,62c1d75c5f52d67b5768780bf59b5d36be5145599a9f6192b795d65361ccddf3,
2203472,ARC_H2E4P0N9Y0P2X0O9N0D1Z5K3X1X1K1,2024-12-10,300,300,269,0,6,269,0,6,25,true,false,,,,,300,0,api_only_pass,2026-10-01T12:04:02.424Z,,67b3054dc453871cc0538f5f6cbdeeb57565884bf4a7d4928834175641dd2bef,
2203490,PRC_A2Y4Z0X8Y0G7E1F1D0D5B0D9K2L4J5,2026-08-20,284,299,201,6,15,190,4,15,75,false,true,201,6,15,true,299,13,web_repair_pass,2026-10-01T12:02:40.005Z,2026-10-01T12:06:15.572Z,270ce3788c66b6bed39d2dff0878db5b5a254599edc282f90abe8c5e4bccb7de,8f62341b99ce8dc5aba59c46f06c1fe89443983519bc2f8a2e0efcf78556d051
2203514,PRC_S2R4R0Q8Q3M0K0L9J4K0I0J8Q4P0Q7,2024-12-31,300,300,235,12,35,235,12,35,18,true,false,,,,,300,0,api_only_pass,2026-10-01T12:03:54.604Z,,ec3d3d1eed7fd4c7e62e5cf071b573a5512fb8e64647e10125dda6b95ccd005a,
2203518,ARC_G2R4Q0P9H0N2Q1J6P4Z3K5D5G4E3D0,2024-12-10,300,300,204,33,37,204,33,37,26,true,false,,,,,300,0,api_only_pass,2026-10-01T12:04:02.182Z,,6db857c34effa4200fdfd56bdd69112805eec3772dbcb3e1c28581003130f3d4,
2203519,PRC_V2B4N1B2P1L0L1D4I3M7S2Z5B1U3X2,2024-12-10,300,300,183,94,1,183,94,1,22,true,false,,,,,300,0,api_only_pass,2026-10-01T12:04:02.187Z,,de2e83e6c86922d3cf0dc0339fb3f18e1174dd7fd884dddd054ec997d7eea7f9,
2203520,PRC_U2X4W1J2K1F0K1K4C3H8E4W0E3G1A1,2024-12-10,300,300,178,93,0,178,93,0,29,true,false,,,,,300,0,api_only_pass,2026-10-01T12:04:02.253Z,,52de49f516d7dc16b21749c5458cf07458bd6a16d5520d2a105df0537a338873,
2203521,PRC_G2D4Z0W9Y0C2U1E6Y4I7B1D7J8L1Y8,2024-12-10,300,300,270,1,1,270,1,1,28,true,false,,,,,300,0,api_only_pass,2026-10-01T12:04:02.034Z,,d7faaa10fcb6ae73543344baf1df750547e587817705dec676a6f4ac422447b2,
2203522,PRC_R2F4Y1G2K1Y0O1I4L3G7H4M3V5J8K5,2024-12-10,300,300,178,85,3,178,85,3,34,true,false,,,,,300,0,api_only_pass,2026-10-01T12:04:02.010Z,,ae59a559a2c1406c94a10787e06beda0a6eff32ecfa2656aea19cda85b822db7,
2203523,ARC_Y2F4E0Q9N0U2X1Y6F4M6W5U6R8T4B7,2024-12-10,300,300,261,0,2,261,0,2,37,true,false,,,,,300,0,api_only_pass,2026-10-01T12:04:02.043Z,,71a7426ddc12d894bb24e843125d57d41e0bdc380c0907cbed10086e33287d50,
2203524,ARC_V2G4C0H9W0W2H1O6B4C8X0F6L5Z9R2,2024-12-10,300,300,264,0,2,264,0,2,34,true,false,,,,,300,0,api_only_pass,2026-10-01T12:04:01.872Z,,d06a33175b2f25116597087929160dc8219c87e925eb81f6762411586df72da9,
2203525,ARC_X2O4L0L9E0U2G1R6D4J8E2F0U7Q1H1,2024-12-10,300,300,97,181,3,97,181,3,19,true,false,,,,,300,0,api_only_pass,2026-10-01T12:04:01.797Z,,61fe04a36d4460151d70dbf4f9951bcf6dc4eddb944df7032f6f89289abd3181,
2203526,ARC_S2A4K0W9K0Z2U1D6I4P8Q3H0W4H8G7,2024-12-10,300,300,278,1,3,278,1,3,18,true,false,,,,,300,0,api_only_pass,2026-10-01T12:04:01.877Z,,f945dcabacb0d2bacdcb37d8686dc50368d6880212bc171880dda44a75b33ded,
2203527,ARC_X2Q4U0V9S0P2M1L6U4A8H4M0K7Z1S0,2024-12-10,300,300,272,0,1,272,0,1,27,true,false,,,,,300,0,api_only_pass,2026-10-01T12:04:01.659Z,,91d4c3c6b2744332ab7500143d505357861dbeedcd8182393738cd7580e166f7,
2203528,PRC_D2P4A1P2G1X0F1K4Z3B6B5A4D7L7C5,2024-12-10,300,300,185,94,1,185,94,1,20,true,false,,,,,300,0,api_only_pass,2026-10-01T12:04:01.655Z,,0c53ed694445a7bdc36984bf243a3d99e6e24ebdac3ad7204608f7e49edd9f6d,
2203529,PRC_N2O4M0N8L2L7K1S6S2R2S2Q4Q5P4X2,2026-03-12,294,295,169,1,2,169,1,2,122,true,true,169,1,2,true,296,0,hold_tenure_boundary,2026-10-01T12:03:03.696Z,2026-10-01T12:07:07.599Z,734de0038d693c42106638436175dc497cdf35fe01505064f35a74770a437388,a237c59935f460b4bc99fbbdc13f655927914bff9c81075239bbcb1148dfd9d1
2203531,PRC_E2H4P0U9I0Q2J1C7S1B2I2X6D7Y8T4,2024-12-26,300,300,260,0,0,260,0,0,40,true,false,,,,,300,0,api_only_pass,2026-10-01T12:03:59.188Z,,cacfe4fe792ae38a92e9b7d80c6d724a0337899a1b8106e80abc282dd74a8274,
2203532,PRC_O2I4G0I9N0M2I1J7Q1Y2K5O3I9B4Q5,2024-12-26,300,300,259,0,1,259,0,1,40,true,false,,,,,300,0,api_only_pass,2026-10-01T12:03:59.272Z,,714d6e91eb41a867acad337149c077b85243e10a4cf889af607f1af48393bbdb,
2203533,PRC_A2H4S0Q9V0G2I1W7M1N3N4E3M6Y2J9,2024-12-10,300,300,264,1,0,264,1,0,35,true,false,,,,,300,0,api_only_pass,2026-10-01T12:04:01.718Z,,9ac17e93413c1da8edfb6bf905c7333dcf1eda17c277590562538d50c99aee68,
2203547,PRC_B2C4A0B8Z2V7V1U0U3T5T2S5S9A8Z8,2025-03-13,300,300,252,0,5,252,0,5,43,true,false,,,,,300,0,api_only_pass,2026-10-01T12:03:45.866Z,,f2531a30ec03707713ead083cc28bec35847454cb81d918885f42761624bcaa2,
2203548,PRC_G2O4O0N8N2M8K1L4G0H9F3G2E1F6D3,2025-02-27,300,300,184,0,5,184,0,5,111,true,false,,,,,300,0,api_only_pass,2026-10-01T12:03:50.813Z,,b394d83502b08dc2b9ea66a6ac8cfe961247c9347a1e695e74da33405b5557c8,
2203550,PRC_W2W4U0C8C0A5B0Z9A5Y7G4H0F1F0E5,2024-12-02,300,300,284,0,1,284,0,1,15,true,false,,,,,300,0,api_only_pass,2026-10-01T12:04:04.440Z,,44c1f851c704b0276505500505968b07543fde6284fc26fb45d1cc6cdb8355ac,
2203595,PRC_V2V4T0U8C2D7B1B4A0A2Z4H9H5G0G4,2026-04-23,294,295,173,0,0,172,0,0,122,false,true,173,0,0,true,295,1,web_repair_pass,2026-10-01T12:02:55.934Z,2026-10-01T12:06:49.702Z,3ff196ed25b58016c5a78b871154cbbf9ad178c18a14d92c30b8e980da88647f,8129f24a423be79bcde6cb5339ac64d44c9135e6deb9d066bc6a9d3134229237
2203687,PRC_Q2Y4Y0X8V2W9U1C3D2B6C3A2B3Z4H9,2025-03-13,300,300,240,0,1,240,0,1,59,true,false,,,,,300,0,api_only_pass,2026-10-01T12:03:45.667Z,,a76297824df6ea593c16185888f05ec3141078ac593948f0eef39d5eaae8a3f5,
2203735,PRC_X2F4F0E9E0D5D1C0C4K8I4J9H6I4G4,2024-12-10,300,300,284,1,3,284,1,3,12,true,false,,,,,300,0,api_only_pass,2026-10-01T12:04:01.499Z,,cdedf3287a472b45040c23b6713b382d95666d21352f25b191e2884483988de2,
2203758,PRC_L2J4J0I8J2Q6R1P9O1O5M4N0V3W1U8,2025-04-17,300,300,278,0,11,278,0,11,11,true,false,,,,,300,0,api_only_pass,2026-10-01T12:03:39.344Z,,375432da8d160ba30b6158d8169a0e21ef2713b95ac65c50cb8a7427d06296f2,
2203760,PRC_H2G4G0F9G0E5E1A1Z3Z0X2Y2W7X7F6,2025-02-27,300,300,190,0,1,190,0,1,109,true,false,,,,,300,0,api_only_pass,2026-10-01T12:03:50.778Z,,eef55e6efa4eeb4b2d2ab1ad280ccdfe173858e7e3ee3f71d7cc898a5dffb9a7,
2203765,PRC_F2D4L0M8K2K9J1J4I3I4E5F0D5B5C5,2025-02-27,300,300,201,0,2,201,0,2,97,true,false,,,,,300,0,api_only_pass,2026-10-01T12:03:50.803Z,,fae5d128d3606d0058ef760f994e51333782c1ae750ebe43a460e195348c6a0f,
2203837,PRC_V2U4C0B7C3B0Z1H4G1E1D0E2B7Z6Y0,2024-12-31,300,300,243,31,16,243,31,16,10,true,false,,,,,300,0,api_only_pass,2026-10-01T12:03:54.557Z,,5f646fc2b47092319893368e3dd10bb9b83d1a79558ad02fff63c253f3f85436,
2203884,PRC_B2C4A0B7Q1Q2O1N6O0M5M0U2V6T6U6,2025-04-02,300,300,243,4,11,243,4,11,42,true,false,,,,,300,0,api_only_pass,2026-10-01T12:03:41.037Z,,24d27f1ac3bd0625b2fe903a4da9f0d6d83ddae842498e3ebc8c9fbdbc94b622,
2203900,PRC_J2K4I0I8G1P6P1N0O5N9N0L1B9B8Z8,2025-05-01,300,300,266,0,1,266,0,1,33,true,false,,,,,300,0,api_only_pass,2026-10-01T12:03:38.754Z,,0a5d835776317d0d29ffc7d522e3854f0f17faf9eacb890639c1b247e8c2ef28,
2203906,PRC_D2E4C0C8B3B0Z1H6I1G7H2F8F1E5F7,2024-12-31,300,300,282,0,1,282,0,1,17,true,false,,,,,300,0,api_only_pass,2026-10-01T12:03:54.502Z,,a3449b3b482823455d478b07924d6941d22d499be3cacc34ae336057b5ee8138,
2203919,PRC_U2V4T0U8C3A0B1Z3A3Y9Y3H4F0F0E6,2025-05-01,300,300,257,0,2,257,0,2,41,true,false,,,,,300,0,api_only_pass,2026-10-01T12:03:38.749Z,,493d7744d2f683a44f6ad2cdb5b9a192be1a5fa778cea383432d5f86d5d9f770,
2203920,PRC_D2Z4G0P9D1B0N1P4G4P6S3T5H0I9B4,2024-09-19,300,300,170,0,0,170,0,0,130,true,false,,,,,300,0,api_only_pass,2026-10-01T12:04:14.378Z,,d0edaa95d2d4eedad7c6e336fcce24864b7b12d59e675cb1ea98a4bca292178e,
2203923,PRC_K2V4Q0A9W0M4H1Y9R4R5T2H2J4M8Q3,2024-09-19,300,300,166,3,0,166,3,0,131,true,false,,,,,300,0,api_only_pass,2026-10-01T12:04:14.292Z,,5dda425b3d86bb689029593b5aa7d0acaffca7fd22061c31d57ef78ea58e85e5,
2203925,PRC_H2D4S0V9L1P0C1U4K4O4O3D0J4G1C3,2024-09-19,300,300,167,0,0,167,0,0,133,true,false,,,,,300,0,api_only_pass,2026-10-01T12:04:14.246Z,,b588134dab06a02ad4c4b546e9c58bd48726e52ca6bfffc69bf767051399f974,
2203973,PRC_N2L4M0U9U1T1T1S4S1Q9Y2Z5X0Y3W7,2026-01-29,295,296,191,1,0,191,1,0,103,true,true,191,1,0,true,296,0,web_repair_pass,2026-10-01T12:03:12.894Z,2026-10-01T12:07:26.990Z,313d76e99d9eadb06020a3d4923d06b253a037cb3a2ac9039c362bbd667d45ed,5fc60a4b7371aa86e620c2df4cb47e9098447cc27c28d3b4a5ad06aaf0904f12
2204012,PRC_K2L4J0J9I0I9H1P4P5N8O5N3N2L2M6,2025-08-04,298,298,236,0,2,236,0,2,60,true,false,,,,,298,0,api_only_pass,2026-10-01T12:03:31.207Z,,a7c5e264dcb9f24ad35303f5bc0345f28509c1a25cce90ba60e6c82e8e4eb176,
2204014,PRC_L2K4K0G8G1F3D1E0C5D6K4J9K7I3J6,2025-02-27,300,300,246,0,9,246,0,9,45,true,false,,,,,300,0,api_only_pass,2026-10-01T12:03:50.666Z,,8e3456326fc9e818319fbeedb36a3fedac364fbab12f31e7ac27fa8fc85b1dd0,
2204041,PRC_W2W4V0W8U2C8D1B4C1A8A5Z5V7V4U3,2024-12-27,300,300,161,0,4,161,0,4,135,true,false,,,,,300,0,api_only_pass,2026-10-01T12:03:56.809Z,,0a3d922ad06b12d9e0dbe65698571aa69ab18c162179de33cc796cc87e249853,
2204074,PRC_T2T4R0S8R1P2P1L4M0K8K2J4K6I9I6,2025-02-27,300,300,195,0,5,195,0,5,100,true,false,,,,,300,0,api_only_pass,2026-10-01T12:03:50.606Z,,14ddeabf17957c418fec7f54e0995d30dbabc6f0804abecae038a895be4ffb76,
2204094,PRC_U2C4D0B9C1A3Z0Z9V4W1U2U0S6R9S6,2025-03-13,300,300,270,1,3,270,1,3,26,true,false,,,,,300,0,api_only_pass,2026-10-01T12:03:45.650Z,,0825503fceeb551fc5fdb45226ff88341a8f19474bca0a541b8acaf3d83b9bff,
2204097,PRC_O2M4V0T7U3T1R1A6Y0X9W0W6M5K0J4,2024-12-10,300,300,286,0,0,286,0,0,14,true,false,,,,,300,0,api_only_pass,2026-10-01T12:04:01.437Z,,05909ae9449770d81dab10bd5fb129d12f067ad0956b2a27acd4f9dc53c50165,
2204103,PRC_S2Q4R0P9Q0P9K1L7J3K9I2J4H7P8P1,2025-05-01,300,300,251,0,5,251,0,5,44,true,false,,,,,300,0,api_only_pass,2026-10-01T12:03:38.806Z,,47c04730ecf282bb81ca4fd11ff84955700d95272841e2b50a2d878ccd0b7a0e,
2204119,PRC_K2U4Q0P6N2M8M1V0T2S6R5Z3A7Z7X7,2025-12-02,298,298,224,0,1,224,0,1,73,true,false,,,,,298,0,api_only_pass,2026-10-01T12:03:21.103Z,,28ca18b55b688f6f55105c652cf7b4ee55a0f795fc482d9e36f6c82596cb8d68,
2204139,PRC_G2H4F0G9E0F2D1L9M3K7K2I5J3I3I9,2026-01-29,295,296,234,0,4,234,0,4,57,true,true,234,0,4,true,296,0,web_repair_pass,2026-10-01T12:03:12.761Z,2026-10-01T12:07:26.979Z,6ffa0a9c49c6ac078d6a47fb7e2d06fd7ea95707c42ac3c84b4df555868633f1,2136d03cd047f371f328b78ec9e386dbc7d1c7e30bdb316dad45173c2128119d
2204144,PRC_T2T4S0S9Q1R1Z1Z6Y0W5X4V2V1L6L4,2026-08-20,284,299,199,0,0,186,0,0,98,false,true,199,0,0,true,299,13,web_repair_pass,2026-10-01T12:02:39.981Z,2026-10-01T12:06:15.585Z,6fd9ebce498c6627ed0a0b31942ffb6cb3bc744d9aa40215329666961b3b6208,1a154c0ff54665804432ab46b2f2f58cd8ae5c4bf8ae0ddfeebda3ffe17b8160
2204166,PRC_V2U4C0C9B1B9Z1A6Z3Z5H0H5F6E9F4,2025-01-08,300,300,264,0,0,264,0,0,36,true,false,,,,,300,0,api_only_pass,2026-10-01T12:03:52.904Z,,a48aa2c4beb9f46331155dd649afb83ba4ff61cc81174e7b8ad62452ce0d5fb7,
2204168,PRC_M2N4U0T9U1S0S1Q3R1Z9A4Y0Z5X3X8,2025-12-02,298,298,224,0,3,224,0,3,71,true,false,,,,,298,0,api_only_pass,2026-10-01T12:03:21.064Z,,391c09d8c8122b9d9f0592f7609f9ad9cf509cd6fe3e1947428f4c22df7beb6c,
2204172,PRC_L2M4K0L9J1K0R1Q3Q2P0Q2O3O3K2J4,2025-10-26,298,298,263,0,2,263,0,2,33,true,false,,,,,298,0,api_only_pass,2026-10-01T12:03:28.919Z,,c6e4e5a95492171c61c32ddaf6dd68911efb71e505a21b7d2e1563dc19b605c7,
2204174,PRC_N2L4M0K8J2J7R1R3Q3R2P2P6O4W6W8,2024-12-27,300,300,145,1,13,145,1,13,141,true,false,,,,,300,0,api_only_pass,2026-10-01T12:03:56.660Z,,6badcaf3d51745281d726ba4c0a310234599cba130739d123643c0137a46fe9b,
2204197,PRC_V2W4U0C9D2B3B1Z0A4V9W3U1V1T4S8,2025-01-08,300,300,267,1,1,267,1,1,31,true,false,,,,,300,0,api_only_pass,2026-10-01T12:03:52.899Z,,e5e0dde9c8f6e48f1bccc48e1d32195a5bff5ba71ab715de92df1ecdac2e7e54,
2204220,PRC_L2G4H0F9G0E9F1D3L2L6K1L4J0J3I2,2024-11-28,300,300,241,0,0,241,0,0,59,true,false,,,,,300,0,api_only_pass,2026-10-01T12:04:07.040Z,,5e4baac47667830579b40f2ab21ec0ba661bc03fd8ffbee7c5ecc1851d5605e6,
2204233,PRC_W2X4V0V8D0E5C1B6B5Z4A5W9X9V5V7,2024-11-28,300,300,239,1,7,239,1,7,53,true,false,,,,,300,0,api_only_pass,2026-10-01T12:04:06.829Z,,fc56a50b687a56529731f8f344e12b0b6a679050e6e1fbb63a2b9ac6fe10ef8e,
2204255,PRC_O2P4T0B8B0Z9Y0Z9X5X6T3T6S2T3R8,2025-10-26,298,298,256,1,2,256,1,2,39,true,false,,,,,298,0,api_only_pass,2026-10-01T12:03:28.878Z,,24c99e2d69be5665826e9d67997540b84445015c9275542c7c6c15db42e562cd,
2204294,PRC_T2T4S0S9R1R9Z1A0Y1W1X0W4W6S6S2,2025-02-27,300,300,198,1,4,198,1,4,97,true,false,,,,,300,0,api_only_pass,2026-10-01T12:03:50.622Z,,b576c19ad40be1bbce9d263a5ccb54f0e955586d26670f896257aa3d748b956e,
2204300,PRC_D2M4E0H9N2L6U1K8C0N3C3F8B1Y7O5,2024-09-26,300,300,242,0,8,242,0,8,50,true,false,,,,,300,0,api_only_pass,2026-10-01T12:04:11.632Z,,e4155849cf553ed67af361c3a875b2c3e283740e69da65e8935dbc2c084b3e3d,
2204301,PRC_U2A4K0T9U0V2C0V9F1Z3P1L1K1X0T5,2024-09-26,300,300,194,0,2,194,0,2,104,true,false,,,,,300,0,api_only_pass,2026-10-01T12:04:11.609Z,,dc007d2ca2653df089c301392690596d322ccb9adf6aa990b4b65a5a9ef27190,
2204302,PRC_M2H4F0U9C0C2M0U9C1Y7H5K7V0O7C5,2024-09-26,300,300,191,0,0,191,0,0,109,true,false,,,,,300,0,api_only_pass,2026-10-01T12:04:11.456Z,,531fca24c565ca9471de86a817346d2d6ca8cc360487cde62c51c6eff974cdac,
2204303,PRC_M2I4X0P9W0E2F0T9I1N3F5D1M1E6D0,2024-09-26,300,300,208,0,2,208,0,2,90,true,false,,,,,300,0,api_only_pass,2026-10-01T12:04:11.429Z,,ce53caabc34668786f562a6315f721892d6a0225b526deff9d072189e41ae7b4,
2204304,PRC_J2F4K0Z9J0R2C0A9Y1A9W1D8A5W9A2,2024-09-26,300,300,191,0,2,191,0,2,107,true,false,,,,,300,0,api_only_pass,2026-10-01T12:04:11.426Z,,df8317969d98e87391e1cef53cedcc6def561be0abcc0f4d92e6bbda0c6e03cc,
2204305,PRC_S2V4G0V9O0K2K0X9U1U4D2W2D2B9I0,2024-09-26,300,300,191,0,1,191,0,1,108,true,false,,,,,300,0,api_only_pass,2026-10-01T12:04:11.328Z,,29c68aa069d0119c71faf03cfea02ac938a110da590606be6178ed684d224099,
2204306,PRC_S2T4M0E9H2D0C1V6P4L1K0R6M8Q1P8,2024-09-26,300,300,208,0,0,208,0,0,92,true,false,,,,,300,0,api_only_pass,2026-10-01T12:04:11.297Z,,f98b837b120d1fdc1ecc0b7f0902590b3a7b983215c53a997421e7f94d4aa716,
2204308,PRC_S2M4C0P8Q2N8T1I3P2J8G4Z0Z7L8B1,2024-09-26,300,300,244,0,1,244,0,1,55,true,false,,,,,300,0,api_only_pass,2026-10-01T12:04:11.233Z,,fab29cfb72c2031143f5a6a19cbe15a8e32a71205486d1d7a72f4c23fab0ee9d,
2204309,PRC_Q2Y4E0I9O2V4I2L1M0L0R1Y9O7P7E7,2024-09-26,300,300,220,12,12,220,12,12,56,true,false,,,,,300,0,api_only_pass,2026-10-01T12:04:11.155Z,,4943072829ce318b0989dff78a25c1378426d8cafe6f9152ec9dc32e4f1730ae,
2204310,PRC_Z2I4Y0O9A0B3B0E9O3J1E1S0S3S6Z0,2024-09-26,300,300,193,0,4,193,0,4,103,true,false,,,,,300,0,api_only_pass,2026-10-01T12:04:11.180Z,,f4d37c3e792e60795e6b547b1dd0a0aa0c3e9d9a408279ead704d648f6889583,
2204311,PRC_S2U4U0G9W0C3H0C9M2W8M5C9C5N7T0,2024-09-26,300,300,193,0,1,193,0,1,106,true,false,,,,,300,0,api_only_pass,2026-10-01T12:04:11.092Z,,17ac3525b8c416cd9d9ff95d31a7904191e74794788ad25cf6fe84b517d6577d,
2204312,PRC_Z2S4T0T9X0B3P0J9L1Y6S3N0L9S7V1,2024-09-26,300,300,195,1,2,195,1,2,102,true,false,,,,,300,0,api_only_pass,2026-10-01T12:04:11.022Z,,8471dbd8f536704507ed159d030f40785b75586ef2aad1c1b1e1b33f9dcccb50,
2204313,PRC_P2G4Z0A9H2E3N1F7Q0R3H4U4G0U1B2,2024-09-26,300,300,212,0,0,212,0,0,88,true,false,,,,,300,0,api_only_pass,2026-10-01T12:04:10.984Z,,f830f0b1a0a09b65518f41aae34f589936e7c0499a5fb654c2c16168ad6474f4,
2204314,PRC_Y2A4J0Y9I2L0O1F6H5H2R5Q5B1K5R2,2024-09-26,300,300,204,0,1,204,0,1,95,true,false,,,,,300,0,api_only_pass,2026-10-01T12:04:10.954Z,,9be1fff724e3a2d1ae11f50265c146286d1288044fd2f356544cc59d3d6c8d61,
2204316,PRC_G2Y4Y0P9E0L2Q0R9V1U5B1E5Q3E0L6,2024-09-26,300,300,204,1,1,204,1,1,94,true,false,,,,,300,0,api_only_pass,2026-10-01T12:04:10.881Z,,9cf3ff74619835b5cb9ddb92808e4aefedd98bb505b0f0005bd521d9c5705acc,
2204317,PRC_Z2B4E0C9A0X3Y0T9J5Q0U3J4B5K0K1,2024-09-26,300,300,235,1,2,235,1,2,62,true,false,,,,,300,0,api_only_pass,2026-10-01T12:04:10.836Z,,1e1de727411b07ac836ac0650dc418d508e5b0daa72dfd4235304e4a0ab1afbc,
2204318,PRC_J2D4U0X8X2N3S1N5N2T0A0H5R5I7S7,2024-09-26,300,300,199,0,0,199,0,0,101,true,false,,,,,300,0,api_only_pass,2026-10-01T12:04:10.731Z,,b4a0d2f8dda5b9bfe43bbf1e7e3792beff1aaefc3f0e359cee2b24dad85c88c5,
2204319,PRC_F2K4A0O8L2B3Z1A0C0T6I1A0V2U1F9,2024-09-26,300,300,185,3,3,185,3,3,109,true,false,,,,,300,0,api_only_pass,2026-10-01T12:04:10.669Z,,d6994d1a3f5f0d7c147a535c93edbeefcc6025f07967305207780aacc4553476,
2204320,PRC_A2E4E0W9L0J2N0O9O1Q5K5Z5Z0N4I1,2024-09-26,300,300,189,0,4,189,0,4,107,true,false,,,,,300,0,api_only_pass,2026-10-01T12:04:10.710Z,,beaf1dd1954a72d87fa32c49ee9a9fef042660e64dc93514be719921703b9a4f,
2204321,PRC_H2T4H0C8S2F3R1U1B5H3V2Z5H9I0A5,2024-09-26,300,300,193,0,0,193,0,0,107,true,false,,,,,300,0,api_only_pass,2026-10-01T12:04:10.577Z,,ac7322e5522cd0c0d3bd87dbad080c1463d7542152dd6532929a23b3d0aae565,
2204322,PRC_N2U4V0P9M0S2O0K9O1S8K2S6Q1V6D4,2024-09-26,300,300,198,0,1,198,0,1,101,true,false,,,,,300,0,api_only_pass,2026-10-01T12:04:10.532Z,,dcd16f7280e16664d8c31bc53ae89eae34abd11847c371a8dabb3eef98fa8a72,
2204323,PRC_O2T4Y0R9S0D2K0J9U1J7I2K8N3H2N4,2024-09-26,300,300,197,0,2,197,0,2,101,true,false,,,,,300,0,api_only_pass,2026-10-01T12:04:10.506Z,,15d81bb51f137f1c98bd35720099d9d324d7d0a543d8bf0fe0458ad96e105ca4,
2204324,PRC_S2O4H0N9E0Q5G1B4T2S9A5I2S1S2X8,2024-09-26,300,300,223,0,4,223,0,4,73,true,false,,,,,300,0,api_only_pass,2026-10-01T12:04:10.435Z,,171edfe2796e45f8504b49c53b1dc5db2a8b133d5c7057f18918332679ac6747,
2204325,PRC_J2K4K0O9L0L5Q1W4W2N5B4H4F7Z1A6,2024-09-26,300,300,218,2,6,218,2,6,74,true,false,,,,,300,0,api_only_pass,2026-10-01T12:04:10.358Z,,3b94f594fbae0028137f5b6d52613295a662f452696ec520c01f97c51ea51051,
2204326,PRC_B2D4K0L9D0O5B1M4N2A9S1V5L7S3R6,2024-09-26,300,300,220,1,10,220,1,10,69,true,false,,,,,300,0,api_only_pass,2026-10-01T12:04:10.373Z,,39e50091edd9d09735d5af968a23b5eccf9d70d3984cfa03225a620d0eef1596,
2204327,PRC_D2C4B0M9Y0U5O1C4Y2K4W5A6E5P5N7,2024-09-26,300,300,226,0,3,226,0,3,71,true,false,,,,,300,0,api_only_pass,2026-10-01T12:04:10.232Z,,9e83acf2e7899e0f57dc7019d116fd5ee7e7a31a67e037117ef3b2a38bca4626,
2204328,PRC_Q2S4A0F9V1X0Q1Q5F2Q2R1V0J4U4D1,2024-09-26,300,300,193,2,6,193,2,6,99,true,false,,,,,300,0,api_only_pass,2026-10-01T12:04:10.185Z,,0c48d2668dff2c46f9a2a337c2ec1fbd48388ab1e04808230c965d7c65b5cf92,
2204329,PRC_T2D4D0V9J1W0C2K0E1A2Y1Z2Y2X1A7,2024-09-26,300,300,203,0,1,203,0,1,96,true,false,,,,,300,0,api_only_pass,2026-10-01T12:04:10.192Z,,59addcc6566fcea5957a37c086ee70aa9e47d341b921c2846db515558eb2ffdb,
2204330,PRC_I2Q4Q0X9X1J0Z2F0Q1U7J0S4G3O2U1,2024-09-26,300,300,207,0,0,207,0,0,93,true,false,,,,,300,0,api_only_pass,2026-10-01T12:04:10.095Z,,9364d95233834dacee54eb81f5c31a939e9d4c4e7a2eadaa243c2cca7d95ca34,
2204331,PRC_B2M4Z0R9G1V0R1M5E1Q7J3J3I9X7X4,2024-09-26,300,300,196,0,2,196,0,2,102,true,false,,,,,300,0,api_only_pass,2026-10-01T12:04:10.045Z,,a8c06d5a939f87b5f81a87dea9b133b480ed4e787112cfe86c09d01344bfbbbf,
2204332,PRC_H2Q4S0H9I1P0R2H0D0N7M0F7X5J8J2,2024-09-26,300,300,203,0,1,203,0,1,96,true,false,,,,,300,0,api_only_pass,2026-10-01T12:04:09.993Z,,c5951c55d193ba7b26437a498680be17f98b559ce79f28d0a6697939b20d396a,
2204333,PRC_A2Q4P0U9J1H0F1C5X1Y9A0L0E6I4S4,2024-09-26,300,300,195,0,5,195,0,5,100,true,false,,,,,300,0,api_only_pass,2026-10-01T12:04:09.906Z,,1024cb5e8f2e1680dd7224754d5098611a7f6bf4f60ae2584a5dad0791b30050,
2204334,PRC_N2R4A0Y9Y1R0G2K0P2O7O5C5L7H4G0,2024-09-26,300,300,206,0,0,206,0,0,94,true,false,,,,,300,0,api_only_pass,2026-10-01T12:04:09.856Z,,f1478c995c2bff0283df8320f7f0847eb3b1ee8bf4b281d33b32113c07d2f044,
2204335,PRC_R2O4E0V9X1K0Y1N5G2U1E0K9S8I3C8,2024-09-26,300,300,193,6,7,193,6,7,94,true,false,,,,,300,0,api_only_pass,2026-10-01T12:04:09.914Z,,a6401c07c2d32b311d5fa27795e704e4d13e2e5aed4c644b8461137d4c34a3c4,
2204386,PRC_V2V4T0P9Q2O3O1N7O2M6M1Z4A6Y8Y3,2025-02-27,300,300,236,0,5,236,0,5,59,true,false,,,,,300,0,api_only_pass,2026-10-01T12:03:50.460Z,,0fb5c87ba1b84edad2be4703f7b6a5968862fb237045c6e05f2721921c5e2d33,
2204407,PRC_G2F4E0L9K2J5I1Q5P4O2N2J4G6F6N2,2025-01-08,300,300,261,2,1,261,2,1,36,true,false,,,,,300,0,api_only_pass,2026-10-01T12:03:52.836Z,,6beac28348faecf1766d95ee3e02ad2bef3a91e0e0964bb6054ddc9b172ca256,
2204409,PRC_Y2X4Y0W9V2D6C1C3B0Z7H1A9B0J3I3,2024-12-26,300,300,264,1,8,264,1,8,27,true,false,,,,,300,0,api_only_pass,2026-10-01T12:03:59.115Z,,32ed30bf51961796e989673a11f285ea6dd78f2cde16a911396cefa2ddad8d95,
2204420,PRC_C2B4B0A9A0Z9Z1H5G0G0E0F7D9E8M0,2024-12-26,300,300,270,0,3,270,0,3,27,true,false,,,,,300,0,api_only_pass,2026-10-01T12:03:59.043Z,,571e951b8cd66e7bac75d45026f7594abca80f05b4cf295a9ad7a4145a555aef,
2204480,PRC_W2E4F0D9E0C9D0B9B2J3K5I5H0H8F9,2026-03-12,294,295,181,0,5,180,0,5,109,false,true,181,0,5,true,296,1,hold_tenure_boundary,2026-10-01T12:03:03.534Z,2026-10-01T12:07:07.585Z,a7e816f9c126a5b07d25e70939161e8414b83bb1e054c0d410e1e7d263e80de0,c4cb117db558a15a7ab168b150dfbb0aa5a0613bc56a2e2776c7f33a4baa5f36
2204494,ARC_R2L4Y1Q0N0D2B1J2N4Y0P4K1S0F9G3,2024-11-28,300,300,206,8,13,206,8,13,73,true,false,,,,,300,0,api_only_pass,2026-10-01T12:04:06.789Z,,8d3337c37b8b61e2789f01bdf72eb344fa6eacd82c0ae04ddeaa6bf081e40705,
2204496,PRC_V2P4S1N0V0H2V1D4Z1V9J4L4Q7T8Q0,2024-11-28,300,300,203,4,15,203,4,15,78,true,false,,,,,300,0,api_only_pass,2026-10-01T12:04:06.809Z,,f8c12bd745a88629a43271acb444c70b0cebaafbe7f9d646a3ac04020e9a94cc,
2204517,PRC_N2W4T0R9A2Z5Y2X2F1E4B5X8W5V3U9,2024-12-26,300,300,259,0,1,259,0,1,40,true,false,,,,,300,0,api_only_pass,2026-10-01T12:03:59.046Z,,b5377324b7bd65df90751cc390500e64870c87a4226e830da10f5ec093c87216,
2204523,PRC_Z2A4Y0U9V1T0T0R9S5Q7R0Z3A3Y3Y9,2025-10-26,298,298,253,0,3,253,0,3,42,true,false,,,,,298,0,api_only_pass,2026-10-01T12:03:28.855Z,,0a765da8696a82ba3206fd999872e336812e11b2f19be4d4a9edc43d732af92b,
2204591,PRC_R2Y4G0F9D2E6D1L8K0J5H2I8Q5P8N7,2024-12-10,300,300,217,33,13,217,33,13,37,true,false,,,,,300,0,api_only_pass,2026-10-01T12:04:01.516Z,,55b63145a76b83707c02942683c0e489346bea09c62fece35216be24178dd601,
2204593,PRC_Z2Y4N0K9J2R6R1P8O1X3V0V1U0C8Z1,2024-12-10,300,300,201,33,25,201,33,25,41,true,false,,,,,300,0,api_only_pass,2026-10-01T12:04:01.291Z,,8238df9bcb072e6d471e62c00d629900413fd06e26f38a544e3c4a4670a5820f,
2204595,PRC_D2E4D1C0A0I7J0I9G5F2N5M8M9L3J3,2024-11-28,300,300,179,102,0,179,102,0,19,true,false,,,,,300,0,api_only_pass,2026-10-01T12:04:06.638Z,,4f660cf35612b85cf9db5eae7a7a43b35a17b56204004fcae9f02b522a52ec5b,
2204597,PRC_Q2N4M0U9T2Q4Z0Y9U3B3A0Z0G7F7E9,2025-05-01,300,300,259,0,2,259,0,2,39,true,false,,,,,300,0,api_only_pass,2026-10-01T12:03:38.585Z,,363ed269a51a7eca6c8cba7adbbd9aeab3a6dc56b23b0e5581f92b1a305753bd,
2204601,PRC_E2L4K0I9I2Q6P1O8N1J4G1F4N9M1L0,2024-12-10,300,300,257,3,3,257,3,3,37,true,false,,,,,300,0,api_only_pass,2026-10-01T12:04:01.253Z,,070df65753d9dfe6b3d637f10db0449d9a6bffe240971fe99ae1a6551338ace8,
2204602,PRC_V2U4S0T9S2O6M1N8L1K4T5R6S1Q4P7,2024-12-10,300,300,258,1,4,258,1,4,37,true,false,,,,,300,0,api_only_pass,2026-10-01T12:04:01.358Z,,027ef51946263ca8a550b0f36abc1706447360b005e659f2038268d7c126d46f,
2204607,PRC_B2A4Z1X0F0G1F1D2C5Y0Z0X3W2U2D4,2026-04-23,294,295,172,0,1,171,0,1,122,false,true,172,0,1,true,295,1,web_repair_pass,2026-10-01T12:02:55.922Z,2026-10-01T12:06:49.590Z,77f11fea0b0704a3644e55f9dcc6db9c1586cac77e9cbeecd89f87fb74906621,a37998e3b437792060cf789891a63c6e746e6d44845db670ab9f9d4c5ef5506b
2204612,PRC_Q2M4Y1R0L0X8W1L0V3J8Q3X4M8K3W5,2024-11-14,300,300,263,9,11,263,9,11,17,true,false,,,,,300,0,api_only_pass,2026-10-01T12:04:08.922Z,,a118409142cb05c6a93cadc8c8a1cb4ce75ae604b267784e2f225f15fc10d59f,
2204613,PRC_C2G4P1J0B0A8W1S0I4A3R2F5R5W7X3,2024-11-14,300,300,282,0,10,282,0,10,8,true,false,,,,,300,0,api_only_pass,2026-10-01T12:04:08.880Z,,aad80bb85e037d83e8a8ec2e3fbcbbfb87663a2d3dcd2bf5161364640ee68ff1,
2204617,PRC_Z2X4Y0W9E1F1D0E9C2C7B2J5J5H1J4,2026-05-07,285,286,188,1,4,188,1,4,92,true,true,188,1,4,true,286,0,web_repair_pass,2026-10-01T12:02:49.467Z,2026-10-01T12:06:36.535Z,b447790f50347bc2bbae1175e7e2bdc76228e5000579d382fbc0067aef53d192,e5a96de9bd1ba99afad0adc8977f0c5c320642ad0aba0d344d5cdc0155c68434
2204634,PRC_I2H4H1Q0O0N8M1U6S1A0Y0X3Y3U9T2,2025-03-20,300,300,261,0,0,261,0,0,39,true,false,,,,,300,0,api_only_pass,2026-10-01T12:03:42.685Z,,432701ca38085f7aa2bca2c04960ac62967e73a00aa18c0b18fdbbb82157e45f,
2204675,PRC_M2M4K0L8J0K7S1S7R2P4Q4O3P0X6X1,2026-01-29,295,296,234,2,6,234,2,6,53,true,true,234,2,6,true,296,0,web_repair_pass,2026-10-01T12:03:12.691Z,2026-10-01T12:07:26.752Z,e6240c82763fcfa0735571084201ae82d17fd705881f4e5910a901057be6f595,e33647d65a1e30f0d88ff6cba4b6b3dabeb27f28d116c5dd99df2647b4442ca2
2204676,PRC_L2J4R1Q0P1P1O0W9V3T3A3Z1H1I2H1,2024-12-31,300,300,271,1,8,271,1,8,20,true,false,,,,,300,0,api_only_pass,2026-10-01T12:03:54.375Z,,9621f9cc71709a1924301411beda5188988094fa111e5c01745f62258fc068f3,
2204688,PRC_S2O4O1X0V1U1S1T4I3H9F4E5F4N6M3,2025-02-27,300,300,202,0,1,202,0,1,97,true,false,,,,,300,0,api_only_pass,2026-10-01T12:03:50.446Z,,7ead93835597bc316a3e8d9496f463afea915101f89d1e64b8a204ec1d10904d,
2204691,ARC_S2D4M1R0S1G5D0G9D3U9F0J7S5N2U1,2024-12-31,300,300,287,0,1,287,0,1,12,true,false,,,,,300,0,api_only_pass,2026-10-01T12:03:54.433Z,,0559ff380f5f8f2407ca3629a55e156bb143a9450c43b8567fc8685c60d9d9e6,
2204710,ARC_X2C4W1G0C1M6Y1C0K1N5F5W5C7W2O2,2025-05-01,300,300,255,0,1,255,0,1,44,true,false,,,,,300,0,api_only_pass,2026-10-01T12:03:38.554Z,,46661507c1157e91006a28facbae7eeaf9bb01b5c7b487c232ec19d40d8da9c5,
2204721,ARC_P2F4I1U0W1I6Q1J0I5N9J5N1P2H1V2,2025-07-03,298,298,267,0,0,267,0,0,31,true,false,,,,,298,0,api_only_pass,2026-10-01T12:03:35.624Z,,73796b68e070fb62fec20ed5c071b27943854a2b65ab99eee67491773312a771,
2204722,PRC_J2K4I0J9H0I1G1O6O4N0N0M7M4L4L9,2025-08-04,298,298,225,2,7,225,2,7,64,true,false,,,,,298,0,api_only_pass,2026-10-01T12:03:31.186Z,,b9aba617795da70b9d8400707fb467260e695d61f48d7315fe7d3c8ad3f2214f,
2204724,ARC_T2I4X1Y0W1R6K1U4C5R8K2J4N6S6Q3,2025-05-01,300,300,267,1,1,267,1,1,31,true,false,,,,,300,0,api_only_pass,2026-10-01T12:03:38.595Z,,2a51ea1125fe870f80c177b1ae1bdd60f5e4d92d5fc84c197d66d98513af54b4,
2204728,ARC_R2T4A1L0D1D6S1M5A1E5P2B2B9R2L9,2025-01-08,300,300,268,0,6,268,0,6,26,true,false,,,,,300,0,api_only_pass,2026-10-01T12:03:52.742Z,,2d6c4db787c0bbdfacc8c595bc7a03c399c9fa6d685102beed10af47d3b1850c,
2204729,ARC_N2D4P1Q0V1B6H1T5J1Z5Q1A0N5X8B5,2025-07-03,298,298,260,0,0,260,0,0,38,true,false,,,,,298,0,api_only_pass,2026-10-01T12:03:35.456Z,,b641cb96c964a8d9a1a11f3aadf48dea7bb4ff75550859a6f1a355e6ba08afd2,
2204730,ARC_P2H4F1L0S1E6V1R5Y1D5V2G6Q9B8P2,2025-01-08,300,300,267,0,6,267,0,6,27,true,false,,,,,300,0,api_only_pass,2026-10-01T12:03:52.757Z,,6fa340eba6cdd61daacfff9c5ca50a741c0bc89d2bdc56d3a39a062e1caa5679,
2204739,PRC_W2E4Q1D1Y1L4Y1L2C4Q6E2M1C7U0T7,2024-11-14,300,300,191,0,0,191,0,0,109,true,false,,,,,300,0,api_only_pass,2026-10-01T12:04:08.806Z,,dad8d7862fe0998a880fe815d19f642a738ebc1f35c8106044842a757d730eba,
2204742,PRC_M2U4T1R0S1Q4Z1X4X5F3E3D4E8C5Y0,2026-01-29,295,296,232,0,6,232,0,6,57,true,true,232,0,6,true,296,0,web_repair_pass,2026-10-01T12:03:12.669Z,2026-10-01T12:07:26.661Z,fd9bde3fc8a5dbb50612d23f2d5614c10d78afba0606072d4ea9406abfe4ed29,6c16bd0c5296d75a2316e09fc57be838c9eff0faa6b3dd15e3b64d525bf31d68
2204783,PRC_E2C4L1K0I1J1H1P7O5P8N3M1I5H1H3,2025-02-27,300,300,193,3,7,193,3,7,97,true,false,,,,,300,0,api_only_pass,2026-10-01T12:03:50.519Z,,9523eff3cd29dc44ffc572f76996ca1a0522657cbc3ad178accc2dab877e979a,
2204797,ARC_V2V4V1P0B2U1X1C5M0T6M4V0L6Z8A8,2026-05-07,285,286,167,0,1,167,0,1,117,true,true,167,0,1,true,286,0,web_repair_pass,2026-10-01T12:02:49.430Z,2026-10-01T12:06:36.253Z,b0b6f3790f71bc59aae44914b2d5080602dd9ff8313f74f83e426f47ce9e5d88,1aabdada2d829a7f742a832ea0ba33762c93f0cd1339ddf135dca101f805fb1f
2204799,ARC_E2P4M1F0K2Z1S1V5K0P7F0U1Z8G0A5,2026-05-07,285,286,168,0,0,168,0,0,117,true,true,168,0,0,true,286,0,web_repair_pass,2026-10-01T12:02:49.440Z,2026-10-01T12:06:36.280Z,22142e272dfe8773a8412b2097a627c8a71f24940ce2812601a5b71d13723bd2,c8849902ad61d4b5a19e24e72abb642d68b86b9f8fa90775bbb2020676a1b93e
2204800,ARC_N2J4U1G0C2S1P1X5I0R7D0L8W1L4Z0,2026-05-07,285,286,170,0,1,170,0,1,114,true,true,170,0,1,true,286,0,web_repair_pass,2026-10-01T12:02:49.300Z,2026-10-01T12:06:36.090Z,6bf023d0d367413a871c043b100cac8992a80f6a0e2068a57727d01d694124b9,91dd93e1377223a162ef813ece7bd83879c8a15893288da2f86d64da5d0d72d0
2204804,PRC_L2K4J1I0I1Q6P1O0M2N1V4U5S1T8S1,2024-12-10,300,300,260,0,4,260,0,4,36,true,false,,,,,300,0,api_only_pass,2026-10-01T12:04:01.113Z,,ba439c18aa051db56350d7a43a431b2f6fade7433781f32f269f105b46c5d850,
2204854,PRC_J2I4I0G9H0G4N0O8M2N5L2M1K7S4T5,2026-03-31,294,295,179,0,2,179,0,2,113,true,true,179,0,2,true,295,0,web_repair_pass,2026-10-01T12:03:00.374Z,2026-10-01T12:07:01.018Z,f88f910570930255eecf087d2a8a2e7ff130e4909d2de37d977553c5b9010bfe,1e694a81f0dab5dcab5ea055ad5b2f23536fedff279730b06faea29c2b9f5632
2204886,PRC_Q2P4N1M0N1V6U1S9R4R9Z5Y7W8X2W9,2025-02-27,300,300,224,6,22,224,6,22,48,true,false,,,,,300,0,api_only_pass,2026-10-01T12:03:50.303Z,,556ea480d536530d81b853e08e2d8a6f860f2198300ec93f7a346309a1b56788,
2204888,ARC_M2I4R1Z0K2S4F1I5O1D7G4F4T8D3W8,2025-05-01,300,300,259,0,1,259,0,1,40,true,false,,,,,300,0,api_only_pass,2026-10-01T12:03:38.391Z,,300a667214ec3f2d1a21eb1e3e782494adc2b468232183c5671c92c7579ed32c,
2204904,PRC_E2D4E1D0Y1X0W1X1V4D6C3B6B6A9I2,2025-03-13,300,300,245,0,0,245,0,0,55,true,false,,,,,300,0,api_only_pass,2026-10-01T12:03:45.715Z,,a9212c20047d91c65946a19e7265b058c6ef788dceecb88270c5c435753163f2,
2204908,PRC_M2I4I0H9H0F3H1F3F2N7O1M9M8L5J3,2025-02-27,300,300,245,0,0,245,0,0,55,true,false,,,,,300,0,api_only_pass,2026-10-01T12:03:50.259Z,,cb3f9e22c2bc0c18cea915eefa15d742849e5c74a59cd1a527eb41232b302cc1,
2204913,PRC_R2L4N1J0Z2N4Z2Y0V5B8W3W4E0Z8W2,2024-11-14,300,300,191,98,0,191,98,0,11,true,false,,,,,300,0,api_only_pass,2026-10-01T12:04:08.777Z,,1c4bdb33e6fff0f8ca0bec2d6e7ef455e6818d3c05acff7116b6683674aab233,
2204914,PRC_M2V4T1U0S1R5Z1Y8X0X9W2E1C8D1C6,2026-01-29,295,296,203,0,0,203,0,0,92,true,true,203,0,0,true,296,0,web_repair_pass,2026-10-01T12:03:12.542Z,2026-10-01T12:07:26.641Z,f61126038519254cc7a0e2bb1ee9e34de9fe0670b25cccc60161c766abcc3d39,411a8a388e612ba94ebbab546f4abb0e6e0cc41013995f18a2cefb61686b3309
2204927,PRC_P2W4X1W0V0T8P1O4P2N2M1U9T6S9S2,2025-02-27,300,300,249,1,5,249,1,5,45,true,false,,,,,300,0,api_only_pass,2026-10-01T12:03:50.298Z,,9204e753352333a746347d3879c400d5a641422cf54df4c0dfa9a6c7db1c9531,
2204935,PRC_T2U4S0C9Y0Y1W1X6V4U1U3C7D7B9B2,2025-11-13,298,298,132,1,21,132,1,21,144,true,false,,,,,298,0,api_only_pass,2026-10-01T12:03:25.104Z,,9a68f6e4a12c4a388bac28e6520b855b129e73291f33947684b8142b910cf6b2,
2205005,PRC_V2D4E1D0C0A4W1X4W0U0T3B2C2B9Z5,2025-12-02,298,298,208,4,8,208,4,8,78,true,false,,,,,298,0,api_only_pass,2026-10-01T12:03:20.973Z,,4727c4193630e9b9d13577b1cb63574adcff48ecbcad1e95a5e7fc114730e046,
2205006,PRC_V2U4S1T0S0N9M2L1K2S6S0R1Q8O5X3,2025-01-08,300,300,270,0,1,270,0,1,29,true,false,,,,,300,0,api_only_pass,2026-10-01T12:03:52.701Z,,b5d696d94b258261304f359bd1042a01f3e9fe55f81d61f476d27d21f70b17f9,
2205022,PRC_P2Q4O0M8N0L7M1U7U2S0T0S5Q6Q2Y8,2024-12-26,300,300,274,0,0,274,0,0,26,true,false,,,,,300,0,api_only_pass,2026-10-01T12:03:58.901Z,,842dca7817a8d3bf8f09a0e8981ee7aae8f66caa7a8ca3431f666c23731041e1,
2205027,PRC_V2T4U0S8A0B7Z1Z7Y1Z6X4X5F8G5E5,2024-12-31,300,300,282,0,4,282,0,4,14,true,false,,,,,300,0,api_only_pass,2026-10-01T12:03:54.364Z,,6e90b5d18ea5819bb648555d8048676179aac80eeb1c7b01c6f7f3a3cc3aee84,
2205033,ARC_V2T4D1K0X3T0X1U1P3L0X2Q1P0N7O4,2025-03-13,300,300,268,0,3,268,0,3,29,true,false,,,,,300,0,api_only_pass,2026-10-01T12:03:45.499Z,,46630b761d1a5eac3a37f24173321e5f23c0313ba7e10ecb790ff5087e47d285,
2205046,ARC_T2E4S1X0J3I0Y1V3Z5R3D4U1U8B3U7,2024-12-26,300,300,258,1,0,258,1,0,41,true,false,,,,,300,0,api_only_pass,2026-10-01T12:03:58.858Z,,3598bd4d5dfd240aa45de73eed8e5bde62bbe9b13107972a9bdbbb2b393346ca,
2205068,PRC_E2C4D0L9M1K9K1I6J3H4I3Q1O2P8N8,2025-02-27,300,300,214,1,5,214,1,5,80,true,false,,,,,300,0,api_only_pass,2026-10-01T12:03:50.121Z,,480d2c532ebab8b8b13921034bf90c9bccd8f6fd436b5bb7796c6fe8e4ec42a4,
2205121,PRC_N2S4T1S0H2G8E1D9L1K1L0K3I4Q8P3,2026-05-07,285,286,185,0,1,185,0,1,99,true,true,185,0,1,true,286,0,web_repair_pass,2026-10-01T12:02:49.258Z,2026-10-01T12:06:35.946Z,fe2bd73c58b464e9c11ece48666e45aac8c8dd40f44f51b5458e640604426ec6,16b9d0328e12966c472f5b4ea535f640b86a0283d786e97bf29eea6b14b2cbbe
2205130,PRC_M2U4S1R0Q2Y5X1Y6X1V4K0J6Z1Y4W2,2025-02-27,300,300,226,0,12,226,0,12,62,true,false,,,,,300,0,api_only_pass,2026-10-01T12:03:50.113Z,,c2c4e72b4c97040c8c402380236562214eb8698cf537ad3b5051bde936054380,
2205163,PRC_F2C4A1B0Z3Y0G1F3G2F7D5L2K0N2M0,2025-12-02,298,298,229,0,3,229,0,3,66,true,false,,,,,298,0,api_only_pass,2026-10-01T12:03:20.952Z,,f8fc7b28f3ce661f5e3b912810968df7dafc62ca627b4156bdfe4e4574c7c5f4,
2205167,PRC_K2J4H1G0O1P7O1M3L0T0T5S1R8P8X5,2026-05-07,285,286,168,0,0,168,0,0,117,true,true,168,0,0,true,286,0,web_repair_pass,2026-10-01T12:02:49.335Z,2026-10-01T12:06:35.850Z,0e15f5478bebee7f1f100d9f46d570d7b2864b9bcc4df17bdca5a475b1dd1c99,88739b35e70707a11ba70994bb6f7b50fed8ade8136cf57cf57937dd9b990b8e
2205185,PRC_E2M4L0K9J2F6E1C0C0K3J1I3H8P1M3,2025-02-27,300,300,212,0,6,212,0,6,82,true,false,,,,,300,0,api_only_pass,2026-10-01T12:03:50.156Z,,ff09543056c18becbdc4ca439dc466108a1a7e120dea03601e9ac0a5eee8839b,
2205206,PRC_X2Y4W0X6V1W2D1C6D1B8B2A8A3I2J3,2025-10-26,298,298,261,0,1,261,0,1,36,true,false,,,,,298,0,api_only_pass,2026-10-01T12:03:28.753Z,,e78655a964363b9932a9b3ee2e3408d9e29caf71580fb29eae985ceb13a1b772,
2205212,PRC_D2C4B1J1I0H1F1N7M0G2F5E5D8L9K4,2024-12-26,300,300,184,91,5,184,91,5,20,true,false,,,,,300,0,api_only_pass,2026-10-01T12:03:58.960Z,,a1399160f42204f61044d75b9b8c6e2db2e2ae43e84cff762e2778475f61e871,
2205241,PRC_E2D4Z1A0Y2X5W1E8D5E6C1B9J2H5I4,2025-02-27,300,300,225,0,2,225,0,2,73,true,false,,,,,300,0,api_only_pass,2026-10-01T12:03:49.982Z,,e827a1713904c6fae1da88a8a493fbbff57bf46f9c2e6492af5855b9315dc4a3,
2205260,PRC_P2N4M1G1X0I5Y1Y4J1Y3V3U2W5K9U8,2024-11-28,300,300,173,36,25,173,36,25,66,true,false,,,,,300,0,api_only_pass,2026-10-01T12:04:06.678Z,,bbe83d7ed9fca52397881508c7ae19edd01b732b47e641c582f370131662b660,
2205290,PRC_S2S4Q0R9Q0Q9O1P3L2J7J5I6J7H4H4,2026-03-12,294,295,198,0,0,197,0,0,97,false,true,198,0,0,true,296,1,hold_tenure_boundary,2026-10-01T12:03:03.443Z,2026-10-01T12:07:07.533Z,644b680ec6ee30bc96364a7757a03bebb22bd240aac855df7b720a242b561396,c7eff929ff3d9ef13b4929a1c271d7ac3e2089b914a712cc279bcbc1805ae24e
2205320,PRC_Z2A4Z1U0T1S0R1Y7Y4Y1X1W6E5C6B4,2025-02-27,300,300,244,0,1,244,0,1,55,true,false,,,,,300,0,api_only_pass,2026-10-01T12:03:49.928Z,,8d1579edef733933cc57de1de5346302e1e8964f76982171742bfeb6262190f1,
2205334,ARC_Y2X4N1J1N0Z7G1F0T1I8H1K5B7H1N9,2025-02-27,300,300,208,0,1,208,0,1,91,true,false,,,,,300,0,api_only_pass,2026-10-01T12:03:49.958Z,,c4d068eedb37c441089da3ffefba150cff67faf6e707055f60e26fef0bb92bdd,
2205335,ARC_S2C4B1J1W0T7E1O0Q2Z4K4S1I6W5V2,2025-02-27,300,300,207,0,1,207,0,1,92,true,false,,,,,300,0,api_only_pass,2026-10-01T12:03:49.825Z,,d10e22def3182be636f4ac11b307a5a6f0cfce4bf89ee88820d3d3cc811cf127,
2205336,ARC_T2F4T1M1F0M7A1R0X2Q9M2D5R8C6V9,2025-02-27,300,300,209,0,3,209,0,3,88,true,false,,,,,300,0,api_only_pass,2026-10-01T12:03:49.782Z,,fe32e971c2bceffea19dc2ba2751018a686a22d014414b807725043616eaea9f,
2205363,ARC_F2M4X1W1S0Y7W1T6J4M9O0Z6S3F6M2,2024-12-26,300,300,258,0,2,258,0,2,40,true,false,,,,,300,0,api_only_pass,2026-10-01T12:03:58.754Z,,61775bc32197ad8596eeff1c1e7c8819e78c2dfa67646a83b2c48b88bfd47b82,
2205364,ARC_E2P4F1S1Q0E7L1B6O5Y2J1N5G0U5X3,2024-12-26,300,300,260,1,2,260,1,2,37,true,false,,,,,300,0,api_only_pass,2026-10-01T12:03:58.709Z,,2aafa3b7836756b4eccaa35f04c8940bd00dd3df2eb7b773b505858f17553c25,
2205375,ARC_J2U4Z1P1D0E8Z0F9R3S1S0X1H8R5L1,2026-05-07,285,286,211,0,3,210,0,3,72,false,true,211,0,3,true,286,1,web_repair_pass,2026-10-01T12:02:49.134Z,2026-10-01T12:06:35.753Z,62787b69efdd762cc8059ba680d55ed6a775489f0b407a3ed3d7d921d9c3abfb,943f94cfa9eb3b98a71bfcb31690e610d3a5f5f617f375413eccc73479ec8a88
2205380,PRC_W2E4E1D1B0B5A1B4I0J2H0G6G2E3G5,2024-12-10,300,300,270,1,0,270,1,0,29,true,false,,,,,300,0,api_only_pass,2026-10-01T12:04:01.150Z,,5eb2fc56985b09cbda7228f16003e975eac4d827fb9ba5df40db718e6a4d3d25,
2205383,PRC_E2L4K0U9R2Q4Z1V0V1D3C4Z5V7W6F6,2025-02-27,300,300,200,0,2,200,0,2,98,true,false,,,,,300,0,api_only_pass,2026-10-01T12:03:49.726Z,,040bc177b5fd2b5ff7a582d5553179947027b99c13069a11fee3d68e3519d74c,
2205392,PRC_X2W4E1D1D0C5B1I6Q2P6N2M0I1H1I0,2025-04-02,300,300,255,0,5,255,0,5,40,true,false,,,,,300,0,api_only_pass,2026-10-01T12:03:40.907Z,,c3dbb94bc5312ba08c92974f2adebc4709f7205e1887c645d3f1f7bb552bb598,
2205398,PRC_R2R4P1R1P0P4X0W9W4U4V4T3U4Q2O6,2025-08-04,298,298,240,0,0,240,0,0,58,true,false,,,,,298,0,api_only_pass,2026-10-01T12:03:31.135Z,,41d0a0e723fd157098550eb1d779a65ea5457e5cc335858f386db4f5bac361ef,
2205400,PRC_S2B4C0A9Z2X7F1E1F2E1D3Y3X4Y7X5,2025-02-27,300,300,233,0,6,233,0,6,61,true,false,,,,,300,0,api_only_pass,2026-10-01T12:03:49.569Z,,334472cb217b807fa8974d869f107c1ff2d319b6df041ac1b98cccf75af3a9bf,
2205407,PRC_L2O4B1L1K0W7T1S4Z5W4T4C0G5W5A4,2024-11-14,300,300,272,1,0,272,1,0,27,true,false,,,,,300,0,api_only_pass,2026-10-01T12:04:08.672Z,,71be30944ff9413d9ea5abd254f48a56bd1db667c44c23c90a55af41c55e4b8a,
2205409,ARC_C2T4H1P1L1C1K1P0C0M6Y1R0I0D5U6,2025-11-13,298,298,230,0,2,230,0,2,66,true,false,,,,,298,0,api_only_pass,2026-10-01T12:03:25.068Z,,86e308be2be6768a5c072f3a818bc5e6b5d108c99374fe904a89ecf6e6dab0f1,
2205411,PRC_H2E4A0B9U2Z4B1B7L2T9Q2B8J3J8W9,2024-11-14,300,300,283,0,4,283,0,4,13,true,false,,,,,300,0,api_only_pass,2026-10-01T12:04:08.631Z,,c36eb90c92b4f90f7a58910c4787db2b6066a98c82775ba1529da87a00a9e71f,
2205412,PRC_F2X4N0B9H2M4X1D7K3Y8M2Q1Z8Y7R6,2024-11-14,300,300,287,0,0,287,0,0,13,true,false,,,,,300,0,api_only_pass,2026-10-01T12:04:08.663Z,,18fc61750992699b9cb6992b4654728975c2ac6143d69c50be1ca5e4fe7b2889,
2205416,PRC_K2B4A0M9X2V4T1P7W3Q3A2P9S0P8F2,2024-11-14,300,300,280,0,3,280,0,3,17,true,false,,,,,300,0,api_only_pass,2026-10-01T12:04:08.538Z,,58fb9413726d4eb48458dbac03a8dfc233a56913b9f205e71edfabfbf8dfc1a1,
2205419,PRC_T2N4M0O9E2I4I1I7N3D1V1N8V0N0S3,2024-11-14,300,300,284,0,1,284,0,1,15,true,false,,,,,300,0,api_only_pass,2026-10-01T12:04:08.489Z,,01ad75fabad2f861de7a606d08cd7691fdd42325081787014ecba6c4404c91a6,
2205421,PRC_M2J4A1L0C3U0C1P7D3Q9B0Y1Y4S1Q8,2024-11-14,300,300,253,2,9,253,2,9,36,true,false,,,,,300,0,api_only_pass,2026-10-01T12:04:08.454Z,,d1e8e72bc521da4f8a3c49fd9973e3214aaed9192e184b3b07bf55851b665613,
2205424,PRC_N2T4C1Q1Z1X1S1H4D0T1X3P2S5S7Q6,2025-07-03,298,298,256,0,3,256,0,3,39,true,false,,,,,298,0,api_only_pass,2026-10-01T12:03:35.385Z,,6d162caa25ec8e0ca6ee6e11a5785fd112af86e5a7c4336dac341f35a382b3b8,
2205426,PRC_I2B4R0J8Q2I3C1P1A5T1R4L1R9T4J6,2024-11-14,300,300,281,0,4,281,0,4,15,true,false,,,,,300,0,api_only_pass,2026-10-01T12:04:08.355Z,,41c126a7b4430e745ba51302de0482bfdda8bd78770cc57752aa7e98973fe1c0,
2205430,PRC_N2Z4L0R9D2C5O1C4N1I2Q0X0G6W3X4,2024-11-14,300,300,273,0,10,273,0,10,17,true,false,,,,,300,0,api_only_pass,2026-10-01T12:04:08.313Z,,cfa8f9f129db877048f21babd2a27867d9b50bdea8278a4a5fac3d759da4992d,
2205431,PRC_C2U4R0Q9L2B5N1L6E1X4I3V0M9C3W9,2024-11-14,300,300,275,4,8,275,4,8,13,true,false,,,,,300,0,api_only_pass,2026-10-01T12:04:08.404Z,,5b07665b2883272995b9ca0d17f54828177e0a6fb2347dcf27c614ac8bca2008,
2205435,PRC_B2X4W0J9E2K5U1X4E1P2L3J6Y0N5K1,2024-11-14,300,300,282,0,6,282,0,6,12,true,false,,,,,300,0,api_only_pass,2026-10-01T12:04:08.218Z,,2d174beb23cfe03a7497e1edb4d5903ac67590fb1ac37ebdd79021b6d3632b5d,
2205436,PRC_A2P4B0X9R2X5Q1K4I2J4W5B5O4D3L2,2024-11-14,300,300,281,4,3,281,4,3,12,true,false,,,,,300,0,api_only_pass,2026-10-01T12:04:08.169Z,,923eece825890e84646c2bea24eaa59e488cfe1503ef1825d9755ab81535b9c7,
2205443,PRC_W2X4W1U1U0T7T1B7C0A4Y5Z6Y5Y4G0,2026-01-29,295,296,195,0,0,195,0,0,100,true,true,195,0,0,true,296,0,web_repair_pass,2026-10-01T12:03:12.439Z,2026-10-01T12:07:26.396Z,5a6879b21b8595079b7fbb72cf08eabc85e553b39920d128af5bac644448a551,b4611c0a65104f5537c2b892436adfbd921b8638f1318f73a1259d7bf690d6f2
2205447,PRC_R2X4J0R9O3L0E1L1F3A1T5X7T9S5N0,2024-11-14,300,300,281,0,0,281,0,0,19,true,false,,,,,300,0,api_only_pass,2026-10-01T12:04:08.096Z,,1de87657f61949e2e5273b72d9435eac8fbd55968a938c7030c0415b0a992236,
2205454,PRC_K2I4H0H9G1G1O1P1N2O7M5M4K2T9T8,2025-01-08,300,300,273,0,4,273,0,4,23,true,false,,,,,300,0,api_only_pass,2026-10-01T12:03:52.598Z,,47b08f4bbadbe9171c9914ab73dfedb5fb98097b6595bf6780b2fe593f1b93eb,
2205462,PRC_A2Z4Z1H1I0G7H1F1E2E2M4N1L9M3K0,2026-01-29,295,296,196,0,1,196,0,1,98,true,true,196,0,1,true,296,0,web_repair_pass,2026-10-01T12:03:12.614Z,2026-10-01T12:07:26.274Z,f0cf4423ca54b0e528e6032c27c079bc42fc6a2a6cede55728e4fd1883030dd3,5f1304446f93747ed7ea42e1543674fd528007688371448eec119259db41497d
2205465,PRC_A2B4Y0M9S2B0M1H6Z5Q5N1F4B2V7T2,2024-11-14,300,300,293,0,0,293,0,0,7,true,false,,,,,300,0,api_only_pass,2026-10-01T12:04:08.061Z,,3bf0d1877364b6c7d376f0270f4becf26725c5df162b1e2fbc4e969dbaebbe76,
2205467,PRC_R2U4G0Y9L2W4N2S1A2G4Z3P4T6T7J6,2024-11-14,300,300,286,0,3,286,0,3,11,true,false,,,,,300,0,api_only_pass,2026-10-01T12:04:08.023Z,,393ce8e6dd325d30cf3a843f8c0593707c19fe6f8dea8665a28f696f9714ec56,
2205468,PRC_K2Z4S0G9D2V4O2L1P2C3S0A6U5O6Y6,2024-11-14,300,300,289,0,1,289,0,1,10,true,false,,,,,300,0,api_only_pass,2026-10-01T12:04:07.897Z,,6557ff1a21743896d0b2ca6dd66ca789cc1ac475f746de19bd816eb66956e0ae,
2205469,PRC_T2S4O1N1M0K5T1S0Q5P9X1W3X5W6U8,2025-03-20,300,300,258,3,7,258,3,7,32,true,false,,,,,300,0,api_only_pass,2026-10-01T12:03:42.634Z,,b364a541acf1e3ac2f949eb8ef88bb00dfc8118fb5ea6c3d4fceb83a351b99df,
2205470,PRC_I2I4S0D9A2Q4N2O1M2W5U1E3L1Q6D1,2024-11-14,300,300,288,0,0,288,0,0,12,true,false,,,,,300,0,api_only_pass,2026-10-01T12:04:07.873Z,,ad52c62d355b77a193f0752e83cd306cd66d633c60a91e3c1b7d02775d27ead1,
2205487,PRC_G2F4E0D9L2I6H1Q0P1O0M2J8G9E1N7,2025-04-02,300,300,256,0,3,256,0,3,41,true,false,,,,,300,0,api_only_pass,2026-10-01T12:03:40.827Z,,4e2d4e8347c6b1379b9fa142409216d75f073698d21fd70560fda9def0522529,
2205496,PRC_E2D4C1C0B2J8I1H0F2G1O3N4L0K3L0,2025-01-08,300,300,263,1,9,263,1,9,27,true,false,,,,,300,0,api_only_pass,2026-10-01T12:03:52.560Z,,826bbb8eaa72c003765ff447065c1e84a3acb132ceee411c188f939fb81e7825,
2205514,PRC_S2R4Q0Z9W2U4Q0Q9O3N0Z4X6E4C1C1,2025-05-01,300,300,252,0,3,252,0,3,45,true,false,,,,,300,0,api_only_pass,2026-10-01T12:03:38.376Z,,676609251f07e3eb8d5be8394c041ccb47787c155f2f6c240897435d27920577,
2205527,PRC_H2H4G1H1F1F2O1M7M4L5L1K3S6S2Q2,2026-03-31,294,295,203,0,4,203,0,4,87,true,true,203,0,4,true,295,0,web_repair_pass,2026-10-01T12:03:00.390Z,2026-10-01T12:07:00.983Z,4814b30ce4f7fea2932d35d32555050c6114703d5db3d82ea78c8a42a35428f5,38e48f9dfc8a5009316f2eb0563e6885c319ad74926ca4572687a97152be1a17
2205532,PRC_N2O4W1V0T3S0A1B3Z3Y8X0F7E3C7D0,2025-02-27,300,300,195,0,2,195,0,2,103,true,false,,,,,300,0,api_only_pass,2026-10-01T12:03:49.572Z,,5b9d7e7c1b01903b48f36c7ac0fa19eac8479cdb7d7f66c21ef69ce15f0ea6f1,
2205536,PRC_R2Q4R1Q0Y1W7V0W9U5Q4P3O0O9N0V7,2025-02-27,300,300,196,0,0,196,0,0,104,true,false,,,,,300,0,api_only_pass,2026-10-01T12:03:49.555Z,,3494d417d2723ac4eae1d9f9afda7f50102e71a5b91c6242ac4562cb75684b3e,
2205551,PRC_D2B4A1A1Y0Z8H1I8G1E2F0D5E5M8M0,2025-10-26,298,298,241,2,16,241,2,16,39,true,false,,,,,298,0,api_only_pass,2026-10-01T12:03:28.721Z,,03652532948709420aa439174b9e0641c4197251b2b110ce3dd96c501d28015a,
2205561,PRC_H2B4B1A0G1F8J1I7I1G4N5M6L2U0Q2,2025-12-02,298,298,197,2,20,197,2,20,79,true,false,,,,,298,0,api_only_pass,2026-10-01T12:03:20.837Z,,08c2b9f39fbaa4737ccb216aef09f0b1cedec69417fa53e91e755b0464de9222,
2205568,PRC_E2D4L1K0I0J8H1E7C1B2C3A4I2H8H4,2025-11-13,298,298,153,0,2,153,0,2,143,true,false,,,,,298,0,api_only_pass,2026-10-01T12:03:24.942Z,,eb8c947541f14835332b0c7f597944913fe5e3be2f7d18678825b48e27403fb4,
2205571,PRC_P2N4W1U0T2U9T0P9N1L7K4L9T4S9Q0,2025-02-27,300,300,200,0,4,200,0,4,96,true,false,,,,,300,0,api_only_pass,2026-10-01T12:03:49.421Z,,222d6dabbe9445b3d78f87c81b9728231580c2a9143ef6c762756135e3c5c2f9,
2205627,PRC_N2L4M0H9G2H3F1F5E1E4M0N0L1K4K6,2026-08-20,284,299,196,0,0,183,0,0,101,false,true,196,0,0,true,299,13,web_repair_pass,2026-10-01T12:02:39.867Z,2026-10-01T12:06:15.521Z,6da22915c283cf1a0bebd851b7a14884b6724d6621ee6fdbeebf6e8bac08d40f,f7ed22f552d80e5c893201663baaf12504978a9f91dd06adb412017ee390c073
2205628,PRC_Z2Z4X0W9W2V3W1D5E1C3B1B9Z0A7I4,2026-08-20,284,299,197,0,1,185,0,0,99,false,true,197,0,1,true,299,13,web_repair_pass,2026-10-01T12:02:39.947Z,2026-10-01T12:06:15.260Z,9de6bbecc53d3d40509230dfa08cbb3f44cf927fa3b030e054682062773c92fc,2b92fd2840104272578e6f51f868fad97fec7d6d32b7ca726d8291e71a728e09
2205629,PRC_T2S4T0A9B2Z3Y1Y5W1X2T3U5S4S8R5,2026-08-20,284,299,197,0,0,185,0,0,99,false,true,197,0,0,true,299,12,web_repair_pass,2026-10-01T12:02:39.775Z,2026-10-01T12:06:15.208Z,19f62217af6356c72f9cc755afad52c03909ccaf5064fa62c9e6f0aa50b3753f,b75bc8647972297c9b043bf11df147aeb278067f96ca972734e9c3eca655e07e
2205642,PRC_G2E4E1N1L1L3J1L4J3J9Y5X1X0V8W6,2026-03-31,294,295,203,0,0,203,0,0,91,true,true,203,0,0,true,295,0,web_repair_pass,2026-10-01T12:03:00.362Z,2026-10-01T12:07:01.012Z,03f0236d0388990ec01fe6c7932ae9baa055f0d47be29abc8d7a6473f91b091a,e44f936a9eb08c425816e23f01578997fda1b65e71cb980fc1c8d5fbccea5899
2205661,PRC_G2N4M1L0K2E3D1C0L2U1T1S2R6L8K2,2025-03-13,300,300,273,0,0,273,0,0,27,true,false,,,,,300,0,api_only_pass,2026-10-01T12:03:45.505Z,,6d322be0d278decd9ff8e73673e91d31f97f67f80f000103afbd5e5e76708e09,
2205704,PRC_L2M4K1I1J1R9S1Q4Q1P9N3O8W7W9V0,2025-08-25,298,298,180,0,2,180,0,2,116,true,false,,,,,298,0,api_only_pass,2026-10-01T12:03:30.292Z,,eb14838499e0778e1b7a1569512e73abf85f7210d446eed6179bfc15ad3a2905,
2205723,PRC_R2M4N1M1M1K3L1K4R2S0Q5R0P2Q5O4,2026-02-12,295,296,155,0,0,155,0,0,140,true,true,155,0,0,true,296,0,web_repair_pass,2026-10-01T12:03:07.639Z,2026-10-01T12:07:16.028Z,48a8d38f6edfc00b38a3c012a57583550d1c7d408b5387465a722ec72f9a7549,b18968e12380dc8cd235b8861cced3c224977ac8ab914407d1ba4a76a0d8b291
2205724,PRC_X2W4E0D9A2I6H0G9F5N9M1M6K7E6D8,2026-03-12,294,295,188,0,1,187,0,1,106,false,true,188,0,1,true,296,1,hold_tenure_boundary,2026-10-01T12:03:03.410Z,2026-10-01T12:07:07.276Z,99d463e6083b658233c3154e3d9672d20ba46b28a4b8f78e21b11fd7ac7ccf25,c456f5e12f15d7ff56c3fc69e80ad8f4995ae7ecd9c16235de669e9301e32851
2205732,PRC_P2N4O1M1N0L6L1B8Z5Z0Y1Y9X2X9F8,2025-11-13,298,298,124,6,23,124,6,23,145,true,false,,,,,298,0,api_only_pass,2026-10-01T12:03:24.938Z,,4a677e16966a4bde6755f1ad1fd74e357504f424a9958eea8a10e5f56ec4e0df,
2205744,PRC_D2E4L1M1L2J0J1I1I4Q4R0P1N5O9N9,2024-11-28,300,300,138,59,1,138,59,1,102,true,false,,,,,300,0,api_only_pass,2026-10-01T12:04:06.606Z,,dd747de0aed17d497fd6535126f692258c5b106fb0751db56dd09a87d6bf9447,
2205752,PRC_S2R4S1R0Z2X5W1V7W0E1D1B5Z1W7X3,2026-03-12,294,295,192,0,0,191,0,0,103,false,true,192,0,0,true,296,1,hold_tenure_boundary,2026-10-01T12:03:03.371Z,2026-10-01T12:07:07.273Z,443f44830161f3fd1f579ff4ba32516958c35c0a4b5de3e1d285b71db03dedf5,b8ddc96369ff7745583236dbb8d710fe4e997e125d4fb96e65b08e12a35707a0
2205762,PRC_V2T4U1T1R2R1N1O0M2N5L4J3K5S8T2,2026-04-23,294,295,215,0,0,214,0,0,80,false,true,215,0,0,true,295,1,web_repair_pass,2026-10-01T12:02:55.786Z,2026-10-01T12:06:49.556Z,6a7857a35d4758a3c59841653a53a53515bda5c239711e5c6790995d88ba41f4,25b7d579e692fe93fbd82bb597fa03de2445e5f65db71d2009f6634fee9d2ad2
2205778,PRC_Z2J4E1Q1H2S0L1H9O5W5C4G1G4W4T2,2024-11-28,300,300,146,76,0,146,76,0,78,true,false,,,,,300,0,api_only_pass,2026-10-01T12:04:06.443Z,,b1e3d66587001b2e4bca6422c545892aca7083f1ca8caafc1cb4f0fa66bc382d,
2205795,ARC_A2A4S1W1C2J2N1Z4I3X5E4M1V3I9W2,2026-01-29,295,296,217,0,0,217,0,0,78,true,true,217,0,0,true,296,0,web_repair_pass,2026-10-01T12:03:12.301Z,2026-10-01T12:07:26.296Z,d9889efbf3bd7caad4af3be5b8450bf992293e3646a1e065cde30ec44fd17db9,97148a54272bf4ad880b3285fbfe80435bab7131caa2b91ce56a4fff152292e4
2205800,PRC_X2W4U0T7B1C9A1Z3Y1G4H0G1E2D0L7,2026-07-23,284,299,183,1,3,174,0,3,107,false,true,183,1,3,true,299,10,web_repair_pass,2026-10-01T12:02:41.462Z,2026-10-01T12:06:19.024Z,9b411257a2487ef48097a380b6e2e3cd8bffb8bb362a07ffdf32d3ffd781fbe5,15b34213746823e90aebd4275017d826045a349860bfe643d012c37f040e90f9
2205821,PRC_B2B4Z1A1P1O4O1M6N5M0M4U3T0T3R3,2026-06-18,285,300,245,0,3,231,0,3,51,false,true,245,0,3,true,300,14,web_repair_pass,2026-10-01T12:02:43.199Z,2026-10-01T12:06:22.710Z,7c3bcf4465c1f4110ad820bf0c599acb4335d84b9f35e2430a3936d5d91b2403,b9174565fdf67b62bd343900d654d5f4bbac865cc6ecafa405da6c10cbf12546
2205839,PRC_G2D4D1Z0Y2V2E1D1G0F5C4L3J2J8P5,2026-06-18,285,300,249,1,2,235,1,2,47,false,true,249,1,2,true,300,14,web_repair_pass,2026-10-01T12:02:43.128Z,2026-10-01T12:06:22.695Z,54b330cf18ff1224f1f50dcd5ac41436fa53210e9ac5ccb2aedab8448d57f19b,b30a96108ca1c47fe8f1181736e36061ca246a244e17f82fee30513a1ef1f857
2205857,PRC_X2W4L1M0L2J8I0Q9P3O7O1N2V6U9T4,2025-10-26,298,298,248,2,11,248,2,11,37,true,false,,,,,298,0,api_only_pass,2026-10-01T12:03:28.739Z,,f95fca8575741a6796836f21e521fae16fe6078cdec0ebda7f4c99ae0b26f44a,
2205866,PRC_K2J4Y1X0Y2W9V1D1E1C3B1A5I2I8H0,2025-11-13,298,298,237,0,1,237,0,1,60,true,false,,,,,298,0,api_only_pass,2026-10-01T12:03:24.877Z,,3fe0e4b8f2e9eb0f63f509da15e7a2619bc4150552935ad7dff5cfa7feb4ffd7,
2205877,PRC_K2I4P1Q1P2P6N1O0N1I0J5H4I9G0H7,2026-02-12,295,296,160,0,0,160,0,0,135,true,true,160,0,0,true,296,0,web_repair_pass,2026-10-01T12:03:07.590Z,2026-10-01T12:07:16.004Z,d520e39c6c27574bb7998a1c0e7ca252a9e21f5323b5d56a45cb002ce081ff1b,a72a2094c3bf3ab738d96da0e9ad118906e02955ba2135d7f4c97cbd51354110
2205894,PRC_G2G4F1B1B2Z5A1Y1Z2X6F1G9E0F9D5,2025-03-13,300,300,256,3,6,256,3,6,35,true,false,,,,,300,0,api_only_pass,2026-10-01T12:03:45.517Z,,02d1c2ea80c83fde16721012fe0ae947faaff73ccfc5e66bf970ed473301027a,
2205906,PRC_P2Q4O1W1X0V8V1U1V0T9T3C9A3A7Y8,2025-03-20,300,300,271,0,1,271,0,1,28,true,false,,,,,300,0,api_only_pass,2026-10-01T12:03:42.681Z,,70400f0249d19010084ae4c5ca84da0586e69ae348c5de3c75550e079bba2717,
2205907,PRC_G2F4F1N1O0M6N1L6J4K9S2S1R1R5P9,2025-02-27,300,300,228,1,0,228,1,0,71,true,false,,,,,300,0,api_only_pass,2026-10-01T12:03:49.405Z,,c31aae357d4154b8b1fc3f221c922ad54fdf6e79246cbea96f43b5415d72ce81,
2205908,PRC_J2K4I1J1H0I8P1O1P0N8N4M1M0U6V7,2025-03-20,300,300,269,0,0,269,0,0,31,true,false,,,,,300,0,api_only_pass,2026-10-01T12:03:42.498Z,,e556daa9db20fe6b0219bbec2f6e2375103f2f6561c7c0b0fd05bae22ef34db8,
2205924,PRC_S2R4P1Q1O2O1W1X3V5W1U0V9T3G3G7,2025-02-27,300,300,202,0,0,202,0,0,98,true,false,,,,,300,0,api_only_pass,2026-10-01T12:03:49.316Z,,252bcafdee3e21c9feb83e18741561857c8978071c56cefac97ddb0ed411d5ed,
2205945,PRC_Y2M4S1J1O2T7Z1F5V1V8H3U4Y1A2D7,2024-11-28,300,300,162,25,29,162,25,29,84,true,false,,,,,300,0,api_only_pass,2026-10-01T12:04:06.489Z,,b47ec8746174a34130d5e010d97ef5ae12690ad28ca596463534383dbb940b28,
2205949,PRC_F2K4E1S1W2Q0J2W0P5B5M3M3A9Q0Y0,2024-12-02,300,300,280,0,6,280,0,6,14,true,false,,,,,300,0,api_only_pass,2026-10-01T12:04:04.237Z,,bf5262ddd7ab941f549b846b213e1af0676944e95fb99b727e41c142fe2200fb,
2205950,PRC_Q2J4H1A1A2Q0F2E1P0V2V1B6K5S2G6,2024-12-02,300,300,288,0,1,288,0,1,11,true,false,,,,,300,0,api_only_pass,2026-10-01T12:04:04.257Z,,121ebc819b6d751a26038bba6bc295e6541b803a1be26b6a0f92ac7378f1a960,
2205951,PRC_V2I4I1T1G2K0Y2W0S5Q7W4I5Z6F4V1,2024-12-02,300,300,285,0,0,285,0,0,15,true,false,,,,,300,0,api_only_pass,2026-10-01T12:04:04.422Z,,969a2fd54d1cc4b8ac31e1070eb51ede4014381b0d4dbf8d0f1e4978436161a1,
2205952,PRC_G2C4G1F1Y2S0Q2R0C5W8C3F1C5Z6M3,2024-12-02,300,300,280,0,0,280,0,0,20,true,false,,,,,300,0,api_only_pass,2026-10-01T12:04:04.062Z,,2b716714d4947cec081f09a8642883fd1e9cca60d431590f1aa76f71f67dd679,
2205953,PRC_F2Q4G1S1S2N0G2F1V0C8F0W5X5H5R7,2024-12-02,300,300,287,0,1,287,0,1,12,true,false,,,,,300,0,api_only_pass,2026-10-01T12:04:04.005Z,,d8f008e1028f069e57323b895918c0219afc6af2d54abe5bbf888a7fa35c1036,
2205954,PRC_A2K4C1X1H2F0M2Z0D5K9K3C8T6P7Z2,2024-12-02,300,300,286,0,0,286,0,0,14,true,false,,,,,300,0,api_only_pass,2026-10-01T12:04:03.908Z,,672dd0b7ab8db16af5f79349cdf8ae7b195169dcb0e8b5dfd2d7fabb5f472f40,
2205955,PRC_A2J4E1S1S2I6G1V8L3M0C1P3H8S0H1,2024-11-28,300,300,269,0,1,269,0,1,30,true,false,,,,,300,0,api_only_pass,2026-10-01T12:04:06.440Z,,534ba3185cd0915fab1cc5e9646fbbc3c6018f78d18d245e3ceb65eb9aadfe0c,
2205956,PRC_I2S4Q1Z0R3L0Y1Q8D2Y7A5W2X8C9B7,2024-11-28,300,300,171,97,2,171,97,2,30,true,false,,,,,300,0,api_only_pass,2026-10-01T12:04:06.295Z,,8b84c6317da16a3d0cad4bf2fb442756aeca435e55099cde7243b0ec447f5373,
2205957,PRC_R2V4R1V1X2H6Y1C8B2X9E0F6D5G6N5,2024-11-28,300,300,270,0,0,270,0,0,30,true,false,,,,,300,0,api_only_pass,2026-10-01T12:04:06.301Z,,6fb97cc18bc0546d72c6f420543707141408cab1848081db98319ef6e09e8416,
2205958,PRC_L2P4B1H0V3J0M1P7O4A4M5Y9X0C7X2,2024-11-28,300,300,171,101,0,171,101,0,28,true,false,,,,,300,0,api_only_pass,2026-10-01T12:04:06.223Z,,9dedab0d7860ca296f6156af995955adbcd41f29319c25b365cb8a70f966865d,
2205960,PRC_E2Z4I1D1M2S6Z1F8T2M7B2D3M0R5H9,2024-11-28,300,300,266,0,2,266,0,2,32,true,false,,,,,300,0,api_only_pass,2026-10-01T12:04:06.141Z,,2019cf1acc746ba392b4c5e8f3433c13201ae91419277b056fbecddfce8457e2,
2205962,PRC_V2K4W1T1T2P6R1I8Y2Q6Q1W8U5P0U1,2024-11-28,300,300,268,0,0,268,0,0,32,true,false,,,,,300,0,api_only_pass,2026-10-01T12:04:06.156Z,,3f23b5993d2491375267160199991a24b83edecc212f3d82814f756c7ab4e987,
2205963,PRC_J2C4N1D1M0L8Q1W3W0D9M1C2M8B3H4,2024-11-28,300,300,259,0,0,259,0,0,41,true,false,,,,,300,0,api_only_pass,2026-10-01T12:04:06.040Z,,2f26aaa561a009c5a18f9ce33755b8a8cd79102376357f300042c78171ee6eda,
2205964,PRC_N2C4C1O1V2V0N2G0J5X0V5Z3L7Z5Z0,2024-12-02,300,300,287,0,0,287,0,0,13,true,false,,,,,300,0,api_only_pass,2026-10-01T12:04:04.009Z,,fe5b3ebe643907ff0fb2da9d01bc273bf2c8556710c906bb7f2c2c8c39f1b4dd,
2205965,PRC_X2C4K1F1V1K3U1X3D5W7O0N3N9W8V9,2024-11-28,300,300,202,6,39,202,6,39,53,true,false,,,,,300,0,api_only_pass,2026-10-01T12:04:05.988Z,,86adc277e7afb9869029995380a1803946c40ce96987ce4210fa7e1c90c0d4e2,
2205966,PRC_M2W4A1Z2E3F0H1X8F0Z2X2Q4B9H7Z1,2024-12-31,300,300,181,107,1,181,107,1,11,true,false,,,,,300,0,api_only_pass,2026-10-01T12:03:54.215Z,,8928ce1444060e71026faf5055e586ef3d4b7eba7f4665887f382cfcb7b4bada,
2205967,PRC_G2C4Z1D1G0G5K1N5U1T6L1S4Y3R7Z6,2024-11-28,300,300,253,0,1,253,0,1,46,true,false,,,,,300,0,api_only_pass,2026-10-01T12:04:05.944Z,,f54a1c69480495bee155682e4d0442b2617d92eb6f11eaa55457b2c3c1e2c723,
2205968,PRC_R2R4A1J1S0W5U1F5C1U8K0Q5N2S9Q6,2024-11-28,300,300,253,1,7,253,1,7,39,true,false,,,,,300,0,api_only_pass,2026-10-01T12:04:05.870Z,,1a14ce4d329d8148bb6384997091c5ad36a30312fe8346ede28e20eafed50bed,
2205969,PRC_O2B4E1Y1A0F5Q1K5U1C4Y3T1N1X3P8,2024-11-28,300,300,253,1,5,253,1,5,41,true,false,,,,,300,0,api_only_pass,2026-10-01T12:04:05.783Z,,6d7f17c4b283430466aa7ed762496740c6562655eaa16019465049cf487777ab,
2205970,PRC_C2T4J1N1Q0T5B1Y5A1F9R4F8V0G2U0,2024-11-28,300,300,244,8,9,244,8,9,39,true,false,,,,,300,0,api_only_pass,2026-10-01T12:04:05.736Z,,85da59ff7c0533f91f33db4387852ffeaee51b654c698e69d2bb70d82bef985a,
2205971,PRC_Q2H4O1A1L2F1O1E3O5S4C4Q1P5R2F5,2024-11-28,300,300,243,0,2,243,0,2,55,true,false,,,,,300,0,api_only_pass,2026-10-01T12:04:05.647Z,,1f46a21d829163f957e751d0149f78d8de052bb831d78d85d385352766609659,
2205972,PRC_X2H4V1D1I2I0Y1Z5E4H4F2O5L7N9Y1,2024-11-28,300,300,238,1,0,238,1,0,61,true,false,,,,,300,0,api_only_pass,2026-10-01T12:04:05.597Z,,ccb8e68318fdc678c02890cabf6d93d5c490e967360ac48a5e3ca7105cce56fc,
2205973,PRC_J2U4H1J1I2W1O1L8K0A6B4E5H9Y6H7,2024-11-28,300,300,166,85,2,166,85,2,47,true,false,,,,,300,0,api_only_pass,2026-10-01T12:04:05.500Z,,8eccdcf539322b88c997710f0a7ca5c1cafa461de6b0873d0954cb7bef027d66,
2205974,PRC_B2Q4E1E1T2V0O1K5R4K2B1P6Y1C3K1,2024-11-28,300,300,231,0,2,231,0,2,67,true,false,,,,,300,0,api_only_pass,2026-10-01T12:04:05.373Z,,123decd6dba0089b9e4103ba94b3a168011307698a7b5acb21743c2cacb80ca3,
2205975,PRC_O2Y4B1M1S2O1D1Y7S2A2P5T0X2N1N2,2024-11-28,300,300,175,84,0,175,84,0,41,true,false,,,,,300,0,api_only_pass,2026-10-01T12:04:05.466Z,,11009c40cce9424ee5c31d879a98fd3e2cc39bffcf75f8f60108d893662e1ef8,
2205976,PRC_J2G4X1O1Z2W1X1W3C4E9I4P1G5A9O1,2024-11-28,300,300,227,0,1,227,0,1,72,true,false,,,,,300,0,api_only_pass,2026-10-01T12:04:05.327Z,,4ba0b66140c4b71472545e7f8d9eaca94ae4718a51c002174746254bd1d535d8,
2205977,PRC_G2D4X1O1R2F1Q1I7V2B4O5Z2L9I5B5,2024-11-28,300,300,175,87,0,175,87,0,38,true,false,,,,,300,0,api_only_pass,2026-10-01T12:04:05.225Z,,4050040c34ac21cc900edf8b39faf14574777f039656778a177cae0961876fcc,
2205978,PRC_V2X4O1Y1Q2E1C1K7A2X7J2V0M3F7K2,2024-11-28,300,300,171,83,1,171,83,1,45,true,false,,,,,300,0,api_only_pass,2026-10-01T12:04:05.231Z,,92065c334c8f90819f36947aab091ecac9a56f9b75d4ab8fc5b0d8a61b3d7a6b,
2205984,PRC_O2M4N1L1K2L7S1T3R5Q1Q5O5P1X1Y5,2026-08-20,284,299,165,8,12,157,6,10,111,false,true,165,8,12,true,299,12,web_repair_pass,2026-10-01T12:02:39.736Z,2026-10-01T12:06:15.218Z,307582963c9b84c673995e7c4943357537387f7c5bc5142192a30863bb52cccc,c1cd05deffa80e3fd340fbe2fe04c07d884095b02ba5e3b7ae2231e82430bb9e
2205994,PRC_J2W4W1K1Q2D7I2R0O3C7S1N5L1G0F5,2024-11-28,300,300,200,0,2,200,0,2,98,true,false,,,,,300,0,api_only_pass,2026-10-01T12:04:05.029Z,,048fd91deb1dc181505c92d3eceaca68ddcb91ea89827661ad452351cc1f5569,
2206017,PRC_H2I4H1D0B2A5B1Z5H3G5H2F8E5M2L4,2025-02-27,300,300,219,1,5,219,1,5,75,true,false,,,,,300,0,api_only_pass,2026-10-01T12:03:49.183Z,,52f4d9a605f3a6b1493817ba10f0b6b361f614db9ad49975175238dcedd72dab,
2206019,PRC_J2K4I1I1H1P5P0N9P3N1N2L3U5U6S8,2025-07-03,298,298,262,1,5,262,1,5,30,true,false,,,,,298,0,api_only_pass,2026-10-01T12:03:35.431Z,,6e69023a5d6d7837da4a86be1f06e2a9cb7ea63f6ad5b5f0c3f54a5242161910,
2206048,PRC_X2E4F1D1E2C5B1B3J5K6I3J2H3F2G9,2025-10-26,298,298,263,0,3,263,0,3,32,true,false,,,,,298,0,api_only_pass,2026-10-01T12:03:28.616Z,,90a35dec72ee0865def4adea8d543e5ab6c3c02df87bf363f43e5cb93394de96,
2206059,PRC_C2B4X1X1V2W6V0V9T4U5C5A4B8Z2A1,2026-01-29,295,296,204,0,0,204,0,0,91,true,true,204,0,0,true,296,0,web_repair_pass,2026-10-01T12:03:12.267Z,2026-10-01T12:07:26.085Z,0d034dbea045cf421dba7c6e7914620b685650ad27d77d97699a54ed32008909,00b950aaddbbf96021875f4d0bdff1f378d82a2604b0a25c031446292ae8ac5b
2206062,PRC_Y2X4V1V1R2R6Q0R9P4P7O0W7W4U1V6,2025-04-02,300,300,260,0,1,260,0,1,39,true,false,,,,,300,0,api_only_pass,2026-10-01T12:03:40.862Z,,2ba34833c712c16887017ae9e08fa6b11918e53d27d486fd4b4b4850b7f65134,
2206071,PRC_M2L4K1T0U2U2S1S7Y3X8W1E6D6C1A5,2025-10-26,298,298,259,0,5,259,0,5,34,true,false,,,,,298,0,api_only_pass,2026-10-01T12:03:28.571Z,,e616601b8ba4e2de93feb4f0b6f092918ce679625aba1db7330599a1638d933f,
2206075,PRC_U2V4T1U1S2T7R1S0N5O5M1K4L7J3K3,2025-07-03,298,298,249,2,6,249,2,6,41,true,false,,,,,298,0,api_only_pass,2026-10-01T12:03:35.204Z,,a4003bf8d2bb521cb1e17dda0e423c7dafe7df7ebcd8c443c187889507c08b37,
2206089,PRC_F2E4E1C1D2C6C1K4I1J4I5I2G1O5P0,2026-06-18,285,300,247,0,5,234,0,5,46,false,true,247,0,5,true,300,13,web_repair_pass,2026-10-01T12:02:43.075Z,2026-10-01T12:06:22.537Z,905692dad88d12f2b4b1018874027c2f6cd6371961323ba52a0a672708d61a50,afa2225376bf9d247f267e4c6cce827c7370bac3522ab1b5d1036df2454e8035
2206091,PRC_B2U4Z1H1H2U9A1S6C1F9H4G7N6H0X3,2024-12-10,300,300,260,0,2,260,0,2,38,true,false,,,,,300,0,api_only_pass,2026-10-01T12:04:01.105Z,,a88c94b6c9fbb1e128396af04fd1bf08566b349db3cd77dc305c038daac09c12,
2206140,PRC_K2I4I1H1I2G6O1O5N5N2M3M8K2T8T1,2026-08-26,284,299,221,0,1,209,0,1,74,false,true,221,0,1,true,299,12,web_repair_pass,2026-10-01T12:02:35.734Z,2026-10-01T12:06:06.417Z,55f1b4691b36cb26e9577dca311ad718581df8504786f15312abb2121535cede,c430790f233a7c9298c629033058689ef3b450ee02bc46924cfdc16dfce74bc7
2206165,PRC_R2R4Z1A1Y2Z2X1Y0W0S1S1R0R9Q9R9,2026-03-31,294,295,171,0,6,171,0,6,117,true,true,171,0,6,true,295,0,web_repair_pass,2026-10-01T12:03:00.210Z,2026-10-01T12:07:00.601Z,a4e86369fdc5d00dc83fec9e907c1e59cde2f92d128733cda72549ff0066a33c,779cd54af8060d4b287da72045d5292252c3abee07afd89a95bf3888b6956e34
2206179,PRC_S2T4R1S1Q1R3Z1Z6Y5W1X3V9V9D8E8,2025-10-26,298,298,254,0,5,254,0,5,39,true,false,,,,,298,0,api_only_pass,2026-10-01T12:03:28.551Z,,1e5d9412e531d45b65f78c821fb58ac1923226a730604de18c2ebfeb44f2ab11,
2206187,PRC_S2T4S1A0Y3X0V1E5F1D9C2A4J5J9I5,2025-07-03,298,298,253,0,5,253,0,5,40,true,false,,,,,298,0,api_only_pass,2026-10-01T12:03:35.280Z,,ca9eb087d09c6a80de14fd52b719c2ee43bd8fc8bbc69c386a726caa59868c31,
2206195,PRC_D2M4G1Z2D0P2C1L7T0Y6A4Z7X2K9N3,2024-12-05,300,300,185,3,0,185,3,0,112,true,false,,,,,300,0,api_only_pass,2026-10-01T12:04:03.727Z,,b8660df1956df6d6c9e1432bf8a4d9741285faff193e92548eff4be47f988074,
2206197,PRC_E2W4R1Q2I0U4B0O0Y5Q5Z4N6H5E8O7,2024-12-04,300,300,190,0,0,190,0,0,110,true,false,,,,,300,0,api_only_pass,2026-10-01T12:04:03.756Z,,a65c616d7531860230dfef27b89065f67b129928b2b76f1e0a81093ba960d2d2,
2206204,ARC_D2C4U1N2I0N4F1H7F4N0O0P8R8M2U3,2025-05-01,300,300,271,0,0,271,0,0,29,true,false,,,,,300,0,api_only_pass,2026-10-01T12:03:38.429Z,,81f08dcd31aa92a706de5288dc4f8248426ee6669b954f939bdadcf3b58ff464,
2206210,PRC_U2L4J1F2G0N5N1S0G4K9V2C8X0A5W9,2024-12-05,300,300,157,3,0,157,3,0,140,true,false,,,,,300,0,api_only_pass,2026-10-01T12:04:03.750Z,,0d9f09f5beb089ad803dfbd730d9566caa8ebfd189992e07fd7eb7b101a440dd,
2206211,PRC_E2X4U1B2S0I5U1O0H5X0E0P9W1V9M2,2024-12-05,300,300,157,3,0,157,3,0,140,true,false,,,,,300,0,api_only_pass,2026-10-01T12:04:03.578Z,,f55fdf9b58869e333c131246a8c45c2d6b675436e93b6092bd50e7a89f91e47d,
2206212,PRC_W2L4X1B2N0Z5X1S0M5P0S4D1W5J6N7,2024-12-05,300,300,160,3,0,160,3,0,137,true,false,,,,,300,0,api_only_pass,2026-10-01T12:04:03.516Z,,690c8d2aad79db79b5992391192658d63b4131ca6b91868cd0bcbe3aefa03e02,
2206213,PRC_D2O4K1A2B0X5S1V0G5A1D1U2V5V8B7,2024-12-05,300,300,164,3,0,164,3,0,133,true,false,,,,,300,0,api_only_pass,2026-10-01T12:04:03.615Z,,802aabfbb9db322000beb72729b1b849aa91499758cf5268792f53f063e5a9fe,
2206223,PRC_N2O4M1N1L1M1K1S4S1Q2S3Q2Q8O7X7,2026-01-29,295,296,201,0,0,201,0,0,94,true,true,201,0,0,true,296,0,web_repair_pass,2026-10-01T12:03:12.382Z,2026-10-01T12:07:25.921Z,329ef4a88365c02f9f237fa964c2e1219f6a25d223c504c34ba62fc0cc3467ba,e41269f151b57a88963fb40ff3a56be951f45b5075f886dfeb2db9f28fcc40ab
2206226,PRC_F2Y4Z1N2G0Y5Q1A4M1O0P4N2I4P3N1,2024-12-10,300,300,209,64,14,209,64,14,13,true,false,,,,,300,0,api_only_pass,2026-10-01T12:04:00.914Z,,47546bb811c934261a7cda44da2b1801d200a32765e52a802f80e5ca88713a6a,
2206266,PRC_S2Q4O1P2N0O3V0W9V2V7T0S6T0O9P7,2025-08-04,298,298,236,0,2,236,0,2,60,true,false,,,,,298,0,api_only_pass,2026-10-01T12:03:31.057Z,,a0fd6fac17ac5b98eee3e466c059dfb568e76fcb08db3763dffefc34281908df,
2206269,PRC_T2W4G1C2I1C0R1P3U2S5V3V8X2C2O4,2024-12-10,300,300,190,95,3,190,95,3,12,true,false,,,,,300,0,api_only_pass,2026-10-01T12:04:00.970Z,,d28463647f376c463bf19fcdde239ec7a9d063e3c4f7e1c5f6c0087e680dfb52,
2206291,PRC_G2K4I1A2K0L9J1O0V4D2K1Y4P3I7H7,2024-12-12,299,299,195,86,2,195,86,2,16,true,true,195,86,2,true,300,0,hold_tenure_boundary,2026-10-01T12:03:59.739Z,2026-10-01T12:07:31.673Z,7de8fab052fa0d692b05b1fba7b2428f6215277359585e77afb33a9c6d295751,7543baae60244aec19a7dd90b914f96d6a5b57e053caf09cbf43fc4623f49361
2206292,PRC_A2K4G1P2Z0P9J1N0E4F3Y5I4A6S3V1,2024-12-12,299,299,195,85,2,195,85,2,17,true,true,195,85,2,true,300,0,hold_tenure_boundary,2026-10-01T12:03:59.734Z,2026-10-01T12:07:31.479Z,cc9b6063c69713ede856a30511a1ef02d9f10b8e7d4b3762de74bf1c059fc9f2,a1c1dfca91ed934e050dedd66b381691a2ecd9c7b6d1632215724dac9f6366c6
2206315,PRC_N2W4Z1Z2X0H9V1B1J5J6I5D8C8Z2M4,2024-12-10,300,300,272,0,2,272,0,2,26,true,false,,,,,300,0,api_only_pass,2026-10-01T12:04:00.900Z,,45d1de3441faf79e0e73cf03030e34413905fd508fc4606c46357a6601372e67,
2206316,PRC_U2W4U1V1R2W7H1O1Z2M7G2S9O1W4D5,2024-12-10,300,300,280,0,5,280,0,5,15,true,false,,,,,300,0,api_only_pass,2026-10-01T12:04:00.726Z,,fbfc696fb0174933d1cd3f95e342a9aaad202cd3789158a996bfd46c8e1587cf,
2206317,PRC_Y2J4Y1E1K2I7R1I1I2G4H5A3D5D4R7,2024-12-10,300,300,282,1,0,282,1,0,17,true,false,,,,,300,0,api_only_pass,2026-10-01T12:04:00.696Z,,599b8fdb678975524725e3683c488df5fc9e40a62cf3af763157f5d5082ff2a4,
2206318,PRC_E2M4G1C2J0J9Y1C1W5M6G0W1Y6Q3B4,2024-12-10,300,300,272,0,0,272,0,0,28,true,false,,,,,300,0,api_only_pass,2026-10-01T12:04:00.543Z,,196b075910cd17ce84fdf87a8623a762a9b27bd1ddc25f6010f2ac191ec50979,
2206319,PRC_W2Y4N1C1P2I7R2C0Y3V5L2D8R8H1K3,2024-12-10,300,300,273,0,5,273,0,5,22,true,false,,,,,300,0,api_only_pass,2026-10-01T12:04:00.580Z,,6e53bd088ebf58b6b5a7bf96b12ef323b94fc45c1bea28248e2d4586aab94344,
2206320,PRC_O2J4B1Z1R2M7N2F0B3J6Z2K1Z2F3W7,2024-12-10,300,300,276,0,1,276,0,1,23,true,false,,,,,300,0,api_only_pass,2026-10-01T12:04:00.657Z,,804c9c35da51067560a86fb996d4d5f05291cb5fcfb67121a5ad540f0e89a8df,
2206321,PRC_Z2H4F1T1Y2E7Q2F0P3C9W1C8U6F3M2,2024-12-10,300,300,284,0,2,284,0,2,14,true,false,,,,,300,0,api_only_pass,2026-10-01T12:04:00.400Z,,4645d658d957d64101470dc8abba649179aa2efb384c662dfa763750fe5756ae,
2206322,PRC_T2B4O1Y1P2S7V2O0Y3Q2X3H8N5T3E0,2024-12-10,300,300,253,0,5,253,0,5,42,true,false,,,,,300,0,api_only_pass,2026-10-01T12:04:00.351Z,,213162e01e8a362c0221a37ef50c9ed658b4e7bbbad6802afacc83a6e8bb8c32,
2206323,PRC_C2W4J1R1U2W7W2Q0A3Z9N4Y7S1R4P4,2024-12-10,300,300,286,0,1,286,0,1,13,true,false,,,,,300,0,api_only_pass,2026-10-01T12:04:00.265Z,,b217ce34b91ab2edf10dd1e0855c67ef65329b759ed206b1986b8cf9039ddb73,
2206324,PRC_X2Q4E1I1O2J7U2U0P3P3Z1J1O4M5X7,2024-12-10,300,300,270,0,2,270,0,2,28,true,false,,,,,300,0,api_only_pass,2026-10-01T12:04:00.202Z,,84956e0f4762c59c1a4d21d991e67339f059bc0c8d1b7237c06205153fbe181f,
2206325,PRC_E2F4J1V1W2O7B2Y0A3V2Z0O6E4M0T2,2024-12-10,300,300,263,0,2,263,0,2,35,true,false,,,,,300,0,api_only_pass,2026-10-01T12:04:00.268Z,,e28e2feb13781a99d39b25330a21e30a3decb8b5d9021595a1f684f90eb9831c,
2206326,PRC_X2X4Y1Z1D2C7K2K0K3K8W2V9Q5F8B5,2024-12-10,300,300,283,0,3,283,0,3,14,true,false,,,,,300,0,api_only_pass,2026-10-01T12:04:00.124Z,,81e02e0dbd735ceea150a0786aa643f58c0d8bbeca90169502b1096e777c402a,
2206327,PRC_H2M4A1A1J2P7L2H0N3N4N5K3G9Q6Z2,2024-12-10,300,300,278,0,4,278,0,4,18,true,false,,,,,300,0,api_only_pass,2026-10-01T12:04:00.054Z,,0c9c88585d203d93d5c814ce3aefcdf4aa9b6530195c9ad7a9e6be79a92773ed,
2206328,PRC_X2H4L1L1G2N7C2C0J3Y7B2Z8E4W1M7,2024-12-10,300,300,249,26,5,249,26,5,20,true,false,,,,,300,0,api_only_pass,2026-10-01T12:04:00.042Z,,9564098c7c33d7985d8d9828c2729958e59b88f03a1349d6172c93ee61249f6a,
2206329,PRC_Q2P4Z1U1B2D7X2F0W3U4Z1S3S8Y3L8,2024-12-10,300,300,271,0,5,271,0,5,24,true,false,,,,,300,0,api_only_pass,2026-10-01T12:03:59.910Z,,b5ad1338806e103295c8df0f4a0375723e5a3172ee89c6f17ab7c5acd76e080b,
2206330,PRC_R2T4O1S1H2I7K2Q0S3G3H4A7J4Y6A3,2024-12-10,300,300,271,0,1,271,0,1,28,true,false,,,,,300,0,api_only_pass,2026-10-01T12:03:59.897Z,,37f3c90100484a031d03bff30e12a0f397106b02ffd78e5f432ac1dc982d9336,
2206331,PRC_P2Z4N1A1J2R7P2M0I3C7V5T3Z6J1X0,2024-12-10,300,300,284,0,3,284,0,3,13,true,false,,,,,300,0,api_only_pass,2026-10-01T12:03:59.979Z,,5bfbd2fe8213ef4a48fe9abfc2851be7dcbe34024d5dc8591811947ceaf97a62,
2206332,PRC_T2R4Q1Q2P0P3X1Y6W4X7V1T2U3C0D4,2025-11-13,298,298,237,0,1,237,0,1,60,true,false,,,,,298,0,api_only_pass,2026-10-01T12:03:24.774Z,,5a583c357042adae3d5f582baed164a25379b35e58084fc92d7fb340e80fcdae,
2206342,PRC_V2W4U1U1T2R7S1A5A5Y4Z5X0Y9X8E2,2026-08-26,284,299,223,0,0,211,0,0,73,false,true,223,0,0,true,299,12,web_repair_pass,2026-10-01T12:02:35.607Z,2026-10-01T12:06:06.311Z,ef1798b55a61b1fa84d2c123d3c510918abe974e5e469c666a5289e982a0e3f9,6953d9a74aa78ea2e19e4b8988ebcf1a4018d8abd18c5c18becfeea80e297ab7
2206364,PRC_T2R4A1A2Y0Z3X1W6X5S0R2S0Q0R7P6,2025-10-26,298,298,258,0,6,258,0,6,34,true,false,,,,,298,0,api_only_pass,2026-10-01T12:03:28.444Z,,31a443270a71c281557ca6668ecd684679313aa1d73e994ee7c1e0b33a0a9b2a,
2206378,PRC_L2L4L1X2T1Y0Q1A0K3F2S3S1B7R4M8,2024-12-11,300,300,177,81,0,177,81,0,42,true,false,,,,,300,0,api_only_pass,2026-10-01T12:03:59.756Z,,b1c5c3794ae46c056f790797e40c4b61318bf2d6d988537fcfe5e150304808ec,
2206415,PRC_N2N4V1U1U2S7T1R4S3A6A0Z2X3Y5W8,2025-04-02,300,300,260,0,1,260,0,1,39,true,false,,,,,300,0,api_only_pass,2026-10-01T12:03:40.759Z,,8e88d7cff424362344668bb1ef4781e71b8d8b99ecd67b0500bcbd263296dcba,
2206416,PRC_P2Q4X1W1W2V7V1U4U3J4K1I2H6H4G9,2025-04-02,300,300,256,0,1,256,0,1,43,true,false,,,,,300,0,api_only_pass,2026-10-01T12:03:40.657Z,,d31eef0de590baca86f0a07829f3d86fa0317c8f7f60668c5244356c2b6c5dc1,
2206419,ARC_F2G4G1C2H1J2H1L4B4H3Y1E5X0W4H9,2026-02-12,295,296,156,0,0,156,0,0,139,true,true,156,0,0,true,296,0,web_repair_pass,2026-10-01T12:03:07.519Z,2026-10-01T12:07:15.888Z,4100700be40d43905475a614eb867ead55074b50f8e3d71d26f38c8ae5e2742d,304c106b761b619e3169522ffdf9edabecd28d39dcd4ba1a10a858243ac659dc
2206428,ARC_P2G4U1E2T1J2Q1I5G0M0S3X2V3R7U2,2025-04-02,300,300,258,1,3,258,1,3,38,true,false,,,,,300,0,api_only_pass,2026-10-01T12:03:40.636Z,,4536bd909fd991b4409445d51074bde8326cbfb9fc7de57a8c7b247992e9b95d,
2206451,ARC_Y2C4S1M2Y1M2U1T8Q1O8S0G3E1P5M0,2025-05-01,300,300,256,0,4,256,0,4,40,true,false,,,,,300,0,api_only_pass,2026-10-01T12:03:38.238Z,,2a2717335417db9042f840bbb9a0e5d620a680542af2c745ecbd1467cadbe656,
2206471,ARC_M2K4D1X2I1J3S1B3K2C8J0Y3V4U6K3,2025-02-27,300,300,226,0,0,226,0,0,74,true,false,,,,,300,0,api_only_pass,2026-10-01T12:03:49.164Z,,37b884bd2d6c8b0253eadda9d7653a6787404f59469ea76e314677e08c466aec,
2206490,PRC_O2N4L1M1U2U0T1T6S1S0R3Y4Z9Y3Y9,2024-12-26,300,300,257,0,0,257,0,0,43,true,false,,,,,300,0,api_only_pass,2026-10-01T12:03:58.716Z,,25799461c7c5f8b9fa20f1d5586b711bb8893296e41cb6605a43c7c763a3f3a3,
2206500,PRC_M2K4J1J2R0S2Q1R2P2N6O0K9L0J8H1,2025-03-20,300,300,240,8,18,240,8,18,34,true,false,,,,,300,0,api_only_pass,2026-10-01T12:03:42.439Z,,b810d8d34d5b9c34aeeaff72639b27815b4269c2f1e642d05748c53fd578f3dd,
2206539,PRC_I2J4H1I1G2F9F1V6W5U2V2T4R4S7A1,2025-01-08,300,300,258,1,11,258,1,11,30,true,false,,,,,300,0,api_only_pass,2026-10-01T12:03:52.573Z,,feebfeddea1aafe35ec89d40182b6fac27211fb6d9ce37bf73852d4ed23e0ba2,
2206564,PRC_G2O4P1N2N1M7K1L0A0A9Z1Z6Y6Y8X5,2025-11-13,298,298,217,0,5,217,0,5,76,true,false,,,,,298,0,api_only_pass,2026-10-01T12:03:24.781Z,,cc6362dbeca5aa67d8b8cdebff90c8f1fbe7900473306e11a04e728120d2569a,
2206566,PRC_T2S4A1A2Z1Z1Y1W1X0F8F1E0E9C5D3,2026-03-31,294,295,210,0,0,210,0,0,84,true,true,210,0,0,true,295,0,web_repair_pass,2026-10-01T12:03:00.185Z,2026-10-01T12:07:00.631Z,f14e4a444e86ecf9ecb05d7f20f5eff3fbd251732254e6c62a13d7749c683d0c,62e1fed0ad001d39d19dfc399640db3adcc38741cb846242a334ca156e607541
2206578,PRC_Q2R4Q1Q2P1N1N1V1W0U6T3T6S1S1A0,2025-03-20,300,300,272,0,1,272,0,1,27,true,false,,,,,300,0,api_only_pass,2026-10-01T12:03:42.423Z,,5ce667b12a470e9736a75ad815cd915bab1ac63223042211a8b34e75b6a30237,
2206582,PRC_K2I4J1H2I1E3C1C3B4C5A2A0J1H7H4,2025-02-27,300,300,224,0,1,224,0,1,75,true,false,,,,,300,0,api_only_pass,2026-10-01T12:03:49.281Z,,05502a35b0ee56b299ae6c9eeaa98df47aa61f5fdb0172513d19d8630ad710d1,
2206583,PRC_U2V4T1U2S1A6A1Z4Z1Y4Y4W2F9F8D0,2025-03-13,300,300,240,0,3,240,0,3,57,true,false,,,,,300,0,api_only_pass,2026-10-01T12:03:45.340Z,,c1dcd8eff2c61bd374f33303ed907af786f6de20f993b6fb9abaddd843ba2040,
2206586,PRC_O2N4U1V2U1U1S1R0R4Z6A0Y4Z2X5W1,2026-03-31,294,295,181,0,2,181,0,2,111,true,true,181,0,2,true,295,0,web_repair_pass,2026-10-01T12:03:00.180Z,2026-10-01T12:07:00.550Z,93e64ff6ef346915d1ab1ebd7ec79e5407375e7c4b906d560d9cabe97ae45463,3a64a42c3e358d37be74c82dcdac70c1e4f8bcd91a3ee1013abe26fec9c67883
2206590,PRC_J2J4H1I2G1H2G1N5O1M2N4L4M1K6S0,2025-03-13,300,300,238,0,2,238,0,2,60,true,false,,,,,300,0,api_only_pass,2026-10-01T12:03:45.355Z,,01169c084f48d81a3efa2609b0981fbe87a8d9d4ff452f3bf1c1b3809750fd1e,
2206599,PRC_C2E4C1C2A1Z1A1V0W4U6V4T3U1S7A7,2026-08-26,284,299,218,0,0,206,0,0,78,false,true,218,0,0,true,299,12,web_repair_pass,2026-10-01T12:02:35.677Z,2026-10-01T12:06:06.306Z,87e6756d83895784141748d32fc97e87f923ede7122012635a04c5746c894ca6,a3358c10ad7cd31b9004f8b0dbe33dc30d0a87fde521ab8c056846704e4f6af8
2206601,PRC_V2V4T1S2T0R2R1Z7A0Y6Z3X1W8W3E7,2025-12-02,298,298,230,0,1,230,0,1,67,true,false,,,,,298,0,api_only_pass,2026-10-01T12:03:20.840Z,,1ae85e1364742a05858782a87369779cae92cfdfe0ef1bf19e06d65b6195af20,
2206623,ARC_N2I4D1Q2A1W7R1H9M3K2B4O3G9Y5O3,2025-02-27,300,300,226,0,1,226,0,1,73,true,false,,,,,300,0,api_only_pass,2026-10-01T12:03:49.026Z,,8f5802f54912e7c14e06d6f334c8bfda77137d90efc3c3536696cfc993e12cfe,
2206627,PRC_P2X4L1A1M2D7V1C9P3U5H5J5E4Z2Q5,2024-12-26,300,300,269,0,8,269,0,8,23,true,false,,,,,300,0,api_only_pass,2026-10-01T12:03:58.559Z,,216610f74b672643329e0e96d2b1678ee914f9ae5d280d2f6385053b1318284a,
2206629,PRC_Y2T4Q1D1X2J7W1N9W5K0N2K0F8Z1J8,2024-12-26,300,300,278,0,1,278,0,1,21,true,false,,,,,300,0,api_only_pass,2026-10-01T12:03:58.542Z,,080ff0bd95ec92182030d7177b31ac9e452f86afca70db31bc9578c5f0ae2034,
2206630,PRC_M2S4F1P1C2J8N1I0O4E3U3M5B1L0B6,2024-12-26,300,300,178,93,5,178,93,5,24,true,false,,,,,300,0,api_only_pass,2026-10-01T12:03:58.587Z,,14b7a84eb3f54c12f4346849707962854ebe653bc4548bcd979dd1d736d8b181,
2206631,PRC_E2M4F1W1H2E7P1D9L4V2Y3N2U2B8H2,2024-12-26,300,300,277,0,1,277,0,1,22,true,false,,,,,300,0,api_only_pass,2026-10-01T12:03:58.405Z,,46dab5a49d3f2f028e1d94eb558cdb896c15aa8afaf761f642c1c0cb1f0a183b,
2206633,PRC_J2J4I1E1E2D8D0B8A4B6I2J6I3I7H4,2025-03-13,300,300,246,1,3,246,1,3,50,true,false,,,,,300,0,api_only_pass,2026-10-01T12:03:45.272Z,,d03c73db96c65c0c5cb8fe85e39f345a142e60c4b880987b362209732d36242d,
2206640,PRC_B2A4Z1Z0Y1G1F1E7C5D6L4K0I5H7I7,2026-05-07,285,286,155,0,2,155,0,2,128,true,true,155,0,2,true,286,0,web_repair_pass,2026-10-01T12:02:49.174Z,2026-10-01T12:06:35.592Z,95f8912ff2509eaba453088bfd0cf2069d970ef6e337c664f8ed4a82f166ac32,3c791a6ba8b86224b58c07aeb23688f34d5e0cec58818f702423f222da46d62f
2206647,PRC_Z2M4M1B2J1J3J1G6C3J3N0Y4E9M6M7,2024-12-26,300,300,170,92,1,170,92,1,37,true,false,,,,,300,0,api_only_pass,2026-10-01T12:03:58.369Z,,32493aa66c6b7d5134318a3aee346730db8b2bd37b3965ea13af71ac527aa5e9,
2206661,ARC_O2E4I1X2E1G8S1Y6D1G7C1S8F9E5J0,2026-05-07,285,286,170,0,1,170,0,1,114,true,true,170,0,1,true,286,0,web_repair_pass,2026-10-01T12:02:49.095Z,2026-10-01T12:06:35.501Z,c243ff0d9bbebe4d52a8c2288cb6b157cf7a9783b0e402d8f9fece33bfc98cd7,cd03cf70cab4890333e30a7d02028481f631590aec66d92c7cfca7536abc871d
2206682,PRC_Y2J4T1U1I2W7R1N8O1P8E5T9P6J5W1,2024-12-26,300,300,272,0,3,272,0,3,25,true,false,,,,,300,0,api_only_pass,2026-10-01T12:03:58.312Z,,6616c5b09f31e205312e16946ad1ed00f7f5149b53da5ac6693860ee04dba4d4,
2206716,PRC_K2G4G1F2G1E6C1D7L1M0K0K5J7H4I9,2025-10-26,298,298,244,5,7,244,5,7,42,true,false,,,,,298,0,api_only_pass,2026-10-01T12:03:28.398Z,,79e21c395ef232092f7f7662c1674fe79ffc868c898ba7f6e8bbe55a57a4a0a9,
2206729,PRC_C2K4K0J8H2I3G1H7O3P0O5O6M8N5L4,2025-02-27,300,300,221,0,7,221,0,7,72,true,false,,,,,300,0,api_only_pass,2026-10-01T12:03:49.012Z,,067edde83fc6620c50b75e73b23c0971925f18ac2df673615d1613aff0761564,
2206742,PRC_M2N4L1L2K0S5Q1R3P5Q2O5P9K8J5J5,2026-08-26,284,299,217,0,3,204,0,3,77,false,true,217,0,3,true,299,13,web_repair_pass,2026-10-01T12:02:35.471Z,2026-10-01T12:06:06.045Z,83b27be2e1ee8c399c43bff223a8b2d6714fbc3073fc6369df1182e9f3592606,37c26c2608d0c2b0e778d1b9a0a96879196fa171f9d8957db85de0bccab593c8
2206750,PRC_I2I4H1P2P1N8O1N7N5L2U5U1S5T7R9,2025-05-01,300,300,252,1,5,252,1,5,42,true,false,,,,,300,0,api_only_pass,2026-10-01T12:03:38.211Z,,08c734d25642196f83d0c322dcf5aa7b5f2f30de28936d342a7292ffc1688e08,
2206751,PRC_A2B4Z1A2Y1Y8X1F7F5E2F0D7D4B7K5,2025-05-01,300,300,260,0,5,260,0,5,35,true,false,,,,,300,0,api_only_pass,2026-10-01T12:03:38.170Z,,6d3780d923520b2c92443e9a7933fb7fca67a5b0f868bcf3ea06cb47ce63e705,
2206755,PRC_X2Y4W1E2F1D6D1C7D0B0B4K9I4I9G3,2026-06-18,285,300,255,0,0,240,0,0,45,false,true,255,0,0,true,300,15,web_repair_pass,2026-10-01T12:02:42.972Z,2026-10-01T12:06:22.343Z,5a79b603078f0b38375db8d12a5712c7eb41e87c14e7d929b25ced257e39cbad,d8f184d9b34990e9c6c054d7288c38a0212e1da18aa65cc359792c8c354e3338
2206761,PRC_O2K4A1L1L2Z5P1B7I0A4R2Q3E3Y4V4,2024-12-26,300,300,263,0,0,263,0,0,37,true,false,,,,,300,0,api_only_pass,2026-10-01T12:03:58.164Z,,e2ae965736fee2d4f9b3758a81789dd2ffee9f735b7d08cbe5ec582735bb2d1e,
2206765,PRC_Y2L4B1A2B0P2P1Q1F2K6E5G2E6O0K2,2024-12-26,300,300,262,1,12,262,1,12,25,true,false,,,,,300,0,api_only_pass,2026-10-01T12:03:58.026Z,,3e6b741149301164979dedbcbb95af85b0872d1baa1f136fb3f5e362a5394b68,
2206769,PRC_L2S4Q1U2M0A2J1I1S3N4H3B0Z5M9U8,2024-12-26,300,300,260,0,11,260,0,11,29,true,false,,,,,300,0,api_only_pass,2026-10-01T12:03:58.210Z,,d05e163ad70abb47b902ecea5e055c80868dc376c6c3503370b64fba1ab5a775,
2206772,PRC_R2V4H1W1T2K5M1O6E4Q9T0V7Q9S0U0,2024-12-26,300,300,260,1,3,260,1,3,36,true,false,,,,,300,0,api_only_pass,2026-10-01T12:03:57.880Z,,05b9f2a62c429fb88cf9f9a7da59e61b2c5e4fe22bb55e4db746b2e90f952482,
2206775,PRC_Y2H4M1M1J2J5C1D7E0L0Q5J3M3S3O8,2024-12-26,300,300,255,4,4,255,4,4,37,true,false,,,,,300,0,api_only_pass,2026-10-01T12:03:57.888Z,,0e5d69cf15827631c31ee1b0b57d27ba609bc353094de876ef44138ec701576a,
2206781,PRC_N2L4M1K2L1T2T1R7Q3R4P4P3Y9Y3W6,2025-07-23,297,297,235,0,3,235,0,3,59,true,true,235,0,3,true,298,0,hold_tenure_boundary,2026-10-01T12:03:32.799Z,2026-10-01T12:07:30.805Z,145308e618d1b516403ec44883e01f7b7cbfd19d5379711dc5f20ac34f62d43f,d6d4fe9ca033471429143f462219e033430e876755f3a144aad4134cd6f93c88
2206830,PRC_T2R4R1Q2R1P0P1L1K2K1I4J6H2I1Q4,2025-11-13,298,298,227,0,0,227,0,0,71,true,false,,,,,298,0,api_only_pass,2026-10-01T12:03:24.713Z,,d6cddd278fe9b5ff95b36fd0ea9160e79fcdf1e1d2ffd9c8efacebf5b332f180,
2206835,PRC_Z2W5K0H4R0W4T1E2S3Q4C0Z2W6T8R2,2025-04-04,300,300,187,0,0,187,0,0,113,true,false,,,,,300,0,api_only_pass,2026-10-01T12:03:39.680Z,,645bd00fe31b4f57c3e8afca153cc14b052259b4f8b64bb999e64441d8331807,
2206890,PRC_Z2Y4Z1H2F2G0E1E5D2E4Z2Y9Y9X5Y9,2025-03-13,300,300,244,0,2,244,0,2,54,true,false,,,,,300,0,api_only_pass,2026-10-01T12:03:45.199Z,,72860a2f9d0ea50b873f7527a93dab68e8815548f6ea13b5db12a779c3180509,
2206896,PRC_C2A4B1Z2A2Y4U1U1T0T0S3S8Q5R3Z0,2025-11-13,298,298,142,0,14,142,0,14,142,true,false,,,,,298,0,api_only_pass,2026-10-01T12:03:24.567Z,,bfa42420192b5aceddb92b838be6be6ff64b04f96db0fff33fafae52d4da3026,
2206910,PRC_P2E4S1X2G0S3K1I3I4O1Y3V4R4V9M6,2024-12-27,300,300,184,0,0,184,0,0,116,true,false,,,,,300,0,api_only_pass,2026-10-01T12:03:56.616Z,,3d4c1ba745e716a204226e89205ee3739c259aa7552f28e9d818c8e02f8adc3f,
2206911,PRC_C2G4A1N2W0X3G1P3A2Z5G5Z0G2W6D9,2024-12-27,300,300,174,0,0,174,0,0,126,true,false,,,,,300,0,api_only_pass,2026-10-01T12:03:56.612Z,,9fcdedb2fe8bb32fc97987e11d2d2cd8d9e5c1e3fc6628150adb6edd7fc2154d,
2206912,PRC_K2P4P1J2C0R3N1U3N2Y7R4Y9N0E0X3,2024-12-27,300,300,169,0,0,169,0,0,131,true,false,,,,,300,0,api_only_pass,2026-10-01T12:03:56.481Z,,b8c2819bc29a0dde33107e6d334a5584aff9df59a700c50d9938783b78c97468,
2206913,PRC_N2W4Z1G2N0B3B1Y3C2X8C5R8J4V2Z2,2024-12-27,300,300,170,0,1,170,0,1,129,true,false,,,,,300,0,api_only_pass,2026-10-01T12:03:56.521Z,,7a9ecd7a82eb0f4eeb2005a5da6ca23b10a683e738d1415763f007293b285308,
2206914,PRC_E2K4Z1V2T0G3B1B3D3G6C0I5X2A4N5,2024-12-27,300,300,182,0,2,182,0,2,116,true,false,,,,,300,0,api_only_pass,2026-10-01T12:03:56.437Z,,af874bf7abdb7d1a548f35986d4fb48e2236588c35cab85260647b1c96d3801e,
2206915,PRC_E2C4L1X1C2P7G2P0G3D4F4F5E9B3K6,2024-12-27,300,300,166,0,1,166,0,1,133,true,false,,,,,300,0,api_only_pass,2026-10-01T12:03:56.336Z,,0253d353ef87dc41f11bc4f78a5ea2021d68d37caf08a06f8b78c0f305003560,
2206916,PRC_V2G4W1P2P2V0G1Q6P0J5R3Y3E6V8T0,2024-12-26,300,300,233,5,22,233,5,22,40,true,false,,,,,300,0,api_only_pass,2026-10-01T12:03:57.815Z,,22fc57cd1c1f8613b8903150ef68bc1a0480c6f4f37822f6dd68cc7563172556,
2206917,PRC_G2Z4M1D2P0H3W1U3D3Z7Q1S6Y2F6K1,2024-12-27,300,300,184,0,1,184,0,1,115,true,false,,,,,300,0,api_only_pass,2026-10-01T12:03:56.312Z,,2b10a89ebe34ada6bd25a2f5ce06eb034a1705aade796165b89b72a0799f7836,
2206918,PRC_I2G4N1B2K2C0Q1O6U1Y5J5E6Y7C6N4,2024-12-26,300,300,263,0,1,263,0,1,36,true,false,,,,,300,0,api_only_pass,2026-10-01T12:03:57.721Z,,a03a7f8285e43ef916676d483445f32cb217b3fd0b2ef0d12901d3df8c798c4c,
2206919,PRC_Y2K4Y1U2E0G3S1F3U3O5A0J7H0V3U8,2024-12-27,300,300,184,0,1,184,0,1,115,true,false,,,,,300,0,api_only_pass,2026-10-01T12:03:56.282Z,,413dd09c06febcf64db6bf0cb4dfa5ef6b362374a786e500c480b2688a14da1f,
2206920,PRC_B2V4Z1G2K0B3O1I3O3O4C0T1Y7R5Z2,2024-12-27,300,300,185,0,0,185,0,0,115,true,false,,,,,300,0,api_only_pass,2026-10-01T12:03:56.171Z,,a1d37530d64999d7131b84408dfdec53a2f2a03666e6cc4c6f7e2cc44091cb4a,
2206921,PRC_M2J4M1D1F2U7F0O9P5K4J0U2N5O3H7,2024-12-27,300,300,166,0,2,166,0,2,132,true,false,,,,,300,0,api_only_pass,2026-10-01T12:03:56.167Z,,781ac03033a7a07b316e156fa29d2719c29756f2593bfe3b8fb6f1ac87b9a7f4,
2206922,PRC_I2U4H1E1T2K7M0R9P5S8N2S0K3V4K2,2024-12-27,300,300,166,0,0,166,0,0,134,true,false,,,,,300,0,api_only_pass,2026-10-01T12:03:56.086Z,,5567d003e9eb51c2a0507fa25b226411fbe3f4f165b19089da0c15f254518c74,
2206923,PRC_P2S4C1J1U2Z7B1N0Z0D1T4G1J9B9B3,2024-12-27,300,300,163,0,3,163,0,3,134,true,false,,,,,300,0,api_only_pass,2026-10-01T12:03:56.019Z,,13a91745545f6120e8c114aecc27f3816c1ff4b92c8d13735a6214d6bed00f73,
2206924,PRC_K2C4F1Y1X2K7G0O9Y5Y9C2U6S5K1O8,2024-12-27,300,300,165,0,2,165,0,2,133,true,false,,,,,300,0,api_only_pass,2026-10-01T12:03:55.974Z,,3bb3c8ef333c8b605f78266e61b36943f8e92757be96c82f13c64e440eeb503b,
2206925,PRC_T2M4J1U1M2X2Q1A3I5D0D0L8F0V7I1,2024-12-27,300,300,157,0,2,157,0,2,141,true,false,,,,,300,0,api_only_pass,2026-10-01T12:03:55.919Z,,66c0fca14f078328409046ce86f24d40a1b8a106564e661a8643c9d8d2d60f7e,
2206926,PRC_V2H4K1L1N2O7F1Y0R0M0K1G4Q5E2E7,2024-12-27,300,300,157,2,6,157,2,6,135,true,false,,,,,300,0,api_only_pass,2026-10-01T12:03:55.828Z,,2afbe77c9072dffe41e627e3a76bb5353eb513812bdff79b74f54a07a94da859,
2206927,PRC_Q2S4I1N2I2G0U1K6M1K4G5P5L5O9G1,2024-12-26,300,300,256,2,3,256,2,3,39,true,false,,,,,300,0,api_only_pass,2026-10-01T12:03:57.683Z,,7f807e8599ba569f755f3aedeb3ca4fee54f741833780121b9732fe452d6d7e5,
2206928,PRC_N2I4T1H1M2K7D1S0P0O1G0B3K9Y2O1,2024-12-27,300,300,151,2,9,151,2,9,138,true,false,,,,,300,0,api_only_pass,2026-10-01T12:03:55.764Z,,59706c4e8b4a2c375dbcfb2695dee8c3ab08bbf93f10515e78713603b43564d5,
2206929,PRC_Z2L4K1A1I2Q2K1H3Q5A3F1D9W0H6K0,2024-12-27,300,300,154,0,3,154,0,3,143,true,false,,,,,300,0,api_only_pass,2026-10-01T12:03:55.822Z,,e5c9b34035f7babd7d4eeb0b228f65a67f2ca0d91216790738764aba0be85515,
2206930,PRC_T2A4J1S1J2N2H1A3U5R4N2C7K2E1W1,2024-12-27,300,300,156,0,0,156,0,0,144,true,false,,,,,300,0,api_only_pass,2026-10-01T12:03:55.610Z,,c26516406ba497b49955ae58361548401455ae08911a330cf81b530042f79a65,
2206931,PRC_V2G4P1U1A2L2O1E3J5W2U0Q2C4Z9X9,2024-12-27,300,300,157,0,1,157,0,1,142,true,false,,,,,300,0,api_only_pass,2026-10-01T12:03:55.606Z,,785034943a0a05152772cb21a1d3cad048ca161a5513b349b394928434a0eeb9,
2206933,PRC_S2R4R1Q1Q2P5P0X9W2W3U5V5T0U7Q1,2025-08-04,298,298,231,0,1,231,0,1,66,true,false,,,,,298,0,api_only_pass,2026-10-01T12:03:31.054Z,,5eb2efc3afdf5ffbb5ef458a32f2b9e37614a328ae003913bfeda6b3606e1f9c,
2206953,PRC_K2I4S1R1H2E0R1Q7D4K1W3N1D6N6C0,2024-12-31,300,300,277,0,5,277,0,5,18,true,false,,,,,300,0,api_only_pass,2026-10-01T12:03:54.188Z,,449abeae364526207db4b06fc3078cd07f9cd0be4f1127ee8dada204d367354a,
2206954,PRC_C2O4A1M1Q2D5F1D2Q2P4P2A9F5S5F9,2024-12-31,300,300,278,2,8,278,2,8,12,true,false,,,,,300,0,api_only_pass,2026-10-01T12:03:54.068Z,,a6dfecade04518c2e18f69f88f822d9cec2fd3c16a807ae948b3d67abbe0dd2a,
2206955,PRC_C2A4E1W1J2B5Z1A1Y1T8O5Q3D8S5D8,2024-12-31,300,300,287,0,3,287,0,3,10,true,false,,,,,300,0,api_only_pass,2026-10-01T12:03:54.030Z,,45f301d09ccfcb59a367769be11f87bedd900c7af7a0aed9db61f2866096e17b,
2206956,PRC_Z2W4O1U1O2M0D1H7M4N0R4P1P1N7W2,2024-12-31,300,300,285,0,3,285,0,3,12,true,false,,,,,300,0,api_only_pass,2026-10-01T12:03:54.147Z,,90d2e373612ab5c72ec5fab307fe4f74250e3b2843a61999382d35da3d440f67,
2206957,PRC_M2T4F1T1D2B0L1F7F3K6Y5G4D5Z3Y2,2024-12-31,300,300,272,7,10,272,7,10,11,true,false,,,,,300,0,api_only_pass,2026-10-01T12:03:53.854Z,,c113a7388dc246c95bed69a96bffbbc4d7ae93819f0ab65a58176cf66ee96bd0,
2206987,PRC_O2D4D1C2C1B8B1A1H3I2H5H1F4G7E5,2026-04-23,294,295,172,1,2,171,1,2,120,false,true,172,1,2,true,295,1,web_repair_pass,2026-10-01T12:02:55.860Z,2026-10-01T12:06:49.302Z,88d234a769ef644778c9457ec138d23d7ef38828a3b25e7d1ea2466dcca5fe33,968a37e3cc4f44df2f939a6a525cb6b94a66a9aa45ce38761415716c86417f3a
2206996,PRC_L2L4K1L2J0H2I0D9E5D7D0B1A6A2I4,2025-11-13,298,298,139,1,16,139,1,16,142,true,false,,,,,298,0,api_only_pass,2026-10-01T12:03:24.594Z,,38899795a64a52eef6fcc9d894813c83c1c84dddead224a4e03a684a445e7d2e,
2207000,PRC_U2B4C1B2Z2Z4Y1Y0G2H8F2G0E2C4D3,2026-06-18,285,300,241,0,9,227,0,9,49,false,true,241,0,9,true,300,14,web_repair_pass,2026-10-01T12:02:42.977Z,2026-10-01T12:06:22.277Z,2897d3533c7b234a33b11fa28076e6e5c7d257342d6c76a879de947f9960b8df,19057caa599442e5280a5201b3bf48fadbbd444cf40104217ecffa441a5090f2
2207001,PRC_Z2X4Y1F2E2F4D1D5C0D8K0L5J3I6I3,2025-11-13,298,298,130,2,22,130,2,22,144,true,false,,,,,298,0,api_only_pass,2026-10-01T12:03:24.638Z,,437bf72cfa3a9d7d466525777adea7b02f09b7ae06eca74eff41461d8cac99dd,
2207082,PRC_T2E4V1L2D2C3J1F4T3T2R3J3L4Q6A5,2024-12-31,300,300,179,105,5,179,105,5,11,true,false,,,,,300,0,api_only_pass,2026-10-01T12:03:53.882Z,,43610f03b5f9ac79f7bfdfe1c14a0cab1badc922bdf11745959091e67a40cad9,
2207083,PRC_M2K4L1J2K2S3S1Q4R0P2O3O7D0E5C7,2025-05-01,300,300,262,1,2,262,1,2,35,true,false,,,,,300,0,api_only_pass,2026-10-01T12:03:37.973Z,,b24455431edfc07698f0f663d2a4a430d9c11158a536104400911f22c3eb191b,
2207084,PRC_P2G4V1P1M2Y7N1S1U0Q9T0O8S4T5S5,2024-12-31,300,300,279,0,2,279,0,2,19,true,false,,,,,300,0,api_only_pass,2026-10-01T12:03:53.694Z,,4b9303c709aac3216ecc373010c1253a20d5dec37f4229560dfc6e7ccce3e76c,
2207085,PRC_H2S4Y1U1Z2Y7H1Z1H0D8K3K9M5F1P6,2024-12-31,300,300,276,1,3,276,1,3,20,true,false,,,,,300,0,api_only_pass,2026-10-01T12:03:53.858Z,,22192668138c06c23c6617500b681248ac3362708883b68356ab09e18bcf8efc,
2207087,PRC_H2B4E1J2C1Y9D1O5B3H8P0F1K6Q0O5,2024-12-31,300,300,287,0,1,287,0,1,12,true,false,,,,,300,0,api_only_pass,2026-10-01T12:03:53.552Z,,fd175d4ce9b311234b1b8bc55e5a069a69877a89fbc4209478c4d18896ee45ce,
2207089,PRC_R2P4Q1X2Y2X7V1V3U2V2J4K9I2H8H3,2025-03-13,300,300,245,0,3,245,0,3,52,true,false,,,,,300,0,api_only_pass,2026-10-01T12:03:45.160Z,,123483742178bb41d70be0a7812f5cb52fcc8acb9aea6c6d7e205f8ba4b4a7aa,
2207090,PRC_Z2E4M1L2M0X4L1X5K2X9U0U2W9X4I8,2024-12-31,300,300,284,0,4,284,0,4,12,true,false,,,,,300,0,api_only_pass,2026-10-01T12:03:53.570Z,,c3055095e31cdab59e78a29851c0c358e493438a076ece960ae70b442f9d5f92,
2207099,PRC_J2L5Q1W2J1Z2A1M3L2U2K0C3V5U2A0,2025-12-13,298,298,170,1,0,170,1,0,127,true,false,,,,,298,0,api_only_pass,2026-10-01T12:03:14.880Z,,eaad6616d9081361720ac221382236dd0cdd1e7782ff04382b76bfeacae0dd69,
2207107,PRC_V2T4U1S2R0R2N1N6M5M4K5J9K4R8S5,2025-10-26,298,298,255,1,3,255,1,3,39,true,false,,,,,298,0,api_only_pass,2026-10-01T12:03:28.403Z,,adca682aff4e5ed011d0494c4d6268a1d6eabfc84657146792ff8b1fdfc3e228,
2207147,PRC_W2R4D1V2O3C1F1X3Z3P5Z5P6P9Y1Z7,2024-12-31,300,300,192,71,23,192,71,23,14,true,false,,,,,300,0,api_only_pass,2026-10-01T12:03:53.418Z,,97d10347766c1f937c1dd11574449dff01311e877f23cbe8257cb8858238dc1c,
2207170,PRC_H2H4P1P2O0M2N1L8M1B6B0A1A4Z6X4,2026-01-29,295,296,194,0,5,194,0,5,96,true,true,194,0,5,true,296,0,web_repair_pass,2026-10-01T12:03:12.162Z,2026-10-01T12:07:25.916Z,fbe8d709dcd54739552d66a1563b4f302c847eb915c0a522c8a8a4ec0df50895,714c2a4572ff7138992709246e3ab17fd0b251184e1927fb14acdfa56febd5c3
2207172,PRC_J2K4I0G9H1F9G1O0O0N8N2M3K1L0S9,2026-03-31,294,295,200,0,0,200,0,0,94,true,true,200,0,0,true,295,0,web_repair_pass,2026-10-01T12:03:00.084Z,2026-10-01T12:07:00.131Z,9f791b5bc8f86d87fb189f233cc24a7c055abc858a2aa8ff65d6be256d4e64af,d5e56ccf11dbbe126001abda81376f7876da03cc1b4f118fd47ec004d3ced17a
2207197,PRC_G2F4D1D2Z2A7Y1Z2X0V4W2E1E0C7D2,2025-11-13,298,298,141,1,13,141,1,13,143,true,false,,,,,298,0,api_only_pass,2026-10-01T12:03:24.424Z,,22eb9609b141eacda8aa54d782f023849efadb1b9ea333c06fe4e9713821ae9b,
2207233,PRC_S2Q4R1M2N2L6M1K7J2J6R5S4Q7R4P6,2025-10-26,298,298,256,2,5,256,2,5,35,true,false,,,,,298,0,api_only_pass,2026-10-01T12:03:28.301Z,,f97fae085fb96835f9dcae7d3f143d56236cb9e031b80d47a4add05661bbe541,
2207235,PRC_K2L4J1K2I2J4E1F4D3B9C0A6B1J8J3,2026-04-23,294,295,162,7,5,161,7,5,121,false,true,162,7,5,true,295,1,web_repair_pass,2026-10-01T12:02:55.743Z,2026-10-01T12:06:49.277Z,4c1d5f2eacbd710250f22690601d462ffc50eba60feca98b60d478f7e3b54265,b0c8aadcdcc8b93c587c4b200c37dfe98345f333d36444ec13e7bca0882f70f5
2207285,PRC_X2Y5W0X1T0T6S1Q4Q0P3Q1X7Y3W1X5,2025-10-26,298,298,234,4,15,234,4,15,45,true,false,,,,,298,0,api_only_pass,2026-10-01T12:03:28.253Z,,2ee6b3c82138002e1f187b218977684ee3245760dbc3c6107bcaa41540173ee3,
2207306,PRC_Z2V4L1D2U1Z9X1L3D5M6G0P2P9D2G4,2025-01-08,300,300,265,0,3,265,0,3,32,true,false,,,,,300,0,api_only_pass,2026-10-01T12:03:52.425Z,,8f04bbb27dc30e603f2e0f52cfc6c9942570ffabc2bf41b439f607645e29eed8,
2207307,PRC_S2M4X1X2K1S9N1M3N5U5J3U1A5C1O1,2025-01-08,300,300,268,0,1,268,0,1,31,true,false,,,,,300,0,api_only_pass,2026-10-01T12:03:52.407Z,,ae8b8a840b47e0139058871876cf5721acd5a98007da7d5a1627158121273817,
2207310,PRC_L2C4R1D2E0V2F1D1K3M2T3W3C4D9L5,2025-01-08,300,300,268,1,3,268,1,3,28,true,false,,,,,300,0,api_only_pass,2026-10-01T12:03:52.392Z,,c8d202a615fd4814bfa3023f69bba12a1691bcc4f4c6b6881e28499739d7319b,
2207328,PRC_L2O5Y0C1D0D8F1Z3F2B9Y2Z9G5B2Z3,2025-01-08,300,300,272,0,0,272,0,0,28,true,false,,,,,300,0,api_only_pass,2026-10-01T12:03:52.297Z,,bd9dfb1f4f3112cd81a21762cba9ce3ce6f783000e1bb37df238cffe34dcded1,
2207329,PRC_T2S4Q1R1P0Q5X1Y0X5V7V5T1V8C3D2,2026-05-07,285,286,180,0,1,179,0,1,105,false,true,180,0,1,true,286,1,web_repair_pass,2026-10-01T12:02:49.014Z,2026-10-01T12:06:35.353Z,e69be2fe2ef7b6e0b559e01607fe7481f9470c7f93c7f4ddeae6bf8644c0e22f,bd2a4d74b73aed19b3cd086accfbd739e217ed7f037546bb0e07f766ebf731c2
2207330,PRC_V2R5L0V1K0Q8G1O3V4I4B0J2X0G1P6,2025-01-08,300,300,202,3,25,202,3,25,70,true,false,,,,,300,0,api_only_pass,2026-10-01T12:03:52.254Z,,5a04c62180faaf235782e5a21101dda717887da860229ddd3d5afd05211fe71a,
2207359,PRC_B2Z5A0Y1Z0X2Y1G6E2F0D4E8C6D8K2,2025-10-26,298,298,254,0,4,254,0,4,40,true,false,,,,,298,0,api_only_pass,2026-10-01T12:03:28.219Z,,7d182619a3be67c0cd011bf0f4d50a4ba02d12ee015c54e4b6894a733840daea,
2207381,PRC_I2H5J0O1Y1T7D2Q2E5Q2G2G1D5N6G2,2025-01-17,300,300,188,86,0,188,86,0,26,true,false,,,,,300,0,api_only_pass,2026-10-01T12:03:52.233Z,,655c6738aecb9d1d6c73551655cefe00f65b78901148f83c9c555dae90fc8680,
2207384,PRC_A2I4J1H2I0G5E0F9A3C9A5A6Y3X5Y6,2025-11-13,298,298,123,1,28,123,1,28,146,true,false,,,,,298,0,api_only_pass,2026-10-01T12:03:24.432Z,,a52f01888fdf47fb66370f6afa4bc56cee8184deb6700e7c0c8e69a0240fe073,
2207403,PRC_D2A5C0V1A0G9Y1S1C3J7I1T6Z3C4M9,2025-01-17,300,300,181,97,1,181,97,1,21,true,false,,,,,300,0,api_only_pass,2026-10-01T12:03:52.160Z,,7d8c8047c10e7b529d333773127f875c3764c3ce84505b7ed1c336a26f939291,
2207463,PRC_W2X4W1W2E2E7D1B5C4A7B3J7J0H0I1,2025-11-13,298,298,145,1,10,145,1,10,142,true,false,,,,,298,0,api_only_pass,2026-10-01T12:03:24.325Z,,084c806a4110e33a3bb316ecc6840bea6988225b6eabedef10dd64347d8776c9,
2207469,PRC_Z2Z4X1Y1W2X8V1W9R0Q1R1P4P0O6O8,2025-10-26,298,298,259,0,1,259,0,1,38,true,false,,,,,298,0,api_only_pass,2026-10-01T12:03:28.138Z,,cce89e6673ca127ca4d68ca50a69edcfcd2dab14239725bca5b95824cbe1ec2c,
2207472,PRC_H2P4O1O2M0N6L1M0I4I2G5F9G1E0F9,2025-03-20,300,300,251,3,13,251,3,13,33,true,false,,,,,300,0,api_only_pass,2026-10-01T12:03:42.246Z,,695bd9f1243b6600d63294c75a0b11b78826bb41fd8946ff91657c551cd4e0de,
2207484,PRC_W2W5U0V1T0U3S1T4B0Z2A3Y8Z4X5Y8,2025-12-02,298,298,224,3,12,224,3,12,59,true,false,,,,,298,0,api_only_pass,2026-10-01T12:03:20.696Z,,c9bdf4a2b2ac9f72391074546f373e50baf877881e35a88d86c091a22bdbc374,
2207493,PRC_H2F5G0E1F0N8N1L6K2L7J4K1R6S0R5,2025-12-02,298,298,241,0,3,241,0,3,54,true,false,,,,,298,0,api_only_pass,2026-10-01T12:03:20.685Z,,0cc7c931c9c33d4f67642ae4be2aa76822fbb85d9cfc4c9861ab30ea5ce21c51,
2207501,PRC_W2U5V0T1T1C3A1A7Y4Z3Y3Y4G4F2F6,2026-03-12,294,295,176,6,3,175,6,3,110,false,true,176,6,3,true,296,1,hold_tenure_boundary,2026-10-01T12:03:03.210Z,2026-10-01T12:07:07.204Z,e543e99b523b58e2f126264839a591e9cebf995010f803c713890412b60a08e3,24d882e1fd029c72f4760a95150ac026b748e6d09b3a453a04f50dacc4436c93
2207515,PRC_D2E4C1D1B1C3K1I4I4H8I3G4G6O1N3,2026-03-12,294,295,191,0,0,190,0,0,104,false,true,191,0,0,true,296,1,hold_tenure_boundary,2026-10-01T12:03:03.205Z,2026-10-01T12:07:06.965Z,0bb4dc073fe9a6b2f7c7746ad9d970773d9976ef8e7b5ecea7ab1bd378c3c96d,89ad5a49d6aa33069a882bbe3e30c32aba1cd2ed6343e6ff615580fe15007542
2207521,PRC_A2F4N1N2E1V9P1L4T0H2G2P8X4Z4C1,2025-01-17,300,300,187,67,14,187,67,14,32,true,false,,,,,300,0,api_only_pass,2026-10-01T12:03:52.081Z,,106a610409b8ab72bc6547c57015fd53928c823af930b9e7c5a8f5c419c4957c,
2207578,PRC_F2O5F0I1C1B5R1D7C4M5X4R0E3L2I3,2025-01-17,300,300,274,0,0,274,0,0,26,true,false,,,,,300,0,api_only_pass,2026-10-01T12:03:52.112Z,,409b3dae21039491af39453aaacdea4b3ecdad085fa45a5eb6ad65713d5438b6,
2207620,PRC_P2Q4O1N2N0V2W1U5V3T9S4S3A8B9Z9,2025-03-13,300,300,232,1,7,232,1,7,60,true,false,,,,,300,0,api_only_pass,2026-10-01T12:03:45.057Z,,8749822b867f421164cc4a538548a8d79ba681d5185881528660bacb23dd3c07,
2207635,PRC_D2X5U0H1H1X7U2F3Z1H5F1F2E5P7Q0,2025-02-14,300,300,160,0,0,160,0,0,140,true,false,,,,,300,0,api_only_pass,2026-10-01T12:03:51.952Z,,166cd8760531d7c6eeb9fdf17792b4225ad5f8d3dace9df5441a4d57a93817c8,
2207665,PRC_J2H5I0G1H1F3B1B5Z2B4Z4Z5Y0G0G6,2025-08-27,298,298,160,1,1,160,1,1,136,true,false,,,,,298,0,api_only_pass,2026-10-01T12:03:30.163Z,,4cec408d743a07627e8ac8a2e77d4bbf8c3ca4a2cdd3da442812e71c819ee1a8,
2207677,PRC_Q2O5N0O1M0M9V1V6D2D0C3A4B7X4W2,2025-10-26,298,298,251,0,7,251,0,7,40,true,false,,,,,298,0,api_only_pass,2026-10-01T12:03:28.085Z,,f636988169b51f6296bb4d793d8c87a7cd845d57e7f2a280966f847eee9cab42,
2207703,PRC_S2T5S0S1Q2R0Z0X9Y4W3W4V0W2R3S6,2025-12-02,298,298,233,0,2,233,0,2,63,true,false,,,,,298,0,api_only_pass,2026-10-01T12:03:20.569Z,,9869e9cebd3600e5470773c5b78f7c816a3d2ecd5be881c5010618e0193578ef,
2207713,PRC_L2X5R0Q1P2L2Y1Z4X5D8N0B2B2E5N9,2025-03-13,300,300,256,0,0,256,0,0,44,true,false,,,,,300,0,api_only_pass,2026-10-01T12:03:44.932Z,,a62052f6229b7fa1db0632fca9c6e1ca27a7f15ea001c101c2966fe0793cb672,
2207714,PRC_Q2Z5P0F1K2M2K1C5W1U6I2E1P3L8R8,2025-03-13,300,300,244,0,1,244,0,1,55,true,false,,,,,300,0,api_only_pass,2026-10-01T12:03:44.887Z,,d27c541eb6a520ab764528dcb0b50eaa6e03ba627d1bdf185657a57e4207d721,
2207717,PRC_L2D5Q0B1D2C2Y1H5J2B8A2O6X4I5K2,2025-03-13,300,300,251,0,0,251,0,0,49,true,false,,,,,300,0,api_only_pass,2026-10-01T12:03:44.929Z,,fc8eab4b7e1db923bc7565d864e66a9200f8b830666e7ad9c3cf0f354ba46517,
2207723,PRC_H2X5Z0U1D2P2N1X6Z3L0I2D4Z7Q0R3,2025-12-03,298,298,251,0,4,251,0,4,43,true,false,,,,,298,0,api_only_pass,2026-10-01T12:03:15.682Z,,6da1b32301b514a2f805f6c8aa966b426372167fc027383c1351a4bd644273b3,
2207752,PRC_J2T5V0F1V2H3Q1Q3S4E5I4L7G8N3S6,2025-01-23,300,300,144,35,6,144,35,6,115,true,false,,,,,300,0,api_only_pass,2026-10-01T12:03:52.017Z,,f657a2aea3d8a280dc30a61a080928356e81525e6459dee68a293c1ecb24f029,
2207813,PRC_B2Z5B0I1J2H2G1G6E3F0N3O8M6M1L5,2025-12-02,298,298,229,0,2,229,0,2,67,true,false,,,,,298,0,api_only_pass,2026-10-01T12:03:20.688Z,,a861addc7e8edcba3a24c7d226501a74f99b5fba6c166916c3f1fc0d735b687d,
2207817,PRC_Q2R5P0Q1Y2W2X1V6W3U1U3C2B3B8A2,2025-12-02,298,298,203,1,14,203,1,14,80,true,false,,,,,298,0,api_only_pass,2026-10-01T12:03:20.515Z,,0bceb48bddd2abb5ca2034507019476e63ff233c2b907d0078ea273a0f636347,
2207922,PRC_P2P4O1O2W2X7V1W4U4T2T5B5B8A4B5,2025-11-13,298,298,152,0,3,152,0,3,143,true,false,,,,,298,0,api_only_pass,2026-10-01T12:03:24.285Z,,813fcfd589c4653fb72d25a90418c7b1281f21e94c45dad70b518c35225113da,
2207934,PRC_D2E5C0C1B2Z3A1V0W5U6V3T2U5S4S1,2026-01-29,295,296,209,0,0,209,0,0,86,true,true,209,0,0,true,296,0,web_repair_pass,2026-10-01T12:03:12.110Z,2026-10-01T12:07:25.688Z,c92dfb54c89b35a89d4d56a8720742fe0e96ae346012ea77e240cf6ac3e11b65,e437be7f4fe88646132f75b99a3dfd9a3669f89c71de3bf44bd32bc7e128f799
2207948,PRC_Z2A5Y0Y2X0Y3T1U5S4R9R2P6Q6Y9Y2,2025-07-23,297,297,210,0,2,210,0,2,85,true,true,210,0,2,true,298,0,hold_tenure_boundary,2026-10-01T12:03:32.748Z,2026-10-01T12:07:30.742Z,f09f4fcfb2eb85dc08b949e51bc321738fc0c5d054a10b93c0e0951368462b9b,651e1c3ff371838335c198da695df25d8107f1e76cf96dfa3724714fafefca92
2207960,PRC_T2S5X0S2Z0R6H2H1K0Y7U5A8F7R0Q3,2025-02-12,300,300,129,58,2,129,58,2,111,true,false,,,,,300,0,api_only_pass,2026-10-01T12:03:51.938Z,,77b5e256ddcb2fe2c5957eead51a85e3f81921dad0eccc8a8978f28b87294bda,
2208001,PRC_G2H5F0N2O0M5M1L1M5K9K3G0F4F4D5,2026-03-31,294,295,185,1,4,185,1,4,104,true,true,185,1,4,true,295,0,web_repair_pass,2026-10-01T12:03:00.044Z,2026-10-01T12:07:00.100Z,78599b88ab39bca3356a7279752a66a2c7e2df1b1176616676c5209ac0f6c9fe,ed4d29ee591458478e896e81f19d68eac41e9d71662135f5b14d9cff493c20a1
2208057,PRC_F2M5G0E2U1D1F1P4F4H3U1A3R7S7D1,2025-02-27,300,300,183,91,0,183,91,0,26,true,false,,,,,300,0,api_only_pass,2026-10-01T12:03:49.017Z,,e7537b78812be73d84ac0a7f1e8ea18e3d36516d1ddbc162b409c8fc3e32fd95,
2208058,PRC_H2D5C0J2I1A1E1F5Z1S1S5A8B2G1O9,2025-03-20,300,300,175,76,4,175,76,4,45,true,false,,,,,300,0,api_only_pass,2026-10-01T12:03:42.328Z,,3e44ea17ed0bd3b395b2c4e2762eeb3f0f144c639c3938c496305dba7cc6cd24,
2208081,PRC_O2P5L0L2J1I0J0H8H0Q8Q2O2P2O8M0,2026-03-12,294,295,210,0,0,209,0,0,85,false,true,210,0,0,true,296,1,hold_tenure_boundary,2026-10-01T12:03:03.294Z,2026-10-01T12:07:06.925Z,961d85cbc701082cf1fe055a53210293cc5075c994cee3b148c7f59256f51922,bb9ead285049fdcc2b7279811fa541c320ce03f84e4b264fe2d747cef37204b3
2208084,PRC_O2P5X0X2W1U0V0T7U4P9Q3O8P2N5L8,2026-03-12,294,295,211,0,0,210,0,0,84,false,true,211,0,0,true,296,1,hold_tenure_boundary,2026-10-01T12:03:03.057Z,2026-10-01T12:07:06.858Z,652dd5622bbc28516090a6a08ce04a8d5686fdcc8a48bdc2c015c17653c8d6c7,227d3e0b1a12eefe096053ee796a31242f243b685442623f6b133b7be5f674ea
2208096,PRC_L2J5K0I2I0R4R1P1Q1P4N0N3W1W2U1,2025-10-26,298,298,255,1,2,255,1,2,40,true,false,,,,,298,0,api_only_pass,2026-10-01T12:03:28.091Z,,e5bc2abd9ef01db084decb0ab811a4329bc0aba81d397ad1a90738f2cd022b0b,
2208115,PRC_I2G5H0F1G0E6F1N5N5L0K3K1J8K8R2,2026-03-31,294,295,198,0,2,198,0,2,94,true,true,198,0,2,true,295,0,web_repair_pass,2026-10-01T12:03:00.024Z,2026-10-01T12:07:00.212Z,93481435de3f295a815ae3b86068b20f11f3af888d43d77dccb24b25f6d599b7,092f1a01b6c05c48a25f4adbf8f729545672b928b08a33eb608a6ae1e4df8d1b
2208119,PRC_A2B4J1J2I0I5H1F5F2C6C2B8Z6Z6X4,2026-04-23,294,295,153,1,2,152,1,2,139,false,true,153,1,2,true,295,1,web_repair_pass,2026-10-01T12:02:55.607Z,2026-10-01T12:06:49.220Z,906771d1663e2fb866936c790b0d4faf871a909e47dcd7a0275d637eb24c7c20,44e50cf83f53815d4ce537e0a9eb59cfdec5886b87733dc30682c8832574ed77
2208161,PRC_R2G5P0Z2A1X4U1T1D1O7J1I4P9Y5D7,2025-02-14,300,300,168,0,0,168,0,0,132,true,false,,,,,300,0,api_only_pass,2026-10-01T12:03:51.883Z,,66e05d8699e9bd5c745dcf0c96bb7f50dea5b896552c09945a95c1e082cd5fbb,
2208162,PRC_Q2W5Y0I2U1N3Y1N7G0H9Z0Y0F5R0P5,2025-02-14,300,300,161,0,2,161,0,2,137,true,false,,,,,300,0,api_only_pass,2026-10-01T12:03:51.798Z,,b66a3bfe066ac4b2b206b2cdc1da3bd41be865128685527576fde450a9fdae26,
2208169,PRC_V2H5J0N2E1N4V1W4S5T0W3U4A1S5K6,2025-03-13,300,300,259,0,0,259,0,0,41,true,false,,,,,300,0,api_only_pass,2026-10-01T12:03:44.768Z,,9e073e11b35dc9fc818837e6097df808153d7ba57d08b79bfdaf03b39e5cd996,
2208170,PRC_X2D5E0W2Q1A4F1S4J5Z8J0R7F4A0C9,2025-12-03,298,298,252,0,2,252,0,2,44,true,false,,,,,298,0,api_only_pass,2026-10-01T12:03:15.532Z,,e1165b2c4ac700deed44cd38eea05f068461c19e113d57cd7b0a85ab71191c05,
2208171,PRC_G2E5J0R2B1U4K1A5P0I2B1D8F6I1E7,2025-12-03,298,298,251,0,1,251,0,1,46,true,false,,,,,298,0,api_only_pass,2026-10-01T12:03:15.548Z,,3398418d8192f04686579ac178673dcc0b234557c4bc21a70ac552916b575ab0,
2208201,PRC_F2G4B1A1B2Z8A1Y7Z3G4F2F7E3F6D0,2025-07-23,297,297,175,7,21,175,7,21,94,true,true,175,7,21,true,298,0,hold_tenure_boundary,2026-10-01T12:03:32.647Z,2026-10-01T12:07:30.648Z,55200da167a17e64e57ce390dfa3b7910f9112093a14dc71e9e5e723a59a9c67,c267c322f814202607b6f53a84617cf16ceaab37c29529771d1db5a35a3899fe
2208202,PRC_U2S4R1R1P2Q6Y0Z9X5V0W3U4V9D9D9,2026-02-12,295,296,159,0,0,159,0,0,136,true,true,159,0,0,true,296,0,web_repair_pass,2026-10-01T12:03:07.471Z,2026-10-01T12:07:15.618Z,726d5e51996d1082639e0a2869d1539f9c8343f722d86c39a615d94ce0057ee2,0774725808787fc261468e8ad3212f1b2be3e9aa9295f91ab4e03c90706daeca
2208212,PRC_T2R5Q0Q2Y1Z0X1Y4W5X3V5D1D8C1D5,2026-03-31,294,295,197,0,5,197,0,5,92,true,true,197,0,5,true,295,0,web_repair_pass,2026-10-01T12:02:59.928Z,2026-10-01T12:06:59.755Z,959ea71238c893e9828a773e968aae47f791b286026f73dba2e7b8ef538c1c06,064a1ef36a8fb4ace566d219a77639efc01b1a549fc9fb549777cf0a879b7acb
2208268,PRC_J2K5L0X2J1J8K1L0T3U7P2T4A1L6N4,2025-02-27,300,300,130,59,0,130,59,0,111,true,false,,,,,300,0,api_only_pass,2026-10-01T12:03:48.825Z,,b2e91e2d64174f46936fa9ed25328d217a2dafe0c05afe8db30ecf187bca5d2a,
2208324,PRC_O2N5O0M2M1L2T1T1R2T6R5R6P1Y1Y2,2025-07-23,297,297,227,0,1,227,0,1,69,true,true,227,0,1,true,298,0,hold_tenure_boundary,2026-10-01T12:03:32.540Z,2026-10-01T12:07:30.409Z,cda920c56115ef8b5d14083147d36ca51bb746b2862d5daae5d18ffc29f2bf0e,c3d48b18b0a1f2cea31bafd69e249eae07eeb9e242656bf35be83bd6725d6aaf
2208343,PRC_F2D4C1D1K1L5K1K1J1H0H5Q3Q2O3P9,2026-02-12,295,296,157,0,1,157,0,1,137,true,true,157,0,1,true,296,0,web_repair_pass,2026-10-01T12:03:07.451Z,2026-10-01T12:07:15.558Z,797b85c662ed88be722c970170a0625c04cb59113ec0dea77594abd65454bb6f,f33251d67974bbbd8b9404ccf229398a5b4ad308fb2b276a93cc641bf19577b4
2208356,PRC_E2C5D0Z2Z2Y1Y1W6V3W8D5E8D8D3B4,2025-03-20,300,300,179,85,0,179,85,0,36,true,false,,,,,300,0,api_only_pass,2026-10-01T12:03:42.173Z,,ed7f68c6abda8daecf4ae4e2e6c24a79bb0dedd467aa74061a9caad09edae7fa,
2208364,PRC_G2E5F0D2C0C3K1K7J2K2I0I3H6D0D5,2025-10-26,298,298,250,1,6,250,1,6,41,true,false,,,,,298,0,api_only_pass,2026-10-01T12:03:28.000Z,,5491406748b6f59d9a6147813df0e2bc0bae610f4b77cad94b914a95d9f78daf,
2208397,PRC_D2L5K0K2I2J1I1I7U4V7U3S4S2Q2S7,2026-02-12,295,296,158,0,0,158,0,0,137,true,true,158,0,0,true,296,0,web_repair_pass,2026-10-01T12:03:07.391Z,2026-10-01T12:07:15.407Z,f2653a1dbab56b39c90b7a10b6be8af44e5910d27d38371476de210e130bc5a3,e5979e5b66637705d0557c09818705ca6f6071e848bb532ae8719c3089149289
2208412,PRC_D2K5L0K2K2I0J1I7P5Q1O4P6N6O1M2,2025-05-01,300,300,263,0,0,263,0,0,37,true,false,,,,,300,0,api_only_pass,2026-10-01T12:03:37.982Z,,b230508c24ca384301c131b44210fae9b31ae033167d9733cc58c26b0c14e182,
2208424,PRC_P2Q5O0O2N1O9V1W6V3T4T5S8S3A2B5,2026-01-29,295,296,228,0,3,228,0,3,64,true,true,228,0,3,true,296,0,web_repair_pass,2026-10-01T12:03:12.061Z,2026-10-01T12:07:25.586Z,12f96c740ad7418dfaf79ce49c65b8a524e24337534b12b2bec2ef1528a18e8f,96b10a7718c478620840d1a79b4acd16027bddff2e8b0699d74c264813865ee1
2208456,PRC_I2H5F0G2N2O5N1N5L0M4L2S0T6R3S7,2025-06-05,296,296,186,17,0,186,17,0,93,true,false,,,,,296,0,api_only_pass,2026-10-01T12:03:36.254Z,,2fafaeeb863a7b84155bdb7b4fb52e172a83b1fca16ea1486ca641aa04228e55,
2208469,PRC_C2K5V0K2H2B5G1K4W3D5A3E0C1Q6P3,2025-02-27,300,300,271,0,5,271,0,5,24,true,false,,,,,300,0,api_only_pass,2026-10-01T12:03:48.808Z,,f6c443ac6e26200ae27a9864c58078ccddd2f0a45ba0d9285fb2620a309b6cee,
2208471,PRC_V2D5N0A1G1K6F1I4Y2T0R0N7F6O0M1,2025-02-27,300,300,210,0,1,210,0,1,89,true,false,,,,,300,0,api_only_pass,2026-10-01T12:03:48.874Z,,6aae16cf5506af899de0b10130d62c4a8e8f9feac82b00efa1e6df2fe4eb0f67,
2208472,PRC_G2H5A0N2V2W5T1S4L3O3P2V8U6E9F1,2025-02-27,300,300,268,0,5,268,0,5,27,true,false,,,,,300,0,api_only_pass,2026-10-01T12:03:48.665Z,,902a8febab1ff33eb6958af641733f77e88db6af5be22b3dd0ba65c52d47870d,
2208473,PRC_Q2N5S0A2Z1F7J1S9G3J7B2A2U3M1J9,2025-02-27,300,300,180,6,17,180,6,17,97,true,false,,,,,300,0,api_only_pass,2026-10-01T12:03:48.635Z,,c46c9260d6a6d486a2c728223625a3ff47fcbed42ef60dfff92dec88dd490ff8,
2208474,PRC_Z2F5T0O1O1T6Z1F4Q1Z5I2R3R7J8I6,2025-02-27,300,300,207,0,1,207,0,1,92,true,false,,,,,300,0,api_only_pass,2026-10-01T12:03:48.641Z,,dce3ca162cad8f9f4bdc0ff72fd463e5b0aa3d47c5da0944bc46769357668164,
2208475,PRC_X2W5V0B2V1B7K1M9Y3P3A3O6A2Y2U3,2025-02-27,300,300,191,5,19,191,5,19,85,true,false,,,,,300,0,api_only_pass,2026-10-01T12:03:48.481Z,,f227070cfc3010897f9f1e2f84fa4002511301b0b1f1c8807a12d2f18d72017b,
2208476,PRC_O2J5N0T2G1Y7V1B9N3L6Y2R3X9R6Z0,2025-02-27,300,300,190,8,27,190,8,27,75,true,false,,,,,300,0,api_only_pass,2026-10-01T12:03:48.477Z,,15279cb303202794974c9521a72b786b510a845c822f3766afe9f9cc44349446,
2208477,PRC_S2Q5Q0R2H1H9G1X9J0L5F5V7B1O3R7,2025-02-27,300,300,216,0,3,216,0,3,81,true,false,,,,,300,0,api_only_pass,2026-10-01T12:03:48.504Z,,bb0f0191c338a342093b74cf1c13cf77b6c09191b939fee4bda1b0f16355342d,
2208478,PRC_T2Q5F0Q1I1P6J1C4Y1I9G0O5W6X5A3,2025-02-27,300,300,195,7,12,195,7,12,86,true,false,,,,,300,0,api_only_pass,2026-10-01T12:03:48.311Z,,a57ae640ffca6c6e85c38eccae975539a614cce58ecc321a72eb1aa20a61e23f,
2208479,PRC_J2E5J0F1V1H6M1Y4T1G7G4Q9D9N2D8,2025-02-27,300,300,202,0,8,202,0,8,90,true,false,,,,,300,0,api_only_pass,2026-10-01T12:03:48.232Z,,57d8e17f422c81f42b04c2329465a1bf529615e850d161142e46b558571fb2c6,
2208480,PRC_H2W5V0Q2K1Q7W1L4I3J0Q5L2G5Z1R1,2025-02-27,300,300,248,1,4,248,1,4,47,true,false,,,,,300,0,api_only_pass,2026-10-01T12:03:48.236Z,,00fe381d72571c59adbb3f8c2da08eed37001d2e4b1393da4e622e28b9b210d4,
2208481,PRC_P2O5H0X2B1I7K1O4N2D8H5B2C9Q3J7,2025-02-27,300,300,254,0,2,254,0,2,44,true,false,,,,,300,0,api_only_pass,2026-10-01T12:03:48.093Z,,83edc4407828637597ad15b18e9984acbadf239db15317a65030f5bad98caba4,
2208482,PRC_Q2Q5J0Q2U2D5M1C4W3V2Y3M6H4J4K8,2025-02-27,300,300,274,0,0,274,0,0,26,true,false,,,,,300,0,api_only_pass,2026-10-01T12:03:48.172Z,,49a795b03fdf7cc98bafef001bf2c69ab8bb32eb9d821aa2102c0c68421123af,
2208483,PRC_D2G5W0A2X2E4C1T1M2I9H3M3V0Q1M3,2025-02-27,300,300,245,0,8,245,0,8,47,true,false,,,,,300,0,api_only_pass,2026-10-01T12:03:48.071Z,,8b52e405756aba663dba685a0868cb1c7f38dd75102f576796411ef4506f6c92,
2208484,PRC_E2O4H0L9S2F4Y1Q7L3J6F2Q2H6F8K6,2025-02-27,300,300,221,0,0,221,0,0,79,true,false,,,,,300,0,api_only_pass,2026-10-01T12:03:47.950Z,,3d30815aa97dbd3469d6bedecb657e3f7c91dd6602c81746309338e434f61e24,
2208485,PRC_D2Q5D0D1Z0F6Q1H0H4H7H4A5M6U5X8,2025-02-27,300,300,167,78,0,167,78,0,55,true,false,,,,,300,0,api_only_pass,2026-10-01T12:03:47.955Z,,132e5c96c2de36060026278c7c29945b74a0610754f42cafe0c0b6e9a31d4540,
2208486,PRC_Q2M5G0X2J2A5N1M4U3W4C4Q5E1N8K8,2025-02-27,300,300,266,1,7,266,1,7,26,true,false,,,,,300,0,api_only_pass,2026-10-01T12:03:47.814Z,,5759af5a4373400012d3eaa914bf3e08dced709e4d56cd15b1dc83c4cde016f4,
2208487,PRC_X2H5L0K1X2K2Q1R7U1V1C5K3T2G4M9,2025-02-27,300,300,193,3,6,193,3,6,98,true,false,,,,,300,0,api_only_pass,2026-10-01T12:03:47.905Z,,731508ff3b833739972e9eeae90e9ae74043d07e60e32159dc4a6a248dad3405,
2208488,PRC_Q2W5X0T1L0G6R1Z0C2Y7S1P3L4T2C5,2025-02-27,300,300,238,0,6,238,0,6,56,true,false,,,,,300,0,api_only_pass,2026-10-01T12:03:47.788Z,,e5a3814cb98d3cae16b27dadaccddf82ef1b6010251de0d26732a6a24541d3c4,
2208489,PRC_M2H5V0B2P2K5W1P4E3N6I5U5F9E4K9,2025-02-27,300,300,274,0,1,274,0,1,25,true,false,,,,,300,0,api_only_pass,2026-10-01T12:03:47.679Z,,84cdd4cee1c895f00d8ced34b0bd768ebb4d70b3717c2bc717c448f3c1e70e49,
2208490,PRC_P2V5P0R2V0R3M1T6V3Z4S2C6E1G0S2,2025-02-27,300,300,206,0,1,206,0,1,93,true,false,,,,,300,0,api_only_pass,2026-10-01T12:03:47.658Z,,85741f8d5e7075e5b3305bbb0378a18ef8f0a076a477b243edcaef878318803a,
2208491,PRC_J2V5N0N1Y1V6R1Q4J1D5F5C7I2E8E3,2025-02-27,300,300,204,0,3,204,0,3,93,true,false,,,,,300,0,api_only_pass,2026-10-01T12:03:47.523Z,,5d9434fa23a42845b3ef5529307a8597f59c40c1603b8f7c4d4bbafd387a9b5f,
2208492,PRC_B2A5Z0N1O2H1D1P5O5I6E1E8X5X0Q4,2025-02-27,300,300,200,0,2,200,0,2,98,true,false,,,,,300,0,api_only_pass,2026-10-01T12:03:47.645Z,,299b568e9b12cf17decd8ea72293e122f5e539942c9eb09b147c43bba14cb98a,
2208493,PRC_W2W5C0M1A2H1G1V8Y4E4P0V0A7X8V9,2025-02-27,300,300,203,0,1,203,0,1,96,true,false,,,,,300,0,api_only_pass,2026-10-01T12:03:47.493Z,,67e183542bdd3e9ddbb47900dd30f22e03d8cf9052ed0a4fb94a565685935fc0,
2208494,PRC_H2A5N0B1L2X3U1W5T0Q0X1Z6V4F8U5,2025-02-27,300,300,199,0,3,199,0,3,98,true,false,,,,,300,0,api_only_pass,2026-10-01T12:03:47.298Z,,6cbdd0dc5685562aab7880469c477e7ff37cf1c6cd5180f65d507689d2496200,
2208495,PRC_H2F5C0D2I1T9N1C9M0E1Y0S1N9K7Z2,2025-02-27,300,300,214,5,3,214,5,3,78,true,false,,,,,300,0,api_only_pass,2026-10-01T12:03:47.388Z,,177cbd54bd2662b9cd13939bd505438fe99c802b00c66d1c584911a79c505ab3,
2208496,PRC_O2N5B0A2A2G5E1H4Z3B8V3K4T3R5P6,2025-03-13,300,300,186,91,3,186,91,3,20,true,false,,,,,300,0,api_only_pass,2026-10-01T12:03:44.698Z,,b7ae83ff5a77b0ec0f150d6a19b132123f7d4a4390e94edd02693722a55ef957,
2208497,PRC_G2F5T0K2I1L8P1K8S1Z1P5M9G2M0I1,2025-02-27,300,300,187,0,0,187,0,0,113,true,false,,,,,300,0,api_only_pass,2026-10-01T12:03:47.152Z,,e52d633ca1e3798f3d3dcb8cfb5cc57d3539fbb11123968784c53b1525cd525e,
2208498,PRC_T2M5H0A2M1B8O1D8S0A8I5Y1L5O5K0,2025-02-27,300,300,192,0,1,192,0,1,107,true,false,,,,,300,0,api_only_pass,2026-10-01T12:03:47.174Z,,df5f7f568800d176eb8cfa06fdc4b7ad8bd43e1b3fbd174e2a19c2c28d0637d8,
2208499,PRC_T2D5E0B2U1S7R1N4S0R5U5N7R0S9E2,2025-02-27,300,300,253,0,1,253,0,1,46,true,false,,,,,300,0,api_only_pass,2026-10-01T12:03:47.166Z,,e61c01ee8a5b577422be2a56180cc84e4ec759b21bcf8debe708a7b8c6fa5f77,
2208500,PRC_R2I5Q0C2B1K8L1M8O0Y7H3V1Z0V2G6,2025-02-27,300,300,191,0,0,191,0,0,109,true,false,,,,,300,0,api_only_pass,2026-10-01T12:03:46.986Z,,dcbe6b00c4903b909c627599798d7ee19a2b9343aeea3833d2163f4caf9e0c8b,
2208501,PRC_T2G5X0R2G1Y8X1D7A5Q5Q0S4K5H9R2,2025-02-27,300,300,186,2,0,186,2,0,112,true,false,,,,,300,0,api_only_pass,2026-10-01T12:03:46.999Z,,d3cfcf2b4c977f9865560510caef453134405252f7766cf5547393e57942c701,
2208502,PRC_K2D5I0T2O1A8A1Q7Q5O9G4M8N2I0J5,2025-02-27,300,300,185,0,2,185,0,2,113,true,false,,,,,300,0,api_only_pass,2026-10-01T12:03:46.969Z,,b04424495d7b2e6daf675d2456b7826fa6c22ccefe6556894efa0d3eb8134e44,
2208503,PRC_U2D5F0U2Z1R8S1I5N1A1G3B3P9H9I7,2025-02-27,300,300,241,0,1,241,0,1,58,true,false,,,,,300,0,api_only_pass,2026-10-01T12:03:46.826Z,,a1cdd89ca35a78545d597d16e76f86b43431726ccb2c8b721b5fa6497b954d1c,
2208504,PRC_O2X5X0P1P0C7B1V3K0F1K1F1P1D7Y5,2025-02-27,300,300,238,0,4,238,0,4,58,true,false,,,,,300,0,api_only_pass,2026-10-01T12:03:46.782Z,,aa98d908da99fd7477e952368693503716d8df695adc652760198b9f0636db92,
2208505,PRC_F2G5C0V2S1W8W1D8S0L6A3W3N1O0V7,2025-02-27,300,300,192,0,1,192,0,1,107,true,false,,,,,300,0,api_only_pass,2026-10-01T12:03:46.812Z,,34a5cd6c2fe6fee3578e2ec688ea73a3347b8f7f61a3fff1cb33bedcf2fc8592,
2208506,PRC_O2I5G0T2A1A8O1X8O0A5Y0Z4R9G9W0,2025-02-27,300,300,188,0,0,188,0,0,112,true,false,,,,,300,0,api_only_pass,2026-10-01T12:03:46.634Z,,2b2f81cb3182c5358e546bb605e4fd73e59c950514bf6eebea87ecd65944a50f,
2208507,PRC_V2X5S0P2S1F8N1K8E0P1S4V0B5I5Q7,2025-02-27,300,300,187,0,1,187,0,1,112,true,false,,,,,300,0,api_only_pass,2026-10-01T12:03:46.672Z,,88b2c89adf197a61731be95c769b7fb17e47a47cda5415b06d33d12a8affb1f1,
2208508,PRC_A2E5C0L2N1T8V1U8Z0G3U1V9H5W0U2,2025-02-27,300,300,187,0,0,187,0,0,113,true,false,,,,,300,0,api_only_pass,2026-10-01T12:03:46.647Z,,9c97d2d2745f1c08f8f9e1e5d8b83e830c8c83364d96c816ed7e0a2080e1b734,
2208509,PRC_M2F5B0B2J1S8S1M7R5A8Y0H4Q4V3G8,2025-02-27,300,300,190,0,1,190,0,1,109,true,false,,,,,300,0,api_only_pass,2026-10-01T12:03:46.470Z,,3849c65f5f4dc72ecf795ce53581606d856a77a2ea0f2b44ffe4f73f55dbef17,
2208510,PRC_Q2M5N0W2L1Z7I1B4W3G4L5F5E8F6F8,2025-02-27,300,300,251,0,3,251,0,3,46,true,false,,,,,300,0,api_only_pass,2026-10-01T12:03:46.475Z,,65bbea409cb9df1e71c63e00481cb96f1335d52e345b8a1079afe6d48e318a96,
2208511,PRC_N2F5T0R2Z1N9B1B5C3V8J5F5F0H2U6,2025-02-27,300,300,217,4,4,217,4,4,75,true,false,,,,,300,0,api_only_pass,2026-10-01T12:03:46.430Z,,9a81a093b0005c8e0e9154d24237c2893e3fe078cdde194fe5f22bc8c337887a,
2208512,PRC_W2V5I0Y2N1T7O1V4H2B7D4W7U7F0M0,2025-02-27,300,300,239,14,4,239,14,4,43,true,false,,,,,300,0,api_only_pass,2026-10-01T12:03:46.309Z,,b69fac38ab24451e5173c31ec6ee34b9f925bedc0ae475020e7d20767a48f8b6,
2208530,PRC_Z2X5X0V2W2S6S1R0P1Q9O3P4X0X4V6,2025-12-02,298,298,219,0,10,219,0,10,69,true,false,,,,,298,0,api_only_pass,2026-10-01T12:03:20.412Z,,93af24059f51555a0d2c2182d04b443f259cab98e69839cf5101329c19e6290a,
2208565,PRC_Q2P5Q0O2O2N5J0J9H3I4H1H8F2G6O9,2025-10-26,298,298,255,4,0,255,4,0,39,true,false,,,,,298,0,api_only_pass,2026-10-01T12:03:27.946Z,,52d26461fb43a8f35ec855f3cc93313cab77a138aef1fa84adf3641a040e731f,
2208571,PRC_Q2O5W0X2V2W7U1V0T0B8C0A2B0Z6A4,2025-10-26,298,298,256,0,0,256,0,0,42,true,false,,,,,298,0,api_only_pass,2026-10-01T12:03:27.935Z,,9cceb709e33d0b789375ba0336f60424c212783acf4a6e377e039b9dc994359b,
2208588,PRC_C2F5H0D2U2P7K1E6M5N4Q1Q2W1S9G1,2025-03-13,300,300,151,85,0,151,85,0,64,true,false,,,,,300,0,api_only_pass,2026-10-01T12:03:44.743Z,,375d7ac2d903908a40bccbfa7e24ebcbe7bc81cb63db661bfd21b21b90240991,
2208594,PRC_U2Q5C0U2S2P8H1D5K0Z6G3D3C2O7Q9,2025-06-05,296,296,195,3,1,195,3,1,97,true,false,,,,,296,0,api_only_pass,2026-10-01T12:03:36.179Z,,e94eea302ea59bcb8809a8395efa0891b91fac53ce7f024cce36519cc24930fd,
2208605,PRC_Y2X5X0V2W1E9C0D9B1C6A3B1J7H1I1,2026-05-07,285,286,213,0,0,212,0,0,73,false,true,213,0,0,true,286,1,web_repair_pass,2026-10-01T12:02:49.003Z,2026-10-01T12:06:35.231Z,e77cbdbdf2d40a211eab4393f71d0c9ed4c808bcb808e9edecd99b3d6046a7ee,07ddd01a76452a96cc4cad87859d417041b1155ce7e2b494b44bdd072b8df9a7
2208611,PRC_B2J5K0I2J1H2F1G7V2V0U5V5T7T0S0,2025-10-26,298,298,254,0,6,254,0,6,38,true,false,,,,,298,0,api_only_pass,2026-10-01T12:03:27.859Z,,0a9f10ff7cb080af35b9bd68445220b5ee8a0b279e49b1c50677bb50a648922d,
2208628,PRC_W2U5U0C2D0B6C1A1Z4Z2H4G3G7F5G0,2025-12-02,298,298,226,0,2,226,0,2,70,true,false,,,,,298,0,api_only_pass,2026-10-01T12:03:20.419Z,,f6eb2a1048907b46149a73b4ab05274c35fbadd0d4cb2607210671ea725866a6,
2208629,PRC_W2U5V0T2U1S7T1B3B1Z0A3Z2X9X7F9,2025-10-26,298,298,248,5,4,248,5,4,41,true,false,,,,,298,0,api_only_pass,2026-10-01T12:03:27.807Z,,fcceece4689e4be372116d143cf5c3840919bf0cd113f44db24e970cdd458caf,
2208656,PRC_T2R5S0Q2R1Z7Z0X9Y2X7V3V5R1S8Q8,2026-01-29,295,296,202,0,0,202,0,0,93,true,true,202,0,0,true,296,0,web_repair_pass,2026-10-01T12:03:12.029Z,2026-10-01T12:07:25.565Z,f68b4287cb40f67149483ac91717b2f33b611eafdb1e9b11aec049581d51e275,406e06a6ac7c05e59b3dbe7dab50931ee1a8f63e24ccd29fe34fd02bd4f1d9d9
2208676,PRC_V2V5T0U2T2T4R1S7N3M9N4L9L7K6L6,2025-11-13,298,298,226,0,1,226,0,1,71,true,false,,,,,298,0,api_only_pass,2026-10-01T12:03:24.289Z,,33e49940d2c0db33bc07da278214a9a10b519541d2561e6754e56ae016f4fc0f,
2208696,PRC_H2F5G0E1M2M2L1M0K3K3J4J9R5P0Q9,2025-11-13,298,298,152,0,6,152,0,6,140,true,false,,,,,298,0,api_only_pass,2026-10-01T12:03:24.195Z,,4d9b1cd435d72fa4ac4b83042e3973a7586a4269f4ce7abb24cb3d0183f4783a,
2208697,PRC_A2B5A0A2I0I6H1F1G0E4F2N8L8M1K9,2025-12-02,298,298,225,0,3,225,0,3,70,true,false,,,,,298,0,api_only_pass,2026-10-01T12:03:20.243Z,,6fd95a0c3e7c8ff6dab1181df18d24cb4550ecfb181c97d905c2c20aa1dc5bc3,
2208712,PRC_G2O5O0N3L0M6K1K4T3T8R5S1Q5R9P1,2026-02-12,295,296,159,0,0,159,0,0,136,true,true,159,0,0,true,296,0,web_repair_pass,2026-10-01T12:03:07.341Z,2026-10-01T12:07:15.254Z,d1d9a1f446f6e239adc3f86f0c48121f7b7fd3cfdfa819e9879aebe5d09258bc,a5662878167ad3bab7e131e1b46e00df07bb3bae27d83024ac6507b7abbfb84d
2208727,PRC_H2D5B0C2A2B5Z1A1H3G8H1F5G9E1M7,2025-10-26,298,298,247,1,5,247,1,5,45,true,false,,,,,298,0,api_only_pass,2026-10-01T12:03:27.799Z,,d046f85c4ac72e54108b7db8b381c9aa626933262e51a032e7fb7f45404525d2,
2208779,PRC_D2C5D0B3B0J6I0I9G1H6G5G2O4O3N2,2026-05-07,285,286,188,0,3,188,0,3,94,true,true,188,0,3,true,286,0,web_repair_pass,2026-10-01T12:02:48.948Z,2026-10-01T12:06:35.186Z,dc2ca2b05fcfd6512a9ba1a80b58d45b40e66f24a3a84cc18c75ef648c900908,ec1c4e181802a6735f2914389ff7fa34b9bed8e70221b253605b6012d791d3f1
2208796,PRC_D2B5C0K1L2J1I1I0G0H3P4P4O4M8N4,2025-08-27,298,298,162,0,1,162,0,1,135,true,false,,,,,298,0,api_only_pass,2026-10-01T12:03:30.129Z,,442b14b3e2673d9e84e7571d76ef51ba9191b3c3f240e0c5bf5dbe6dcf351672,
2208819,PRC_S2D5B0N3T1L1G1M4D1E7K5U0F1P6G1,2025-03-13,300,300,153,87,0,153,87,0,60,true,false,,,,,300,0,api_only_pass,2026-10-01T12:03:44.552Z,,9b3589c5b89c56cc9c7bd918a36a77a7a5d0f88d5fc11cac45c9391f1460bf76,
2208820,PRC_B2K5K0B3S1E1W1G4E0Z9I4L4M4E8B2,2025-03-13,300,300,155,87,0,155,87,0,58,true,false,,,,,300,0,api_only_pass,2026-10-01T12:03:44.528Z,,10c6d9c05b01ea119ad39f4e58618f94394ce3341a73fa7f355993ff60ef3d44,
2208821,PRC_K2I5K0D3Q0S7I1J0Q0M1N3N4G7U7Z4,2025-03-13,300,300,201,17,23,201,17,23,59,true,false,,,,,300,0,api_only_pass,2026-10-01T12:03:44.588Z,,0ae1f38256a101e56eb1a9a3b3b895422a784c2733ad60138f97a8689cfb04c2,
2208831,PRC_S2S4A1Y2Z2X6Y1W6X2E6D2E8C2C0B4,2026-06-18,285,300,247,0,5,233,0,5,47,false,true,247,0,5,true,300,14,web_repair_pass,2026-10-01T12:02:42.934Z,2026-10-01T12:06:22.133Z,6b6a914ec21ab2d612f521429a5534fbca4a1325bc8f7db30a1c53cb986c024e,630ffc163d2ea815e5f4eecefa60e163ee88c0303e5307441157d3fce92b0f0c
2208850,PRC_T2E5F0A2N1A8P1W5M1C3H4R0L9J2S3,2025-03-13,300,300,265,1,5,265,1,5,29,true,false,,,,,300,0,api_only_pass,2026-10-01T12:03:44.370Z,,d11b7f1bbd62ad426f2c0306e6746565919343e4affcd0dcaa7821afc64f9a7c,
2208854,PRC_J2Y5D0L2Q2K4Q1M1W2T8L0P6A7L5L5,2025-03-13,300,300,274,0,0,274,0,0,26,true,false,,,,,300,0,api_only_pass,2026-10-01T12:03:44.329Z,,19111fb3d4d76faedfc303a180c40204b58ba2af739f96373fae9f1278969cd2,
2208855,PRC_A2U5E0I2Z2I4K1S1O1F9Y5G3Z1C9A9,2025-03-13,300,300,274,0,1,274,0,1,25,true,false,,,,,300,0,api_only_pass,2026-10-01T12:03:44.361Z,,d77f5216ddde9eef442a5aad93584a7991c8e528429144e821d28d4c6a1b68c3,
2208857,PRC_U2B5S0F2P2S4S1X5D5Y6S3Z2F7E4K5,2025-03-13,300,300,271,0,3,271,0,3,26,true,false,,,,,300,0,api_only_pass,2026-10-01T12:03:44.190Z,,cab4dcf675e516f40b51337e1012bceef74613639d0140e87ffea7081bbb7f6b,
2208859,PRC_M2S5U0Z2U2F4Y1L4O3K8I1K3I0T3F5,2025-03-13,300,300,273,1,0,273,1,0,26,true,false,,,,,300,0,api_only_pass,2026-10-01T12:03:44.139Z,,8018c3f96e69c67245163bd181f557bddeadad9e71b64d0738e1b317b59f0762,
2208866,PRC_I2A5W0K2N2Q0S1J9E1H1B2Y8O5S3R9,2025-03-13,300,300,246,0,3,246,0,3,51,true,false,,,,,300,0,api_only_pass,2026-10-01T12:03:44.183Z,,05ccea906e2f466b4c034414a92bbed4b85aee8edb620e2f72b57b1656600398,
2208867,PRC_B2T5O0Q2E1I9I1L5O5C1V2K1P0P8M5,2025-03-13,300,300,241,0,2,241,0,2,57,true,false,,,,,300,0,api_only_pass,2026-10-01T12:03:43.941Z,,b763d99f9237d17a48c9571fe6c4521827a2dc239d5a3e66d7dad67c2c91804b,
2208868,PRC_E2X5E0D2O1B9S1C5Q5F7B2E4Y7F0C2,2025-03-13,300,300,241,0,2,241,0,2,57,true,false,,,,,300,0,api_only_pass,2026-10-01T12:03:43.995Z,,97a61b71b0eefc59b6f35666593eadfbdec1b5b6d539f78eeae338af697a1ade,
2208869,PRC_B2J5L0H2Z2K0B1B9X1A0I4S1W9P3T0,2025-03-13,300,300,246,0,1,246,0,1,53,true,false,,,,,300,0,api_only_pass,2026-10-01T12:03:43.954Z,,967d40df49708df05c7aa0d5b0df59ad670adb236cd6308a4123f411f0775c1f,
2208870,PRC_F2T5T0H2D1Z9T1W5M5Z2B4C6R8D1T2,2025-03-13,300,300,239,0,3,239,0,3,58,true,false,,,,,300,0,api_only_pass,2026-10-01T12:03:43.787Z,,a37629c87fe0217550d73dea2253422610005d7e2dad710f3b4febeec4301f59,
2208871,PRC_K2O5D0G2F1A9H1X5A5O2X0G4B8G0X2,2025-03-13,300,300,234,0,3,234,0,3,63,true,false,,,,,300,0,api_only_pass,2026-10-01T12:03:43.807Z,,56ec6f010a6d1be39b05f6a932790aef141cc004e345972f5eb658074c5d58b5,
2208872,PRC_H2K5V0G2I1A9V1F5E5T5V4N6Y6F1D3,2025-03-13,300,300,243,0,0,243,0,0,57,true,false,,,,,300,0,api_only_pass,2026-10-01T12:03:43.605Z,,100cf6659b5239c7713cf9189f06ce936701349ff5be51068c6efbc962ba51e4,
2208873,PRC_G2V5H0N2C2S0D1W9C0M9P1H1S8D3T9,2025-03-13,300,300,246,0,2,246,0,2,52,true,false,,,,,300,0,api_only_pass,2026-10-01T12:03:43.637Z,,450a0a43165a26dceabab830c6a14aa04841816b5194bd8865e7c67aec4fe7f4,
2208874,PRC_H2W5P0Q2X1B9L1T5M5G6M3L0J2O5Y0,2025-03-13,300,300,235,1,7,235,1,7,57,true,false,,,,,300,0,api_only_pass,2026-10-01T12:03:43.634Z,,622e9aaf6bdbe839856320b334e62fc75d330be81f348d102a9c21c52525a23a,
2208875,PRC_A2N5J0F2P2D0B1V9G0A8E2V8I1W2R3,2025-03-13,300,300,239,0,5,239,0,5,56,true,false,,,,,300,0,api_only_pass,2026-10-01T12:03:43.457Z,,3fb4ed257daafef693963ab64a2272ab9da7b61e3f9c352d517d9ad2373ea999,
2208876,PRC_C2P5R0E2S1T9G1R5N5F8T5C5P6H4J8,2025-03-13,300,300,228,0,12,228,0,12,60,true,false,,,,,300,0,api_only_pass,2026-10-01T12:03:43.437Z,,6ca8f79802c888a90c2067ef992b4e2021ebf43afeb6dbe459f9ce6c5ff317a9,
2208879,PRC_R2K5P0M2V2J4D1R6C0T3F5A1C4V2Q4,2025-03-13,300,300,265,2,2,265,2,2,31,true,false,,,,,300,0,api_only_pass,2026-10-01T12:03:43.444Z,,d1197a74f05a7c6625488841bf0af8f7a4562acec1c922eb61b3131e4cf373c0,
2208880,PRC_T2A5J0X2P2X4S1M6O0J4A4Q9Q1T5L0,2025-03-13,300,300,268,1,2,268,1,2,29,true,false,,,,,300,0,api_only_pass,2026-10-01T12:03:43.270Z,,6707d1a7ee78e12a9e9e0cfcc0c83ca1c79bbd16f3ac89d7e93f4f2ccbedfd3e,
2208881,PRC_E2I5R0E2E2A4O1O6F4S8Q2N8E6H2Y1,2025-03-13,300,300,254,0,0,254,0,0,46,true,false,,,,,300,0,api_only_pass,2026-10-01T12:03:43.243Z,,c54ef2ed2aca0a5d9030958774c3f0b9a134299d2fdbd9bd33cd5b27360e1b22,
2208882,PRC_L2S5U0O2M2E4G1O6T4Q9X4O1D3S1M9,2025-03-13,300,300,254,0,2,254,0,2,44,true,false,,,,,300,0,api_only_pass,2026-10-01T12:03:43.211Z,,d550347501c5059c80f24beb0edd3928010b38fffce7c3aa69239adc94f8cec9,
2208895,PRC_O2P5W0X2W2W5U1V0U1B9C0A6B4Z5A4,2025-11-13,298,298,237,0,0,237,0,0,61,true,false,,,,,298,0,api_only_pass,2026-10-01T12:03:24.141Z,,37a13fceec1dd606ebda566ca1e9e3360ee277031455914b24df062927984637,
2208898,PRC_Y2N5Q0F3N1H3R1K3J4F1Q2K0P6K2E0,2025-03-13,300,300,260,0,0,260,0,0,40,true,false,,,,,300,0,api_only_pass,2026-10-01T12:03:43.045Z,,91c0ce775bf2b29cfeb170ff29653a576ba71e9f677a6822ca67d05aeb500b12,
2208899,PRC_V2M5T0C3S1V3R1R3C4C1R3G8I8N7T3,2025-03-13,300,300,269,0,1,269,0,1,30,true,false,,,,,300,0,api_only_pass,2026-10-01T12:03:43.091Z,,ff6601b69089e100eb10c2860abb7b76220fbe19ff9216a28baff54ce3212416,
2208906,PRC_H2G5H0F3F1N2O1M4N2L6K5K9S3S2R3,2026-04-23,294,295,168,1,0,167,1,0,126,false,true,168,1,0,true,295,1,web_repair_pass,2026-10-01T12:02:55.650Z,2026-10-01T12:06:48.936Z,5ee2e34196f41d362e4a51c6b6779cf4832c4174a1f6e6a8b6195dc8c24d31e0,c85569b4a2f46d9ad0b50012ba1657d75b8192c9125e9237f86b27a7e0fbac41
2208919,PRC_U2V5T0T3S0T5O1N4N3L1M4L5L7T3R1,2026-03-12,294,295,189,0,0,188,0,0,106,false,true,189,0,0,true,296,1,hold_tenure_boundary,2026-10-01T12:03:03.068Z,2026-10-01T12:07:06.602Z,e7001f461f7946ad432f0bfc7e6532d3fd21cfb023b8318d859cd6dcec916c29,ea41bbd224a0c87430656c15a79f24a4550e6c88c2de6609ebe6e1baa9fe8946
2208922,PRC_O2M5M0K3T0T5R1S3Q2R3P3Q3Y6W2X4,2025-12-02,298,298,227,0,3,227,0,3,68,true,false,,,,,298,0,api_only_pass,2026-10-01T12:03:20.239Z,,3a0b9de1040ce2a42dbbd57bfc234a5a02e31dc42246338e8637f206341c1d3f,
2208935,PRC_R2P5Q0Y2Y0X7X1V1U1V2C1D8C3C2A2,2025-05-01,300,300,257,2,4,257,2,4,37,true,false,,,,,300,0,api_only_pass,2026-10-01T12:03:38.036Z,,a10d77bc666dd1d9f9f10cd7323e51bd78cc3f6ee625db467160fce9b23a4f49,
2208967,PRC_U2T5S0O3N1M4S1R1Q1P8X4W4V6U4C1,2026-03-31,294,295,199,0,0,199,0,0,95,true,true,199,0,0,true,295,0,web_repair_pass,2026-10-01T12:02:59.873Z,2026-10-01T12:06:59.692Z,c4954406c2677f7c4333a1d9910c7b5b8b4b51ae2809b976ec01954a6f74e722,5712d55b42d596c9df5dc318a72f31a6788b5e6ae91f2534f0e99ed854328a1f
2208994,PRC_R2S5Q0Q3P1X2X1V5W1V4V5T4C5C0A2,2025-10-26,298,298,255,0,3,255,0,3,40,true,false,,,,,298,0,api_only_pass,2026-10-01T12:03:27.708Z,,4ab159bcb471557c0acf38adeb3966f575e7800030ebf922a9515c2d29235e69,
2209040,PRC_O2L5J0K2S0T7R1R3Q5O8P3K8L9K9K9,2025-10-26,298,298,236,3,10,236,3,10,49,true,false,,,,,298,0,api_only_pass,2026-10-01T12:03:27.661Z,,32691586cbb60382d9eefba1dff37564580095e4309157b733659e928ec36587,
2209063,PRC_R2P5Q0Y3Y0X6X1W5U4V5K1L7J9K5J1,2025-11-13,298,298,237,0,0,237,0,0,61,true,false,,,,,298,0,api_only_pass,2026-10-01T12:03:24.110Z,,302073c4838619ee714cb76c46dfe02b9a1b67932a228b9850cdd09f27b64485,
2209077,PRC_C2B5J0I3H1P7O1L5U2T3R1R5N0V5V0,2026-01-29,295,296,196,0,3,196,0,3,96,true,true,196,0,3,true,296,0,web_repair_pass,2026-10-01T12:03:11.972Z,2026-10-01T12:07:25.375Z,1a8d83c40b67497c373090142dfc7e6181de7cc15c9352d6675a13f67986ac6d,9094925f1c19d85c6dff63d7793e54fd99d1f8bb4bf955fd006a601787470552
2209083,PRC_H2F5G0E3M1M3L0M9K1K1I2R7R9P4Q1,2025-12-02,298,298,232,0,0,232,0,0,66,true,false,,,,,298,0,api_only_pass,2026-10-01T12:03:20.381Z,,a28b576c1e4838258643933837d82fb6c83e026abb3c3b63bbc04ab9bdcbb4fd,
2209090,ARC_B2R5C0Y3E1E9E1F3Z5R8B5A3X1E7O5,2025-10-26,298,298,253,0,3,253,0,3,42,true,false,,,,,298,0,api_only_pass,2026-10-01T12:03:27.670Z,,38d97842fac29953e9a7f835de04735d451c1e55aa30376dda9ea897447f18a7,
2209098,ARC_M2H5C0L3U1L9A1I4V0N7H3S9T1E6E6,2025-12-02,298,298,236,0,0,236,0,0,62,true,false,,,,,298,0,api_only_pass,2026-10-01T12:03:20.100Z,,acdd22cf08d8488da776b1249bff08984fc924fc11d2bd4154bb51b82892f020,
2209104,PRC_N2T5S0R3N1M4L1K3Q3P4P0X2U6T9C5,2026-04-18,294,295,198,1,14,197,1,14,82,false,true,198,1,14,true,295,1,web_repair_pass,2026-10-01T12:02:56.319Z,2026-10-01T12:06:50.590Z,09a4c08a94aeceff6c4824f7b77b20dfc97365c82e6b6998182ba6ec90476987,2010363aa19316247b7bd20d501f0b65f6d3e7d456fe5f26a5eb0d8dfe803604
2209123,PRC_Z2F5E0D3C1L7I1G1C0B7A5A9I8H8E6,2025-12-02,298,298,220,0,3,220,0,3,75,true,false,,,,,298,0,api_only_pass,2026-10-01T12:03:20.053Z,,f8c55860987341accc55e239ed2d55ecbd310f0434000b683b19c890d198e159,
2209130,PRC_A2Z5A0Y2Y2X7X1F7E3E1C2D1C8C7Y0,2026-05-07,285,286,163,0,1,163,0,1,121,true,true,163,0,1,true,286,0,web_repair_pass,2026-10-01T12:02:48.838Z,2026-10-01T12:06:35.034Z,913da8cf8eb7a0479f35e77a75874a8905940383039f5b441da387e1a02baa16,b0f69b9d471ff3d81c23af7dc303a912926a84a50f554413dbe91494004ae30c
2209133,PRC_A2X5O0E3Q1T9G1Z1Y0F0T4V3K0K0O2,2025-03-20,300,300,255,0,5,255,0,5,40,true,false,,,,,300,0,api_only_pass,2026-10-01T12:03:42.085Z,,8d321c3027454d110305d6ff2f372ceb24d3c8e3483db7933bd3de6e7f55a9f5,
2209135,PRC_R2H5M0T3U0V7Q1D0J0T2N3S4X2X7H3,2025-03-20,300,300,270,0,3,270,0,3,27,true,false,,,,,300,0,api_only_pass,2026-10-01T12:03:42.095Z,,af202e8aecfe985b39998505067737e6586bfbf9fd9013d20b069c35864a9a04,
2209136,PRC_I2P5Q0W3R0N4G1Z0T2C0R3W3G3L7W2,2025-03-20,300,300,259,0,9,259,0,9,32,true,false,,,,,300,0,api_only_pass,2026-10-01T12:03:41.956Z,,0c98b8c1e5b17348f256a93cf8906744e8eea75f65b520bc2381bb34c4b352b8,
2209137,PRC_E2Q5H0X3W0U4O1E0E1A6P3B7E2W2G2,2025-03-20,300,300,270,0,1,270,0,1,29,true,false,,,,,300,0,api_only_pass,2026-10-01T12:03:41.884Z,,810d839acfb46351dc1c097e0e967baf69a43d6c55dc837c8533a481b1805371,
2209138,PRC_E2U5N0L3O0Q7J0A9L5D9R4U1T0G8O8,2025-03-20,300,300,266,0,6,266,0,6,28,true,false,,,,,300,0,api_only_pass,2026-10-01T12:03:41.951Z,,ce55cd70515888e58be4859fed0340f99d0e0d387b2363445bcde4c34c9874ad,
2209139,PRC_H2I5D0J3T0E4S1K0A1P8C4N7H1A3J7,2025-03-20,300,300,259,1,5,259,1,5,35,true,false,,,,,300,0,api_only_pass,2026-10-01T12:03:41.751Z,,9d7478d8143430af31fc0564fb3b0308205cdf7390425b7b595c43a56549899e,
2209143,ARC_O2N5Y0K3V1H9W2Z1F1C2K2U6Q8N7E8,2026-05-07,285,286,174,0,0,174,0,0,111,true,true,174,0,0,true,286,0,web_repair_pass,2026-10-01T12:02:48.832Z,2026-10-01T12:06:34.899Z,08a4e3c917a8a6d93bb7842f9f1b982aa65b2db71e9c9aeb3cbd317c7bc81f10,3d63c6f1910f7d27e68d1a8f17a6d79f32356d15f958940b55510a48a1c9cbec
2209175,PRC_S2P5I0Q3I2C0M1N5E1O6T0F1T0M9Q2,2025-03-20,300,300,219,11,9,219,11,9,61,true,false,,,,,300,0,api_only_pass,2026-10-01T12:03:41.734Z,,8a5eabeb65b704caa2b0da11a6c9b224a7895aa24fab61ead24040aa0d7794b1,
2209191,PRC_A2F5B0R3D2W0F1N4J2E6L4R9L3N6H4,2025-03-20,300,300,194,40,43,194,40,43,23,true,false,,,,,300,0,api_only_pass,2026-10-01T12:03:41.796Z,,b2dc07ea38717d2d6b3975da77da67584960709a2738d9fe447aa410dc74a73e,
2209202,PRC_P2X5X0E3D1C7B1H7H1G8C2B1K3H8Q4,2026-02-12,295,296,156,0,0,156,0,0,139,true,true,156,0,0,true,296,0,web_repair_pass,2026-10-01T12:03:07.259Z,2026-10-01T12:07:15.071Z,fbf5da5b0de29605b66ab4599c6fa40fa3183c3bc6c336ab5eb0b45703a4acc8,cd80b3284efb199f87f8f193db7a38bf92296cc7196d51e108ba4a4c6f244a2f
2209217,PRC_R2Z5X0W3X2V0R0Q9P3Q6O5V2D9C0A5,2026-06-18,285,300,239,0,7,225,0,7,53,false,true,239,0,7,true,300,14,web_repair_pass,2026-10-01T12:02:42.810Z,2026-10-01T12:06:21.935Z,ee1219053f6070daaa2c8ef4aab3e4ba9105272114ee90e841f86e8a66589e2d,bc7ba902d5fd14b00fc7e95978cda161623ca9db70fa26f90d5082a2684d7a4d
2209297,PRC_T2B5A0A3Z2Y1U1T0R4S5Q0Y9X9Z6A7,2026-07-23,284,299,195,0,2,185,0,2,97,false,true,195,0,2,true,299,10,web_repair_pass,2026-10-01T12:02:41.409Z,2026-10-01T12:06:18.709Z,82c7c852b993a9eab0e9b2e6638bb8e094004f3517f0545c69493b30969fccd0,231cb7a294f40cf6b775e34511d5e3b4f6e219733b1cb4e627f09350cd906c1d
2209337,PRC_A2Y5Z0H2F1G2E1F6D5E1L1K3L7J1K3,2026-03-31,294,295,184,0,0,184,0,0,110,true,true,184,0,0,true,295,0,web_repair_pass,2026-10-01T12:02:59.894Z,2026-10-01T12:06:59.730Z,6e415f93bb0bd616364c6ab48deb4dc876241101a26ba92dac32f46f873dbd1e,dc844b291ec4005c4a2fc984016e81c5c58d5abf312d830c29a00d87c60c56e1
2209360,PRC_G2E5D0E3M2L5J0I9D0C5A4Z6V3U8S8,2025-11-13,298,298,155,0,0,155,0,0,143,true,false,,,,,298,0,api_only_pass,2026-10-01T12:03:24.004Z,,e5eff63316bd8a10f6ce3b780061bc7e4a9c8485ad39aa9fcbf69dbd7d8ae124,
2209371,PRC_A2H5J0I3S1Q2V1I5T1D8Z0A5X9B6D1,2025-04-02,300,300,171,69,6,171,69,6,54,true,false,,,,,300,0,api_only_pass,2026-10-01T12:03:40.529Z,,2c6c7ca29c5275295ff5f2899e9e9b4f6fb3b2e950745f31dce488fd4362cc4b,
2209376,PRC_H2E5T0U3P1U7H0W9X0G0O3P4E6G1A4,2025-04-02,300,300,246,12,8,246,12,8,34,true,false,,,,,300,0,api_only_pass,2026-10-01T12:03:40.441Z,,bc087c3f61a7110de80a3631e5099aca50a48a488d4f5bbd43a4fa9e7c3312d4,
2209378,PRC_W2Z5X0S1Y2Z2E1M7M1C4Q0T5G1G2B5,2025-04-02,300,300,251,5,5,251,5,5,39,true,false,,,,,300,0,api_only_pass,2026-10-01T12:03:40.505Z,,0c7a7de91e537648b8617a966b30fe29b53d86b1a7b354b2a219f7cb00aa1ffd,
2209379,PRC_J2B4S1T2C0V4T1E5P2O2E5H2U3F7D3,2025-04-02,300,300,266,0,0,266,0,0,34,true,false,,,,,300,0,api_only_pass,2026-10-01T12:03:40.322Z,,e560b5936f2ed39c949e6fa11c57a73e64b1406c625c96401952cfa4c7e57699,
2209380,PRC_B2Z5Z0C1Z2F2B1S8L4I5R5N2Q4V3R3,2025-04-02,300,300,264,0,1,264,0,1,35,true,false,,,,,300,0,api_only_pass,2026-10-01T12:03:40.261Z,,375f64e1145dd21f3c5b3e66b18434660ef1aa1c39db44081af45fd13e6a4364,
2209382,PRC_Z2Z5I0V3W0D5I1T6N2E1C5T4P6D4U7,2025-04-02,300,300,246,0,3,246,0,3,51,true,false,,,,,300,0,api_only_pass,2026-10-01T12:03:40.285Z,,8aca8d7b456fb48d5b771dfe99a565cd973280f35b4a8a9234582bebf9c06300,
2209383,PRC_Q2R5N0H3N0K5V1C6M2X1W0L1J6Q8C5,2025-04-02,300,300,242,0,2,242,0,2,56,true,false,,,,,300,0,api_only_pass,2026-10-01T12:03:40.160Z,,ddbc0534c33d8714d0232eadb37288cdc5eb72f0227c8547b0b49b45b2cb3f81,
2209384,PRC_C2B5N0Q3R0B4D0Y9N5R2S5J0R3J8B7,2025-04-02,300,300,257,0,1,257,0,1,42,true,false,,,,,300,0,api_only_pass,2026-10-01T12:03:40.118Z,,082b5d0c75f4a81fb83416088f4ccbe3ef6b2fb518f4133a235b669d981112b4,
2209385,PRC_V2D5E0N3A0N4E0C9B5F0W4V7F4H1A2,2025-04-02,300,300,252,2,2,252,2,2,44,true,false,,,,,300,0,api_only_pass,2026-10-01T12:03:40.040Z,,14f2d2e42dbdb964e83d1027c9409f5d817924d1988d20101929316bd7bc5d6c,
2209386,PRC_W2T5E0V3A0T4P0M9Z5Z1I5A0D7S0W6,2025-04-02,300,300,257,0,1,257,0,1,42,true,false,,,,,300,0,api_only_pass,2026-10-01T12:03:39.888Z,,2f91d6eb220ca58cae600e5e6080d9da5e87892fbb24327050d6b6684f750a01,
2209387,PRC_O2N5H0E3Q0Q4O0F9N5D3B5L0R1V9G0,2025-04-02,300,300,258,0,2,258,0,2,40,true,false,,,,,300,0,api_only_pass,2026-10-01T12:03:39.918Z,,fd502b93d96d6c325f57c05e3daa885d39eb8ed192db9e094025d89ea6dc55e7,
2209388,PRC_G2G5L0H3T0B4U0A9C5B9Q1Z6B3B2H6,2025-04-02,300,300,260,0,1,260,0,1,39,true,false,,,,,300,0,api_only_pass,2026-10-01T12:03:39.927Z,,855ab3dada093b50f7af9d9ed290dae0f0e66cebf8c8db7e5337d80668a644f5,
2209389,PRC_N2N5O0W3O0Q4V0M9R4W6P5S3N0Q5R2,2025-04-02,300,300,255,0,1,255,0,1,44,true,false,,,,,300,0,api_only_pass,2026-10-01T12:03:39.721Z,,9b48ebe76a1592ce003350cbec7e40e3571deb5a5df4aaf5dc278499eee79bdb,
2209390,PRC_T2S5Q0C3F0D5D1P6X1M8U1R3G9O1Y9,2025-04-02,300,300,237,2,6,237,2,6,55,true,false,,,,,300,0,api_only_pass,2026-10-01T12:03:39.693Z,,8076798b57e307abbf673c8a3d37040bbaf0ee1ff60bd4ef79cb7959907136a5,
2209405,PRC_B2C5K0I3J1H2I1G0G2P9N4N6M2N2L1,2025-10-26,298,298,267,0,1,267,0,1,30,true,false,,,,,298,0,api_only_pass,2026-10-01T12:03:27.558Z,,9a7916f8db5718c44cb059c3fd76ee1edce2585aa8d07124d2bcdbefa8ce1d4e,
2209417,PRC_S2Q5Q0M2N2L0M1K0J1J9R4R8Q7Q4P7,2025-12-02,298,298,234,0,2,234,0,2,62,true,false,,,,,298,0,api_only_pass,2026-10-01T12:03:19.953Z,,a7efbbb656209ddc7549984dbaa3f541991b607c8223a66427f1fab3b98a801c,
2209418,PRC_Z2Y5W0X3V2D4C1B6C5D8K0J4I1H8I9,2026-04-23,294,295,210,0,1,209,0,1,84,false,true,210,0,1,true,295,1,web_repair_pass,2026-10-01T12:02:55.555Z,2026-10-01T12:06:48.945Z,8033f80f4dcf84ad97a6c54d2b439b374676e0e12f3c05374c8248ac5e677828,ca1157eefa2bb398515741bf3777c1848306cbb4c142909a1fca276f5dd76f36
2209451,PRC_F2E5E0D3B2K7I1J1I5G0C5B5C4A4N2,2026-03-12,294,295,169,1,6,168,1,6,119,false,true,169,1,6,true,296,1,hold_tenure_boundary,2026-10-01T12:03:02.987Z,2026-10-01T12:07:06.528Z,c385c4dc9e9b2b811748045019dc1b360bd1a985a911f775d1c8cc007b8919a8,d0032e7f2eb9f37c0d4df23c57544b7363046b738ff4045ed9236ee5f7069069
2209460,PRC_K2L5K0G3E2D7B1K4L2J1I4H4D0M0K6,2025-10-26,298,298,256,0,2,256,0,2,40,true,false,,,,,298,0,api_only_pass,2026-10-01T12:03:27.502Z,,eaff01a12dce9648cafdf82a828ebe08c7c8e73daa6ed678050890fcc54cdd2c,
2209465,PRC_E2M5K0J3I2Q7P1O7N5J2I0H7F9N1M3,2025-10-26,298,298,261,0,1,261,0,1,36,true,false,,,,,298,0,api_only_pass,2026-10-01T12:03:27.489Z,,6df861733b6e1ccdaafcd7adfe3f0fff1094e34c092b86c095fcd8a36f9568c7,
2209493,PRC_T2I5R0X4A0E2M1A1F3H6A0G0F7Y8A1,2025-04-02,300,300,184,2,0,184,2,0,114,true,false,,,,,300,0,api_only_pass,2026-10-01T12:03:39.498Z,,ab9bc7220532e25c29027d3354c9ab0b718d7b6f461a351e07ce8b278b206f47,
2209520,PRC_M2V5T0U3T2R5Z1A3Z5Y5G1F3G4E3D2,2025-07-23,297,297,187,2,10,187,2,10,98,true,true,187,2,10,true,298,0,hold_tenure_boundary,2026-10-01T12:03:32.515Z,2026-10-01T12:07:30.383Z,2f61465e06ffdb378717210c1c52d7334f59500f8844f669a557181c0f6249ba,5aae4bd49ae780b711371dfb71e9ca0840bbde7a8c2b4d8804152cb02cc3bfd6
2209535,PRC_C2A5Z0A4H0I1G1H2F0G5E3A0B6Z9Z7,2025-12-02,298,298,230,0,2,230,0,2,66,true,false,,,,,298,0,api_only_pass,2026-10-01T12:03:19.934Z,,990bea50e06695b6319f1dde18f24b00aea24ca8ee330764d7a2d3452a54ea6e,
2209559,PRC_B2A5Z0X3T2U4G0E9A4Z9A4Y4X9F2G9,2025-11-13,298,298,132,3,19,132,3,19,144,true,false,,,,,298,0,api_only_pass,2026-10-01T12:03:24.030Z,,4c77936846d12b8d385d33b2fdb54f388e5d29e899bd3498ecdd51ac273952f7,
2209565,PRC_X2W5V0T3P1Q8P1O5M1V1T1U8T9R9Z2,2026-04-23,294,295,168,0,0,167,0,0,127,false,true,168,0,0,true,295,1,web_repair_pass,2026-10-01T12:02:55.457Z,2026-10-01T12:06:48.861Z,aba1d7be06b5eaef20e66b370b935984aeee5df11bfb658fea4ab9dcfca216c6,a31d5488b8b6091fbe99145cc8f5833a7ac654052f9d7ac6b8912f316fb3ee16
2209594,PRC_S2Q5R0Z4X0Y2W1W5V4W5D0E7C8D6B9,2026-01-29,295,296,203,0,0,203,0,0,92,true,true,203,0,0,true,296,0,web_repair_pass,2026-10-01T12:03:11.903Z,2026-10-01T12:07:25.264Z,6045a6349f5866e2378363af1b1e3ec1359d60a8cbabf4a5538ac2f06c59efa2,dc63280006a7abf89fb8cb568feb8b986956ac9a110e9d9930794e46b09c0b95
2209602,PRC_Z2X5F0G3F2D4C1Y1Z5X3W3U3V4D9C2,2025-10-26,298,298,260,0,1,260,0,1,37,true,false,,,,,298,0,api_only_pass,2026-10-01T12:03:27.361Z,,3918cde842231364bf57b69f3d8dd286ba5da68eaa4c7cd515c78b246a4750b1,
2209609,PRC_W2E5E0D4B0C3A1B0W2X5W2U0U2S1T3,2025-10-26,298,298,252,0,6,252,0,6,40,true,false,,,,,298,0,api_only_pass,2026-10-01T12:03:27.325Z,,7c299d3594d26cdeda3b9f591d6201aa8e1223bb217fa46690161944187ba4f4,
2209642,PRC_C2C5A0C1A0A6I1I5H1F2G5E7F5N6L3,2026-01-29,295,296,213,0,0,213,0,0,82,true,true,213,0,0,true,296,0,web_repair_pass,2026-10-01T12:03:11.929Z,2026-10-01T12:07:25.243Z,c117c3cddcb7f131d51817070ce64b7992a41be13fbe4f808e0288a3fe439587,63af9ca08e8baa63f7ce304dc5230de33bf2e5b7ecbd4ee9ca50780f5897dcc0
2209668,PRC_N2V5W0U3V3T1T1S6A0A2Y5Z6Y5Y4W5,2025-11-13,298,298,119,8,29,119,8,29,142,true,false,,,,,298,0,api_only_pass,2026-10-01T12:03:23.931Z,,5a89cd8db814f961ec4c7fbfd95becee5303cbc9ee26626d4e377b526a9fec1f,
2209676,PRC_M2Z5H0S4J1P7C1U3C3B2T0T7X9J3Q9,2025-04-17,300,300,188,106,0,188,106,0,6,true,false,,,,,300,0,api_only_pass,2026-10-01T12:03:39.321Z,,177988ffee1ca754297530a0c3a430758fab0538e68c8645fb35b39cedffa39f,
2209678,PRC_T2U5S0T3R3R1Q1Q1Y0X4X5V5W0U6V0,2025-10-26,298,298,253,0,8,253,0,8,37,true,false,,,,,298,0,api_only_pass,2026-10-01T12:03:27.344Z,,6b9dcd4645f95881fb1f0130af18b9a04a9b42977729634805d42efc16b07de2,
2209685,PRC_Z2F5I0E4C0Q4D1H3W5V6H0F7B3G7E7,2025-04-17,300,300,290,0,0,290,0,0,10,true,false,,,,,300,0,api_only_pass,2026-10-01T12:03:39.359Z,,ee6758d3dc95c7cfdcc20021e290a88be5b08bc33577e1d904e003c6a6dd616d,
2209698,PRC_P2O5W0U3V1U8S1B5C1B0A1B8Z6I9G3,2025-12-02,298,298,237,0,1,237,0,1,60,true,false,,,,,298,0,api_only_pass,2026-10-01T12:03:19.897Z,,16ff63e696083ee06ed26338af6eae19635b2cf190cc8df23a8c20cda0d51c84,
2209746,PRC_B2Z5A0Z3X2N7M1N5L0Z2V0U7S9R7S8,2026-02-12,295,296,155,0,2,155,0,2,138,true,true,155,0,2,true,296,0,web_repair_pass,2026-10-01T12:03:07.204Z,2026-10-01T12:07:15.186Z,d276c1544d6b4713b3a8d999d2943fb5739d7cb61a5dd67a1f164ce89cf55a02,b027e6acbb6347a919a7236bf3be98a148199d588221f4a59caf0f28c9404d31
2209782,PRC_L2I5H0I3H2P6N0M9L0M7B3Z3Y1X8Y6,2026-01-29,295,296,194,0,3,194,0,3,98,true,true,194,0,3,true,296,0,web_repair_pass,2026-10-01T12:03:11.841Z,2026-10-01T12:07:25.036Z,996ce9d6bd81414295365dd794daf68379f3bc607967441b82dabdc952a4eb9a,c817cecfdae235c3d182186fa54ef15bb84c5ed9d38abfed004eca822234a683
2209788,PRC_C2D5B0B4J0K2I1J5H2I5G1W9X0V6V1,2026-03-12,294,295,189,0,1,188,0,1,105,false,true,189,0,1,true,296,1,hold_tenure_boundary,2026-10-01T12:03:02.900Z,2026-10-01T12:07:06.486Z,9118718bd5e31def1f63e3821412fdf3e02a7914b68859542e18ee7a265891fe,dc2cfce3940e33f8804d8bea562ff4a30cdc486e69bed1ca2e7ce915ce6ac7f1
2209794,PRC_X2V5W0U4V1D1D1B5C1A4Z2Z1V8V4T9,2025-11-13,298,298,226,1,3,226,1,3,68,true,false,,,,,298,0,api_only_pass,2026-10-01T12:03:23.857Z,,f8d71d48fe73a012a83c50a99f7560197b0dc48b45935204612abe8a439a78f7,
2209800,PRC_W2U5V0D4B0C4A1B0Z1A5I3I3G2H8F1,2026-08-26,284,299,215,0,0,202,0,0,82,false,true,215,0,0,true,299,13,web_repair_pass,2026-10-01T12:02:35.537Z,2026-10-01T12:06:05.963Z,27335093e11f234e36ee990958b441cc405cc985435431a84c09bfe0a70c5811,c623e1ba6217aebd5d36cb8657b4ef55015cd9a858392bd4a9daac66fe54b8f1
2209808,PRC_C2A5J0H3G2H8G0O7M5K5L0K5S4Q9P6,2025-08-27,298,298,161,0,1,161,0,1,136,true,false,,,,,298,0,api_only_pass,2026-10-01T12:03:30.095Z,,011dfd8dc34916d57cf516fb355211ac66d30bbcf59518acd12e997e021afb71,
2209823,PRC_X2M5K0D4D1N4T1K4H1L8E5X3Z0I1K5,2025-04-15,300,300,168,0,0,168,0,0,132,true,false,,,,,300,0,api_only_pass,2026-10-01T12:03:39.547Z,,fe0e2c99e8717807304e9f9a1be6c44af793a4de3000c4beadf869757992d888,
2209846,PRC_V2W5E0F4D1D0C1A5B0J3J3I9I6G8H4,2026-07-23,284,299,187,1,7,179,0,6,99,false,true,187,1,7,true,299,10,web_repair_pass,2026-10-01T12:02:41.401Z,2026-10-01T12:06:18.828Z,6702c6419e22aa264ad1f71403f014d08c4b3067a6a474c85654e515999022d1,358c732249a1cd26bbabef0330b96b98523139cf88c3876adb95ee2f1f9979a1
2209847,PRC_Z2I5I0H4G1E0F1N5M0L6J5R4Q9R6P3,2026-07-23,284,299,185,1,5,178,0,4,102,false,true,185,1,5,true,299,9,web_repair_pass,2026-10-01T12:02:41.276Z,2026-10-01T12:06:18.618Z,9f1fb08ff5476a0dca711b770fe748bf0226e820c6e05b7f85ea800eba3d9eda,d3ebcf1fb755fee698778fc9690a528b9cd38a7e323c8a9b9ed7e0da0d5951c0
2209850,PRC_X2V5W0U4V1C0D1B5A0A4Z5Z0V2W3U9,2026-07-23,284,299,188,1,4,180,0,3,101,false,true,188,1,4,true,299,10,web_repair_pass,2026-10-01T12:02:41.259Z,2026-10-01T12:06:18.341Z,95a419b4b41ace902f6f04c4bee154c2a917924a9d7736daca10b96901f33513,f224d058e43e8cfb71eea1fc3f62c6d32d53c7e344f5e708170ebb02539be774
2209858,PRC_Y2Y5W0X4V1U0U1C5C0B5C5A3A9Z3Z7,2026-07-23,284,299,188,1,5,180,0,4,100,false,true,188,1,5,true,299,10,web_repair_pass,2026-10-01T12:02:41.320Z,2026-10-01T12:06:18.308Z,d346da0ee2cb4afa7398badf5ea434cf7d2c785c9984405cdecde70ca7fdc8a8,ca8020ea366d1ed3c59a9f003f5e58f3654324a5ff05137973714f6ea40cd420
2209885,PRC_H2G5E0D3E1M8K1J6I3J5F0D9B9B4B5,2026-06-18,285,300,253,0,1,238,0,1,46,false,true,253,0,1,true,300,15,web_repair_pass,2026-10-01T12:02:42.844Z,2026-10-01T12:06:21.914Z,ff9bf5f1e4901ce54e9a13ce55b1ab7875dcea54bc85beafec8c5413fd9314b9,9c155d2467c7df00358800bedeb1fda7f0d1b00ca33c859cb7f7bc8774fbc4d7
2209889,PRC_T2S5S0Q4R1Z6X1W1D3E0C2D7B0C2A6,2025-08-27,298,298,162,0,1,162,0,1,135,true,false,,,,,298,0,api_only_pass,2026-10-01T12:03:30.018Z,,54b3da10a68487102ac3743e935f129416bec177ff98f539e18ef17153a63c94,
2209900,PRC_T2B5C0A4B1Z4Z1Y1G1G1F0G6E4E5C5,2025-08-27,298,298,160,0,1,160,0,1,137,true,false,,,,,298,0,api_only_pass,2026-10-01T12:03:29.995Z,,cd3cb935dc883aabca9fc591fab3ba8b5808d433147d39e3407e1e541f772bbf,
2209928,PRC_P2O5M0N3J3J1H1I6G0F4F5N4O1M0N8,2025-11-13,298,298,116,18,20,116,18,20,144,true,false,,,,,298,0,api_only_pass,2026-10-01T12:03:23.852Z,,5655581c0c8fb1c5ca29176a73ab44369f9431189ea1098da7faa8c47ddbb1f7,
2209986,PRC_Y2U5W0A4H2Y1L1P7D2A5G0O9C6J1U1,2025-05-01,300,300,241,6,25,241,6,25,28,true,false,,,,,300,0,api_only_pass,2026-10-01T12:03:37.771Z,,faed265caf163d786a50f69fa87d11eb737f871c30bf7f19e5aff0d0cf25e152,
2209987,PRC_W2C5U0C4Z2M1M1W7K3N1Z3J3E4Y8W3,2025-05-01,300,300,265,0,2,265,0,2,33,true,false,,,,,300,0,api_only_pass,2026-10-01T12:03:37.749Z,,bbd803c3cc1ba1b78885c3cf1b622a5172b900e1ad7eaebbbce52e416c4b7f23,
2209988,PRC_W2P5T0W4Z2C1X1G7Z3E2H5G5F1C3C3,2025-05-01,300,300,267,0,2,267,0,2,31,true,false,,,,,300,0,api_only_pass,2026-10-01T12:03:37.755Z,,ab3f54239cf27bd8fa7c8da889688399515fbba05d4b1c23ae4f0e4b8f7e77c8,
2209989,PRC_C2R5K0E4P2H1H1S7P3P3G1U7O2X7S2,2025-05-01,300,300,264,0,0,264,0,0,36,true,false,,,,,300,0,api_only_pass,2026-10-01T12:03:37.586Z,,bc868cd32002a89f7e9472b412908c10fce746857aae4f675adc5cef47376f47,
2209990,PRC_F2S5D0O4B2F1P1M7F3U3O3N8B6R8C7,2025-05-01,300,300,268,0,1,268,0,1,31,true,false,,,,,300,0,api_only_pass,2026-10-01T12:03:37.602Z,,17cee3b7d839d304fa296a76cabc4414ba893c00d90a3a2c52998b4d6d5c4e29,
2209991,PRC_P2N5G0B4C2W1O1C7U3C3X5K9R0U9S4,2025-05-01,300,300,263,0,0,263,0,0,37,true,false,,,,,300,0,api_only_pass,2026-10-01T12:03:37.580Z,,4dbbf4ca9b186d9d41da06f815d22ef10f2bd568e9258c6403a9407a2c019aec,
2209992,PRC_U2W5F0P4X2X1I1P7A3H4P1W8K9K6S1,2025-05-01,300,300,265,0,4,265,0,4,31,true,false,,,,,300,0,api_only_pass,2026-10-01T12:03:37.412Z,,8b8853b9a38b35da19e313b0fa6ad9b2c1f669e6d02fefcdcec985eb69c821bb,
2209993,PRC_I2H5T0S4T2Q1N1F7M3V4T3X6E2J3C1,2025-05-01,300,300,262,0,2,262,0,2,36,true,false,,,,,300,0,api_only_pass,2026-10-01T12:03:37.353Z,,ad4bb90725da9e966ca2e1e4332bbc94baab11d549abde364ff4c54e632fed7b,
2209994,PRC_D2R5X0O4D2J1B1G7X3V4W5S2G6D4K8,2025-05-01,300,300,266,0,0,266,0,0,34,true,false,,,,,300,0,api_only_pass,2026-10-01T12:03:37.271Z,,e16e36e97a46ff4fed064dad1c2603963cbc3d762c58405843bbc13fd2798d73,
2209995,PRC_B2L5S0P4W2J1Z1D7Y3A5H1E7V4B7A6,2025-05-01,300,300,269,0,1,269,0,1,30,true,false,,,,,300,0,api_only_pass,2026-10-01T12:03:37.266Z,,80eab9ef3bdcd4e109f898eded0c06ddc05f6b2b7f7938136a2dcbb409bf2142,
2209996,PRC_P2A5Q0E4K2P1U1X7Q3O5O3R7R1V6O8,2025-05-01,300,300,269,0,0,269,0,0,31,true,false,,,,,300,0,api_only_pass,2026-10-01T12:03:37.186Z,,f512633d0a85c9110c7d9b606c5f1bd850ff9cf8fe72b90ea2c54fa71b53507e,
2209997,PRC_P2T5N0V4P2T1T1B7L3A5I5Y4I7D6L7,2025-05-01,300,300,264,0,2,264,0,2,34,true,false,,,,,300,0,api_only_pass,2026-10-01T12:03:37.074Z,,395f42292ea5a3e3980ef86a9184e5db977c2e11675b8301b15bcd1add276d0d,
2210004,PRC_V2W5U0U4T1R8S1Z1A1Z0Z2X2W1W2E0,2026-08-26,284,299,215,0,0,203,0,0,81,false,true,215,0,0,true,299,12,web_repair_pass,2026-10-01T12:02:35.482Z,2026-10-01T12:06:05.923Z,e8aec755cadaed91ae9bc2beed6d26cd515518ecafa9af38ab8bbeac32cc03ed,c54533b585d5a6ee7d26d5386954eefa6e601bc11fd440b67cdefe514d5bebec
2210031,PRC_K2J5J0R4R1P5O1P9N0N0V2W7U2V7T7,2025-11-13,298,298,231,0,6,231,0,6,61,true,false,,,,,298,0,api_only_pass,2026-10-01T12:03:23.768Z,,678acb24620d40cfeed18ddb4c9ef1eb24c4697da8a95023aeda08343d78e0a6,
2210055,PRC_Q2O5W0X4V1V7U1V5T0T4P0O7O7M2N1,2025-11-13,298,298,146,1,9,146,1,9,142,true,false,,,,,298,0,api_only_pass,2026-10-01T12:03:23.713Z,,d414f3c34a6bb1ccee2f256a6828abc455edc284c54498b02a4b6873b579494e,
2210076,PRC_L2S5B0K4F2Y3C1P6G0Y6G1S0U6V6A7,2025-07-03,298,298,252,0,7,252,0,7,39,true,false,,,,,298,0,api_only_pass,2026-10-01T12:03:35.210Z,,1177fd6d93a748255ab1570072cef8bc9ba114478e6c5738a65aaec35ead4cde,
2210078,PRC_Z2C5V0D4L2K3Z1J7G0Y0I1G2A2R4U7,2025-04-24,300,300,207,0,2,207,0,2,91,true,false,,,,,300,0,api_only_pass,2026-10-01T12:03:39.169Z,,bf131094dc92add6e425329f5123176a2274a034664b56d845f8540c28f10a73,
2210089,PRC_B2A5A0I4J1H4I1G6G2F7N0N5M3M9K8,2026-05-07,285,286,160,0,0,160,0,0,125,true,true,160,0,0,true,286,0,web_repair_pass,2026-10-01T12:02:48.761Z,2026-10-01T12:06:34.860Z,a437f073722af0ab68a8752f1b6ce58ec64875c501e0fa066ac420bd2f047445,a26c0ce9cde3363d15adf04d066e2f2bc9f544b8402890253008a1967f525c60
2210118,PRC_X2W5W0V4T2U4B1C5A5B5Z1A1Y7Y5U1,2026-03-31,294,295,189,0,1,189,0,1,104,true,true,189,0,1,true,295,0,web_repair_pass,2026-10-01T12:02:59.800Z,2026-10-01T12:06:59.351Z,18e14a21dde4f58a336398c34288cb7225df20e20a48e165b994b0b22a3803dd,53dbf7dc9c53ee00f5e12df06aec908e8bdd8550d5e0057188d21e56cd503e9e
2210129,PRC_F2Z5U0D6K0X5H0Q9H0G6L3E1Q2Y3N0,2025-06-05,296,296,194,3,1,194,3,1,98,true,false,,,,,296,0,api_only_pass,2026-10-01T12:03:36.234Z,,1f096d96f9ad6fe020ee626bc285becc6aded824fb7857622066830a8d961585,
2210130,PRC_M2K5K0J3H0I4Q0Q9P0P1N1M5N3U8V4,2025-07-23,297,297,205,5,10,205,5,10,77,true,true,205,5,10,true,298,0,hold_tenure_boundary,2026-10-01T12:03:32.419Z,2026-10-01T12:07:30.253Z,95b8b095a252bdf7fc48a1e85ff9fca9179e559796220faee0c21e7291b62962,f9b81c3ee2a9aa4c577994985dd5d6f075d9dc106dd05832def7f31d4ae5bb2e
2210136,PRC_W2T5B0C4I2A5R1V6C2P6V2V8T5R1T6,2025-06-05,296,296,195,3,0,195,3,0,98,true,false,,,,,296,0,api_only_pass,2026-10-01T12:03:36.055Z,,8a7ee92654252359c8271bb789a91f4f975b64b54258d74f5992448801bc3acb,
2210192,PRC_U2S5T0B4Z0A3Y1Y5X4Y9F0G5E5D6D2,2026-01-29,295,296,222,1,0,222,1,0,72,true,true,222,1,0,true,296,0,web_repair_pass,2026-10-01T12:03:11.761Z,2026-10-01T12:07:24.952Z,72f449a4654a7c17dbb5e4356ede06a0ffce41856dae88620dcdcfef6552dc04,e4121eff401e73c089a53b127c2b33704692cfce7682e89de874a2429fbabe05
2210220,PRC_E2F5D0D4Z1Y0Y1W8X0V4W5E0E9D8D1,2026-03-12,294,295,175,0,2,174,0,2,118,false,true,175,0,2,true,296,1,hold_tenure_boundary,2026-10-01T12:03:02.854Z,2026-10-01T12:07:06.247Z,cfc259b92a8dc6b4822e50d308268596617b4f0ecf651a1b7e36394c52108e9b,10b1a85f1003a71efb24e7a622cd33dbdc4f8cf8132a19da2848477593af82e0
2210271,PRC_Y2N5G0V4F2J8H1H5D5B0Y0F4P4L1C8,2025-05-01,300,300,259,0,0,259,0,0,41,true,false,,,,,300,0,api_only_pass,2026-10-01T12:03:37.123Z,,f64255157adfe730c0ddf688a8a7649d93aac50cbc7e577af803d119746953f8,
2210272,PRC_D2D5C0D4K2L3K1I6I0G0H0P6Q6O2M0,2026-08-26,284,299,212,0,1,200,0,1,83,false,true,212,0,1,true,299,12,web_repair_pass,2026-10-01T12:02:35.271Z,2026-10-01T12:06:05.719Z,73f1ef51b02e12d7b1406fed3f92ed0f3bb16fb324a6a9eb233c16cde0a86eb9,0dc964cecec739f99ce358973eef31501566a30f47385d28d04f5dae84b38c2f
2210279,PRC_W2N5E0X4S2F1R1H5B2Z4L1T7O4L8X2,2025-05-01,300,300,260,2,2,260,2,2,36,true,false,,,,,300,0,api_only_pass,2026-10-01T12:03:37.027Z,,0a4b93c646b57db2e35f24e21c4c4c36083be125a3bf3145cb81bc2c5a3335e6,
2210280,PRC_S2Q5T0V4Z2U1P1K5V2H3P2E9X4C3X1,2025-05-01,300,300,261,0,1,261,0,1,38,true,false,,,,,300,0,api_only_pass,2026-10-01T12:03:36.918Z,,04b3505edd3936229caa5159da1aa7c4eb6665cff4ce196d0c66d53506659825,
2210283,PRC_S2U5X0W4Y2E1H1L5F2Y2M0X8W5M4R2,2025-05-01,300,300,254,1,8,254,1,8,37,true,false,,,,,300,0,api_only_pass,2026-10-01T12:03:36.915Z,,eea04ca111677c6e358c6fdee5bc955e1349b5e3d9965b537e5b17718c81310b,
2210286,PRC_F2M5P0Y4D2A1S1I5J2F3G0F0Y3Z8X0,2025-05-01,300,300,265,0,0,265,0,0,35,true,false,,,,,300,0,api_only_pass,2026-10-01T12:03:36.824Z,,84d71485e820035e28aa7e54b4c82bedbee493ab8e1d97053d33cbea4b86bf36,
2210287,PRC_W2J5B0I4P1S7S1K3O5Z1D2S5K6K4H7,2025-05-01,300,300,257,3,5,257,3,5,35,true,false,,,,,300,0,api_only_pass,2026-10-01T12:03:36.731Z,,593dadd2732fd54ad3f0ec3d09450a9048f6755b4d9e7fb1656b36d8d76d6b9c,
2210288,PRC_C2L5F0X4S0W8X1I6S0K5C5D5Y6Z0T3,2025-05-01,300,300,266,1,2,266,1,2,31,true,false,,,,,300,0,api_only_pass,2026-10-01T12:03:36.764Z,,f28e5b18916ea9e85f0dffe63ff0efb3d30310c977675f9a6623ec515fb4e393,
2210289,PRC_G2D5H0F4N0Q8B1C6S1W5W1M6Q3Z5K8,2025-05-01,300,300,266,0,1,266,0,1,33,true,false,,,,,300,0,api_only_pass,2026-10-01T12:03:36.623Z,,420eaf4dca079fc26aed7dedb96af438c803c238e8242ce349ce30a55f4eebae,
2210290,PRC_L2R5X0P4V0X8J1S6Y0Y4Q4V1X9L6D7,2025-05-01,300,300,250,2,10,250,2,10,38,true,false,,,,,300,0,api_only_pass,2026-10-01T12:03:36.555Z,,3c7cb94adc1a83ab3e113dfc240a3245f35fd2e75ba5c812d9587e360a1109a0,
2210291,PRC_O2A5B0M4Z1A7N1J3R3D3A4E7A6B2Z2,2025-05-01,300,300,261,0,1,261,0,1,38,true,false,,,,,300,0,api_only_pass,2026-10-01T12:03:36.579Z,,330539a4bbf254c0774a9c8667e7187036a199c33df98baa634e54fcf3565c3f,
2210292,PRC_J2M5X0R4H1A7E1P3E3M5J3M2S4P1Q3,2025-05-01,300,300,253,1,3,253,1,3,43,true,false,,,,,300,0,api_only_pass,2026-10-01T12:03:36.467Z,,f5e90115e94d5e42124b5c8e0d22d2dc7bf993614636dd6fdfbd86d408da3491,
2210293,PRC_C2M5I0G4Q1A6Q1P5N0V1J2Z9Z2L4O2,2025-05-01,300,300,262,0,3,262,0,3,35,true,false,,,,,300,0,api_only_pass,2026-10-01T12:03:36.391Z,,4d0a8e5e7ff8a5a3a20f56405194db7db233872bd59d4d0c70067be364d3091d,
2210330,PRC_L2U5C0N5H0P1I2K1O3A7S2C2U0P3E5,2025-05-01,300,300,182,3,0,182,3,0,115,true,false,,,,,300,0,api_only_pass,2026-10-01T12:03:36.355Z,,fc76e875b373d377f43fd85b4c0a08569064964c8f55ff915269db7ccdcb9607,
2210346,PRC_L2K5K0J4J2R9R1Q0O0P5N4O6W5W9U2,2026-04-23,294,295,162,0,1,162,0,0,132,false,true,162,0,1,true,295,1,web_repair_pass,2026-10-01T12:02:55.468Z,2026-10-01T12:06:48.531Z,cce98ecccaae83f74f64c84aafd649a982d99403eced4e101a7e13a0c4a44fa0,d221ac260838304e74f73d746b0c0657cc3f3bed745d17cd806562a957eba4e6
2210355,PRC_F2F5D0E4C2C3B1J0K3I0I2G6H6G8G4,2026-04-23,294,295,193,0,0,192,0,0,102,false,true,193,0,0,true,295,1,web_repair_pass,2026-10-01T12:02:55.291Z,2026-10-01T12:06:48.537Z,aa59bd2c66d510a4aa11236d27b5adcf9138af02a5fe40c70644269d4e9b6821,972a701cae17fdb760d6c003e2642e5a310926b6720965b8cfaf9c2abfcc55f0
2210372,PRC_L2T5T0S4Q2R5P1P7L2M7K4L8J4J6I9,2026-04-23,294,295,187,0,0,186,0,0,108,false,true,187,0,0,true,295,1,web_repair_pass,2026-10-01T12:02:55.232Z,2026-10-01T12:06:48.489Z,2256bbe70cd762db994aca8322db389dc0db9526bbb87889f7d575f15a290040,79d88190cfd3cf1cf173ccc718242819d024e67cc89c57602a584bf2711c1a94
2210392,PRC_T2S5R0Q3Y1X7W1V0E4C0C0A3J3H7E7,2026-03-12,294,295,186,0,1,185,0,1,108,false,true,186,0,1,true,296,1,hold_tenure_boundary,2026-10-01T12:03:02.905Z,2026-10-01T12:07:06.185Z,92fc0f84810a1be9a1f7d283414d069355d966ecd8f428c84995b095a6208198,d46e29c9f79a5e33f37176eb845f09162be720cb1be12e481c0b0eb64c77c24b
2210400,PRC_J2J5R0Q5Q0O7P0N9O1W0U5V7U8U3S4,2026-03-12,294,295,171,0,4,171,0,4,119,true,true,171,0,4,true,296,0,hold_tenure_boundary,2026-10-01T12:03:02.774Z,2026-10-01T12:07:06.151Z,81dc44393131f8db512b51e548983ef6364cb51d287a31ef7abe312864d72bc5,fbaa8e5c94c9f0203c3affe7ef28a4ce53ae6c3d71ff151323c9a8a8664a8a2e
2210409,PRC_O2O5N0O4M1M8U0T9N0L6M5L6J1J2R2,2026-04-23,294,295,176,0,0,175,0,0,119,false,true,176,0,0,true,295,1,web_repair_pass,2026-10-01T12:02:55.286Z,2026-10-01T12:06:48.187Z,d880043274f4e45b4cbfd53ca84d6d5e095d7e33017000d436ef3db459c8c584,aae7df58a35c01b5c92cee04292f484a16963a9dffedfcb8866a2a64f826617c
2210438,PRC_X2W5W0U5V0T1B1C4A5B2Z5A3Y5Z1U4,2025-11-13,298,298,156,0,0,156,0,0,142,true,false,,,,,298,0,api_only_pass,2026-10-01T12:03:23.670Z,,1c810e0e601393c230d85e95b587330c55db4fcd41d37a103539d141e71768ba,
2210485,PRC_Z2X5W0X4E2F1D1E5C0D8B3J1K9I7I0,2026-04-23,294,295,186,0,2,185,0,2,107,false,true,186,0,2,true,295,1,web_repair_pass,2026-10-01T12:02:55.134Z,2026-10-01T12:06:48.150Z,f3e84013476fa2fb103de309b032f60f76e5af763f459825fbf3d8cff3c68b93,84e551eb579f2f17bb0868ace17b31a89d2efdcd06f751c523d93d8a87c5d777
2210492,PRC_A2I5H0H4F3G0E0E8M5N9L0M0L0J3J3,2026-02-12,295,296,157,0,0,157,0,0,138,true,true,157,0,0,true,296,0,web_repair_pass,2026-10-01T12:03:07.215Z,2026-10-01T12:07:14.923Z,3fe3bf59da4f3648ddee018ead749fbfb6e9bcf32b1ef1470aedb463071a65a2,ea962273c263299068a140135077542f1d9af68c223d456a62223bcc945d1fa1
2210530,ARC_L2H5D0B5P1N5Y1E0Y5U8U5B9E5W8O9,2026-02-12,295,296,155,1,0,155,1,0,139,true,true,155,1,0,true,296,0,web_repair_pass,2026-10-01T12:03:07.120Z,2026-10-01T12:07:14.733Z,41300165c80a4931a6e72a967884f6a5e13383b55b208a0f9fd5fb126910f58d,853d11b51f82176441f543cfdea4e3b13d304263fa730c487413eaa7217150d0
2210556,PRC_S2T5R0S5Q1R2P1X7X0W5X3V6V1T9Q6,2026-07-23,284,299,182,2,3,174,1,2,107,false,true,182,2,3,true,299,10,web_repair_pass,2026-10-01T12:02:41.113Z,2026-10-01T12:06:18.312Z,2abd2aefb3ec664d0220da15928841fed2098909132edbbaf6030cd451de3998,0fa058e88814cbd673acdde37d9e487f9030f1ab4f6cb41b18794f30bbd15741
2210571,PRC_A2Y5Z0X5W1W2E1E3D2E2C5C7B9X4X9,2025-08-27,298,298,162,0,1,162,0,1,135,true,false,,,,,298,0,api_only_pass,2026-10-01T12:03:29.919Z,,4d452500f22ec3d72f1a57bca7926fe959fa1613937e9c2c873f2cff119104b0,
2210612,PRC_O2J5Y0E5H2D7P1Z7T0O6H4E4W3O5A4,2025-11-27,298,298,257,0,0,257,0,0,41,true,false,,,,,298,0,api_only_pass,2026-10-01T12:03:22.017Z,,2fdcf4e07607de4ac0235fdd4ee1de2b45b8420c3d0e45d60dd8ffe597abf688,
2210613,PRC_J2T5Y0Q5S2U7V1N7A0S8K2W1G7Q6T4,2025-11-27,298,298,259,0,1,259,0,1,38,true,false,,,,,298,0,api_only_pass,2026-10-01T12:03:22.022Z,,79b19ec1caae4d9134cb80e18d01d51b7fca32fa80e61b17f07db3760417b8ac,
2210635,PRC_P2P5S0I5D3B0P1O4W2C3J2A4G7U2Y0,2025-11-27,298,298,260,0,1,260,0,1,37,true,false,,,,,298,0,api_only_pass,2026-10-01T12:03:22.097Z,,39cd589ebb2c267563403f9886dccb6c6ad0e2c0197986ed944aa07d676613b6,
2210636,PRC_N2F5H0P5S3V0C1M4U2U4E2N2Z6K7Q3,2025-11-27,298,298,261,0,1,261,0,1,36,true,false,,,,,298,0,api_only_pass,2026-10-01T12:03:21.874Z,,7e9dacaf8065f67e8335cd418c0fa04c67c2a82a3b18cf43987d563cd375f867,
2210637,PRC_B2B5A0V5W1U5V0T9U5S3T1B7Z3Z6Y5,2026-02-12,295,296,158,0,0,158,0,0,137,true,true,158,0,0,true,296,0,web_repair_pass,2026-10-01T12:03:07.070Z,2026-10-01T12:07:14.596Z,081846fed08bb70d93e237bcca67d7ed8d22775101836148ae0fc9baa3bc394a,8ca98ea97fc3f1b38c91541f33bb1c87d3c55eb4bd63d9b764c215fab275a7cf
2210654,PRC_C2M5T0T6A0K2P1O6U4U6H3M7L2Y2J8,2025-12-03,298,298,252,0,1,252,0,1,45,true,false,,,,,298,0,api_only_pass,2026-10-01T12:03:15.560Z,,6e032f703d093f2314247f33fee25a28d273e1164476cc61bba234e2c517979e,
2210696,PRC_K2I5I0H4I1P4Q1O7N5N7L3M3U8V8T6,2026-05-07,285,286,194,1,4,194,1,4,86,true,true,194,1,4,true,286,0,web_repair_pass,2026-10-01T12:02:48.708Z,2026-10-01T12:06:34.713Z,56c04ccc6db7e9db539dd478916aa32fac041ecb61d32f83c90586830dcd0627,9683c7e7fc8bf761f552631f3b8985c56e54f852ca19b2034682408df604c31b
2210700,PRC_V2W5U0C6D0B9C0A9B3Z8A4I4G2G7F9,2025-06-26,298,298,248,1,2,248,1,2,47,true,false,,,,,298,0,api_only_pass,2026-10-01T12:03:35.992Z,,f6cdd3bdf2baac6b4cfc66cfc38527dff3d45a0d3704ff3cf08517832ec1af7e,
2210702,PRC_N2N5V0U5U2S0T1R0S5O7O3M2L6M5K8,2025-10-26,298,298,257,4,4,257,4,4,33,true,false,,,,,298,0,api_only_pass,2026-10-01T12:03:27.184Z,,a2f661ad578ecfead1bf4e0103eab6365fbd4b09db93d12b6e24f8146f25cbae,
2210708,PRC_Z2H5I0G5G1E3F1E0E2A3A0Z0Z3X0W4,2026-06-18,285,300,246,0,1,232,0,1,52,false,true,246,0,1,true,300,14,web_repair_pass,2026-10-01T12:02:42.672Z,2026-10-01T12:06:21.741Z,19a6c09dc6a356c4d5ed625d5aa706cb02e35855e20e71d9db3e236ad95c19e0,c18bad256f817c1aaef09b857096b59c4c43a8fbf52d15099c906a34bc35c309
2210709,PRC_H2F5G0F6F0N9L1M6K2L5J5K2S6Q3R1,2026-05-07,285,286,182,0,3,182,0,3,100,true,true,182,0,3,true,286,0,web_repair_pass,2026-10-01T12:02:48.670Z,2026-10-01T12:06:34.573Z,f90cf2ae84e4fbf13813150d8b3e5d1ced7bffe334478dac2a303fc32ee5d47b,9e0e64c1148b0712c0f051d92ced9321e99e04367a3e3df5c5e3e461efd5edbc
2210739,PRC_C2A5B0Z6A1I0I1G0H2F7E5E4A5A2Y8,2026-03-12,294,295,210,1,3,209,1,3,81,false,true,210,1,3,true,296,1,hold_tenure_boundary,2026-10-01T12:03:02.706Z,2026-10-01T12:07:05.891Z,00b240571d409cc44034ce1d4ce15b3618d6c8fb6b66c4b3f008282a2571d22b,f433393c12a01f013ba44338c5460246ce03586f09bffaaa948f2d067cb5ea48
2210772,PRC_F2D5E0C5A2B6Q1Q2P3Q9O5M0N6V3V9,2026-06-18,285,300,239,1,9,227,0,9,49,false,true,239,1,9,true,300,13,web_repair_pass,2026-10-01T12:02:42.685Z,2026-10-01T12:06:21.562Z,6dc12381723249c721ebe71c5ff9d777bb28fddbb227cb0741b462745434bc8f,d76c389bbb2ec7ad692416f4560f4673a955c4c9d91ff8da07e6f90076a39f38
2210864,PRC_L2J5K0I6J1H0P1Q7O0P6N0N9M8U8U7,2026-03-12,294,295,181,0,0,180,0,0,114,false,true,181,0,0,true,296,1,hold_tenure_boundary,2026-10-01T12:03:02.655Z,2026-10-01T12:07:05.835Z,4758b6a6765fced0831e317d7e90b0caec08d8f3202a87fd155a62b5559ad83b,b8afeaf54bfda601abcd04645c86d26092c156d90a9b15ec44ca17587ba85bab
2210894,PRC_W2U5U0T6B0B9Z1A1Y0Z1Y2Y4G4G5F4,2025-12-02,298,298,236,0,4,236,0,4,58,true,false,,,,,298,0,api_only_pass,2026-10-01T12:03:19.826Z,,6fefae951926f87575438e5540f9edeee5dca4fd4e9746c7a5eac740d87b840d,
2210898,PRC_B2C5B0B6Z0A9Y1G1H0F2G1E5F3D6D0,2025-12-02,298,298,234,0,4,234,0,4,60,true,false,,,,,298,0,api_only_pass,2026-10-01T12:03:19.792Z,,93602802ca3084fadf4c3c8b8e04597e4f1a6bafd6fd7db06cf5447457b08bf7,
2210977,PRC_E2U5O0Z7M0C4C2A0R2F6T2H4T9Q3H1,2025-07-04,298,298,168,3,11,168,3,11,116,true,false,,,,,298,0,api_only_pass,2026-10-01T12:03:34.730Z,,8037e20375fe92906409a927955490200c634e21096bda3ef4351b7860c5951f,
2210978,PRC_P2I5U0V6D2Q3A1J5Q3N7I0L7K0B9R2,2025-07-04,298,298,181,1,0,181,1,0,116,true,false,,,,,298,0,api_only_pass,2026-10-01T12:03:34.573Z,,dab6ab734a904f6a5c699bf1f2fa9df647cfb11c892bfe7440dd5e498ef961e8,
2210979,PRC_G2H5G0T6T2F3H1V5F3J9V1D6V1C3O1,2025-07-04,298,298,181,2,0,181,2,0,115,true,false,,,,,298,0,api_only_pass,2026-10-01T12:03:34.360Z,,bf681880450aae7014caf80468904f79a33d73d4c225ba54b7d97ca8e51f1b61,
2210980,PRC_W2Z5C0L6Y2U3B1Z5C4M0F2O5G2U7N1,2025-07-04,298,298,180,2,0,180,2,0,116,true,false,,,,,298,0,api_only_pass,2026-10-01T12:03:34.383Z,,810d16f51187b005d4398fa58405a767f6343e2cf11dd73ff77c0b6bd91b3231,
2210981,PRC_L2Y5E0T6T2E3S1U5Q4G1Q1C5R0R6K8,2025-07-04,298,298,180,2,0,180,2,0,116,true,false,,,,,298,0,api_only_pass,2026-10-01T12:03:34.370Z,,970ad0c8282e103ddf0158121467bab245eeae4d4f344434f8ac4cab438fff3e,
2210982,PRC_Z2E5F0U6N2T3C1I5K4E2Y0V4Q4P3R7,2025-07-04,298,298,181,2,0,181,2,0,115,true,false,,,,,298,0,api_only_pass,2026-10-01T12:03:34.159Z,,5bb3250da5ad4a583abd5617578f488acf3a4b18b307dc89e3be48681415a9e9,
2210983,PRC_D2H5L0K6C2R3D1E5Y4G2Y4R6T5K8K5,2025-07-04,298,298,181,2,0,181,2,0,115,true,false,,,,,298,0,api_only_pass,2026-10-01T12:03:34.200Z,,facb8cf501eeddbfd3e53c3ee493ff5fa678716ded56d77958768dc1d905fd97,
2210984,PRC_W2S5L0N6A2F3V1A5D4D3G2H8H5T8K8,2025-07-04,298,298,180,2,1,180,2,1,115,true,false,,,,,298,0,api_only_pass,2026-10-01T12:03:34.121Z,,e84fe90e59a3db28c8b7afe82106c2c1e79298f31e5905dd7fb8d22210c84884,
2210985,PRC_N2K5A0H6E2S3W1J5Y4F4R5H2U4B1T2,2025-07-04,298,298,181,2,0,181,2,0,115,true,false,,,,,298,0,api_only_pass,2026-10-01T12:03:33.998Z,,b7643d855d00b85e61e3270f546787c84714d386f128e7c123749d50df1e92ae,
2210986,PRC_K2N5C0W6A2A3Z1G5X3X6Z5R8V5K0D9,2025-07-04,298,298,181,2,0,181,2,0,115,true,false,,,,,298,0,api_only_pass,2026-10-01T12:03:34.018Z,,69dec784fb766912c0bb1a78de26a39c46f8d418086eb806cf53157d52233730,
2210987,PRC_Z2G5H0T6M2X3X1H5V3E8A5X4W1S3R8,2025-07-04,298,298,181,2,0,181,2,0,115,true,false,,,,,298,0,api_only_pass,2026-10-01T12:03:33.905Z,,50332f1dee7631a030ec888d14b0d9c0d0513950c571d810e4b50dd738f8296e,
2210988,PRC_G2P5F0J6T2K3C1V5Q4D0C4B9U2A6X9,2025-07-04,298,298,181,2,0,181,2,0,115,true,false,,,,,298,0,api_only_pass,2026-10-01T12:03:33.798Z,,a079b691e35d8a111ecf86f653917347c2d582827b53fbffd8c718cd2b79f9d9,
2210989,PRC_M2X5M0Z6W2I3I1V5O4B2M0F7B8V9I4,2025-07-04,298,298,180,2,0,180,2,0,116,true,false,,,,,298,0,api_only_pass,2026-10-01T12:03:33.850Z,,3f2590e236ab8689c1051d6af5a5648264dc3864cf60c6917f3db67dc84bc1e8,
2210990,PRC_Y2V5G0F6A2B3O1O5R4U2J5A5X0J3Z3,2025-07-04,298,298,181,2,0,181,2,0,115,true,false,,,,,298,0,api_only_pass,2026-10-01T12:03:33.634Z,,d2bc71255fe7e175cc64f3e2ff8bd2144f246703e709c32c92f3ec961fcece3e,
2210991,PRC_W2T5F0M6Q2X3I1G5V4C3S4Q7S7Y8Q9,2025-07-04,298,298,181,2,0,181,2,0,115,true,false,,,,,298,0,api_only_pass,2026-10-01T12:03:33.715Z,,3f5a8e589b51d1c59b1987b51fa2ff8627564ce3c16c7c2c6ec6ffc29c7c3806,
2210992,PRC_X2X5V0K6B2Z3S1Y5J4X4G3W2N3E9H2,2025-07-04,298,298,180,2,0,180,2,0,116,true,false,,,,,298,0,api_only_pass,2026-10-01T12:03:33.667Z,,07e9ec5ce80e9f3fe4536fe2ca7e038e88ca0b57b2dcc6bb90803ef186e6ac97,
2210993,PRC_B2W5X0U6Y2G3C1I5V3S6D4C4L4J5T6,2025-07-04,298,298,179,2,0,179,2,0,117,true,false,,,,,298,0,api_only_pass,2026-10-01T12:03:33.478Z,,fbf9e46d402cb53e2660f8438956e4359e3c0106b1db7ff33bb0a9e9a8522aee,
2210994,PRC_G2H5E0M6W2E3J1T5O3W9M5N1L5Y0B6,2025-07-04,298,298,180,2,0,180,2,0,116,true,false,,,,,298,0,api_only_pass,2026-10-01T12:03:33.505Z,,37498e30fdff46efcac5b5fc2a8552020c73c40076f6b38ebfe7a80b2fab5a1f,
2210995,PRC_S2W5X0N6T2X3N1L5X4A1N4J1V3P0W4,2025-07-04,298,298,180,2,0,180,2,0,116,true,false,,,,,298,0,api_only_pass,2026-10-01T12:03:33.376Z,,70427dd3447e61a3d9262ae39a0d04ac8943fd5999df72bda4ede49dd6bf0a14,
2210996,PRC_D2M5O0G6Y2K3N1D5R4L2R2C0R9H6F9,2025-07-04,298,298,180,2,0,180,2,0,116,true,false,,,,,298,0,api_only_pass,2026-10-01T12:03:33.289Z,,6ecdb85d684534d626c07baf2c9e34aada0567c7425d52959554e8765851b35c,
2210997,PRC_Q2S5T0J6Z2E3Y1U5Q4A3P2I7G6I8W6,2025-07-04,298,298,180,2,0,180,2,0,116,true,false,,,,,298,0,api_only_pass,2026-10-01T12:03:33.319Z,,4eb4f46a40e3dba2dd9ad4bdd272f71e5c2e7ee8c969f014537ee8f73581056d,
2210998,PRC_O2T5Y0M6Y2B3V1T5K4D4Y0B6O2C6S6,2025-07-04,298,298,180,2,0,180,2,0,116,true,false,,,,,298,0,api_only_pass,2026-10-01T12:03:33.093Z,,2e3904fe4cf43421849521c58baf7eeb99a3f0a991bfda68ef941c035f2f6e80,
2210999,PRC_V2Y5P0Z6X2I3J1D5C4N4J4V6C1D5O9,2025-07-04,298,298,179,2,0,179,2,0,117,true,false,,,,,298,0,api_only_pass,2026-10-01T12:03:33.151Z,,61c19b6ca3526ea83a18bd5e4e63d8fb465ae42916dcabf88c3a115a56a46821,
2211029,PRC_J2K5R0T5R2R0P1Q5O4W0X5V0W3U0V3,2025-12-02,298,298,231,0,0,231,0,0,67,true,false,,,,,298,0,api_only_pass,2026-10-01T12:03:19.698Z,,500f3645a549b502e17ad5095ab7dd457aa308bbf72ec1db0cb48d0534827429,
2211070,PRC_T2R5R0H3F1F0D1F1D2D4L5M7K9I5J4,2026-08-20,284,299,213,0,1,198,0,1,85,false,true,213,0,1,true,299,15,web_repair_pass,2026-10-01T12:02:39.699Z,2026-10-01T12:06:14.884Z,634f0a4c7e1216908dcd0ddd04d491bd7bcd32a2ab9ba677f216c87b1be97bcf,e5a0bcb95cf5ee3568b3319e271318c744a9df9dd5ae5f2774f5892ccd4d838b
2211082,PRC_M2U5V0T6S2S5Q1R0Z0A0Y5Y1W2V5W7,2026-04-23,294,295,180,0,5,179,0,5,110,false,true,180,0,5,true,295,1,web_repair_pass,2026-10-01T12:02:55.090Z,2026-10-01T12:06:47.982Z,14885618c369e01c38c5839f17de90f59822314bd423ae3a4969aea2593f5460,99c0c262fb3fa9fcb1ce835761080979f580e233a54bed5079359f69ff0273a4
2211101,PRC_C2C5L0L6J2I3I1H6H2P8Q3O4P2N5L4,2026-03-31,294,295,191,1,0,191,1,0,102,true,true,191,1,0,true,295,0,web_repair_pass,2026-10-01T12:02:59.743Z,2026-10-01T12:06:59.355Z,e702468cf58b164bcf7463f52ac84d8d8e4c73382ee1ec0199089bf88ebe088f,95ee3cfa596c9ead41a0ffbd8ccce7b57b4043d39b168fc58f57e3566c05f319
2211128,PRC_R2E5H0K6O2W7L1J1M5R7H2I8B2E1M0,2025-06-27,298,298,170,0,0,170,0,0,128,true,false,,,,,298,0,api_only_pass,2026-10-01T12:03:36.013Z,,30badc20a11d5dd0e2c578a9c4cd21fec3fdb9e576ca9699abc4ff03516f7e93,
2211154,PRC_A2Y5X0X6M2N7L0M9K4L1J2R2R7Q3Q7,2025-12-02,298,298,226,0,4,226,0,4,68,true,false,,,,,298,0,api_only_pass,2026-10-01T12:03:19.692Z,,3346411d69b2b134e2e177e01fe9b92a3a4819a8f8859007abda40b2811491b2,
2211248,PRC_O2M5A0C6M1Q8Y1X3L2C4F0P2M0K3I5,2025-07-03,298,298,262,0,1,262,0,1,35,true,false,,,,,298,0,api_only_pass,2026-10-01T12:03:34.959Z,,b9cab9b5154a3e321264d9733184728ad02ae4581a9ed314ceca537ec1bc7c7a,
2211249,PRC_Y2J5P0C6O1D8D1L3K3T5Y0Q8G8E5H9,2025-07-03,298,298,263,0,3,263,0,3,32,true,false,,,,,298,0,api_only_pass,2026-10-01T12:03:35.002Z,,605ce14dd95733c629993c211a2eed94c20311a4b8f877c8bbff4cd42f254cd7,
2211250,PRC_A2Y5N0J7W0L2U1Q8C3H1Y5N0J3K0D9,2025-07-03,298,298,274,0,1,274,0,1,23,true,false,,,,,298,0,api_only_pass,2026-10-01T12:03:34.974Z,,87f515285a78a81ba973fe50d289addd2d36e6203f44eacc4cae35b3356831be,
2211251,PRC_P2M5I0P7H0Z2V1Q8N3K0C1E0U1L4S6,2025-07-03,298,298,218,29,25,218,29,25,26,true,false,,,,,298,0,api_only_pass,2026-10-01T12:03:34.781Z,,8657b6b8100784977b201fab68303c086cfac804d7891e1bb87c217444ac7c1c,
2211252,PRC_F2O5G0P6F2C4P0C8M2P9N2R2S6W8X8,2025-07-03,298,298,256,0,3,256,0,3,39,true,false,,,,,298,0,api_only_pass,2026-10-01T12:03:34.766Z,,352e23b9ecab9fc2f8e0a5f68e8e04a9d7d2d00ca954238526e19315d6965a04,
2211253,PRC_F2K5P0F6H2D4X0S8P3R1V5C6G8G4J5,2025-07-03,298,298,265,0,1,265,0,1,32,true,false,,,,,298,0,api_only_pass,2026-10-01T12:03:34.586Z,,50197751e75f55fc3a99227afec4a66c489af710ebc07f6d79372a2704b571b2,
2211258,PRC_C2D5B0B6A2Y6Z1H4H2F9G4F2D1E3L1,2026-08-20,284,299,174,2,6,167,2,3,112,false,true,174,2,6,true,299,10,web_repair_pass,2026-10-01T12:02:39.573Z,2026-10-01T12:06:14.856Z,728057c99c1b40cfe810d2f0e8af138ead90d080f131f3c65d5956203bd0bcf7,82d8f05dd62d15b371838fc15c43658974c31929fd2ccf976d782a9b0001a4d4
2211275,PRC_H2H5G0H5F1F2B1A5A0Y6Z5X2Y0G2G5,2025-12-02,298,298,235,0,2,235,0,2,61,true,false,,,,,298,0,api_only_pass,2026-10-01T12:03:19.647Z,,ef6b0c64ec31d5e8818b5b4957c5a17e5bbb727c7562729a2ee02dfb6639f7c5,
2211340,PRC_Y2F5G0E4D2D4B1C5K1L3J4J0I3G8H1,2026-08-26,284,299,213,0,2,200,0,2,82,false,true,213,0,2,true,299,13,web_repair_pass,2026-10-01T12:02:35.332Z,2026-10-01T12:06:05.628Z,d4d59a471ec6b0c5969db49041e0071721b5c2daf25c66ca707fd2f3679a0685,beade8fa72635afb5d8eabfd13953b91ed6790128dc649fe7abfb6b9812afc36
2211406,PRC_I2J5H0I6G2H7F1F7O4M1M5L4L2K5K9,2026-03-12,294,295,187,0,13,186,0,13,95,false,true,187,0,13,true,296,1,hold_tenure_boundary,2026-10-01T12:03:02.564Z,2026-10-01T12:07:05.828Z,639a8fc3295bf7c5810682dfdf753535fa6131fa00c5ab82680a0c8fc48fed8e,16715aae114857dc0962fde665be605e32c5f6a093983191f28962585848429b
2211473,PRC_X2Y5W0W7F0D8D1C3C5B5B4X4X0W0U7,2025-11-13,298,298,122,5,27,122,5,27,144,true,false,,,,,298,0,api_only_pass,2026-10-01T12:03:23.568Z,,ccce226df0ccefa4a78a1baf32c87357f882d29ba12ca17307b59563ab791d71,
2211608,PRC_W2U5V0T6T1P9O1O4M1N8M2M3U1U7T6,2026-08-20,284,299,208,0,4,194,0,3,87,false,true,208,0,4,true,299,15,web_repair_pass,2026-10-01T12:02:39.550Z,2026-10-01T12:06:14.800Z,56073fc68497e16c81a4ec40fafb13a847b8edd53972fb4e4044ba865294ae4d,ff31c1176a5523d7af30c3acec74e81f7f3d193a015249336bbf6001cc736478
2211638,PRC_P2J5W0H7J0F9H1R8R5Z2H0Y9Q4J4E5,2025-07-23,297,297,203,6,12,203,6,12,76,true,true,203,6,12,true,298,0,hold_tenure_boundary,2026-10-01T12:03:32.328Z,2026-10-01T12:07:30.057Z,f41e00b74ebec2c498be826ffddaea6f10d53e5ac7b8f058eff6de913e66dcd6,15b18168a04661f0f973aeb5aec3aba3ef5352b243a87c130d236f63b2ab4fc3
2211639,PRC_T2E5P0C7K0W9W1Y8D5O5Y1B1X1B4Z7,2025-08-04,298,298,161,61,14,161,61,14,62,true,false,,,,,298,0,api_only_pass,2026-10-01T12:03:31.006Z,,007831dc94580ec0d0d2e869413023c38c3de8d9cb3735191b4428af973867ce,
2211640,PRC_I2W5N0E7X0L9B1L8A5Y5P5N3S6C6X6,2025-07-23,297,297,210,1,7,210,1,7,79,true,true,210,1,7,true,298,0,hold_tenure_boundary,2026-10-01T12:03:32.254Z,2026-10-01T12:07:30.019Z,fe260be3e5f37f9b179f1a120692bbe39e2423cf309a9a2145449b67f2e6a9d1,43a5aa76702c486c9776b4d29375e89cc76699df3c213e5c7d4fee2c00b8d6cb
2211641,PRC_Z2X5A0W7B1W6N1Y3Q0Q8I1B0Y4K7G2,2025-07-23,297,297,230,0,2,230,0,2,65,true,true,230,0,2,true,298,0,hold_tenure_boundary,2026-10-01T12:03:32.239Z,2026-10-01T12:07:29.865Z,ec755e4f538df59e809af3c6d922ab1c60ac53ce3182523c18443b06e25888c8,4b19521a12c5b0417739681c960186f85bf1e2d13166e07f49826589ce54ac4c
2211642,PRC_O2Q5U0E7A0A9H1F8O5J4F0Q3I1J3Y5,2025-07-23,297,297,205,3,15,205,3,15,74,true,true,205,3,15,true,298,0,hold_tenure_boundary,2026-10-01T12:03:32.073Z,2026-10-01T12:07:29.714Z,53f15ce620c84c3a7c7df19c3ee2ccd0efe93c1893440dc03c2cc55fe89e6fa7,5a070c3924e97e2fbac487e3bd3ff079031bbce04a6d779c7fe3f0e7c789665d
2211643,PRC_U2K5N0N7L0M8S1F4F5Z5H4D4Z8T9V2,2025-07-23,297,297,236,0,1,236,0,1,60,true,true,236,0,1,true,298,0,hold_tenure_boundary,2026-10-01T12:03:32.028Z,2026-10-01T12:07:29.623Z,a01f83aa6d67aee3f3150f04821fdba9d169b62f5b05ceea55fd82207e0308b4,518e6c0d9dff7f90f34678923d49b38bd6fbb4067e2503082c4d2b8fa87d15ef
2211644,PRC_M2Z5S0S7D0B2O1G0D4G2X2B6F3H8D5,2025-07-23,297,297,189,12,32,189,12,32,64,true,true,189,12,32,true,298,0,hold_tenure_boundary,2026-10-01T12:03:31.968Z,2026-10-01T12:07:29.513Z,bfed3535323160863a0461be4eadad9768ba32bc9683215f6697f29fbaa8f1c7,0e7986bac782db75f571a4cb21f49626a34feaf9885e132468fb1a079f24e370
2211645,PRC_F2Q5F0A7P0Z8H1Q5D0F0T3Q5O3N0U9,2025-07-23,297,297,231,0,1,231,0,1,65,true,true,231,0,1,true,298,0,hold_tenure_boundary,2026-10-01T12:03:31.905Z,2026-10-01T12:07:29.374Z,eaf86d9f6f4c839a9971fa21a4b20a4b5798bc0dd30c7763706532dd39291215,d9b4c5d30e0ad188f812055392d0fb6899b31d427288d479151432f1446b33af
2211646,PRC_I2E5X0D7T0A2G1L0M3R2X1G8B4A6J9,2025-07-23,297,297,231,0,1,231,0,1,65,true,true,231,0,1,true,298,0,hold_tenure_boundary,2026-10-01T12:03:31.738Z,2026-10-01T12:07:29.263Z,762c36579479be98894c47bca3100179acf5bec8d6d26842e753e356c98e0df0,f2d087b9504ad7225655bf30b16b172b9f527aab08571536785cef288691887f
2211647,PRC_W2L5Q0O8H0O4I1M3W3M7M5D1F4U5F5,2025-08-04,298,298,162,87,1,162,87,1,48,true,false,,,,,298,0,api_only_pass,2026-10-01T12:03:30.917Z,,324d0166857539f14356c253ac87f221f367e2e00367606db3c8050e70b73f5e,
2211648,PRC_Q2M5H0M7I0B9H1C9C0C5P3Q7M5P7E5,2025-07-23,297,297,208,0,3,208,0,3,86,true,true,208,0,3,true,298,0,hold_tenure_boundary,2026-10-01T12:03:31.699Z,2026-10-01T12:07:29.202Z,4313d7a66c3db3ab5582f9999e0bf2c8e215c5277e1515d17b56f3df3b9154b1,274b62ab41fbbfd17a7fc3a9bbf9351059a53c8f8ae6fb3d17a0b9a33b4c4bdc
2211649,PRC_Q2V5C0F7I1U2C1X3V5F5G2E9O1V4G6,2025-07-23,297,297,179,9,17,179,9,17,92,true,true,179,9,17,true,298,0,hold_tenure_boundary,2026-10-01T12:03:31.600Z,2026-10-01T12:07:29.055Z,a4ecbb31921556906cd3d2acc57904732d48b80cffaf999cdb2387f7f3ab1aeb,cb262d162fa2528b658442679839ca1aeae4c8320b4bddcac6a32adb02950a45
2211650,PRC_J2G5X0U7F1H2U1Y4R0L0T1V3B3G2V7,2025-07-23,297,297,183,4,15,183,4,15,95,true,true,183,4,15,true,298,0,hold_tenure_boundary,2026-10-01T12:03:31.563Z,2026-10-01T12:07:28.940Z,35abc9de70447a816701b9a3394f41d3ab602513da1a80729ba104256971c409,b1237033d515efa120e020986521bb0d0c58a4a1bc4eb9880b706342aefc82c2
2211676,PRC_S2Q5R0P7Q1O8O1L4J0J9H5I5H4H0P4,2026-01-29,295,296,190,1,5,190,1,5,99,true,true,190,1,5,true,296,0,web_repair_pass,2026-10-01T12:03:11.758Z,2026-10-01T12:07:24.904Z,30de3720a0fa07e0ef0a016231387eb7777520fec3bb3a1565ba90e665297e1b,fc9bd4d903ccee43793ef1957d73436490ef8e3808bbd3699bd1f954f8f477d4
2211688,PRC_U2S5T0R7P0Q4Y1Y7X0Y6W0W0U7Q2U9,2026-06-18,285,300,253,0,0,238,0,0,47,false,true,253,0,0,true,300,15,web_repair_pass,2026-10-01T12:02:42.682Z,2026-10-01T12:06:21.578Z,d15508b90d39c5905840d8c6943fbc328e77131dae130e6eeced87e0a05d5737,3c0ae764e7484a22b95ecdde6f063a06cb6d2ea0b720597b2be1761285bf63b2
2211707,PRC_W2D5E0D7D2B1C0A8W4X8V2V1U8V4T0,2026-04-23,294,295,214,0,0,213,0,0,81,false,true,214,0,0,true,295,1,web_repair_pass,2026-10-01T12:02:55.029Z,2026-10-01T12:06:47.781Z,c1ad1f767a3156273f288300c561ac3fdb8f988b9c702616eb07cb2c62b8c925,1a5bd4adfa258100c574cc7e6719243ad95d6e586ffb681d22bdc57cd903bc57
2211794,PRC_Y2Z5H0H7F0G3F1F6D1M7M4K1L9J4K2,2026-07-23,284,299,166,9,11,158,7,11,108,false,true,166,9,11,true,299,10,web_repair_pass,2026-10-01T12:02:41.084Z,2026-10-01T12:06:17.984Z,70d8a1ea1943062584ffe420295b941107bc98223abfc1b2327ab2361da20b66,07fa13adcd4b0251269a2e3f840da3cd08c2a229603ca002571faf2154dcf0b3
2211811,PRC_J2K5I0J6H1H1G2O2O0M9N1M2M6K3L9,2026-04-23,294,295,194,0,1,193,0,1,100,false,true,194,0,1,true,295,1,web_repair_pass,2026-10-01T12:02:54.916Z,2026-10-01T12:06:47.849Z,f573753b25eb82ad44c4bd98d2f4770e714d45d92adef8c0331e34e2a3f2f502,83a67e07cbcb8d78c442c922f09b4a10f4e4a7ca9ac4c799b8354b884daa22a4
2211818,PRC_G2H5F0G7V2V8U1S4T2R0R5A3A2Y9Z6,2026-02-12,295,296,156,0,1,156,0,1,138,true,true,156,0,1,true,296,0,web_repair_pass,2026-10-01T12:03:07.028Z,2026-10-01T12:07:14.704Z,c6ba5744ebf1e95a4810e9a064fbe2564dbeef04ac80ed0a95c988159c97ddf6,ee8ef5ced96fcf3e8a79003a617e7d2094f524c923fcfe8394b59928d673fd8d
2211877,PRC_S2T5R0S7Q2R2G1G0F0F1E4C9C2K4L7,2026-01-29,295,296,218,0,1,218,0,1,76,true,true,218,0,1,true,296,0,web_repair_pass,2026-10-01T12:03:11.662Z,2026-10-01T12:07:24.666Z,f710d392d3f0427fcba9f47b5707d9c4514f2540212b3d29834d9a80f905ffc9,ff89b7f8783c0908cd4c214ae4998f118d06677e8b0b9ac40b6cd7940e0f8d99
2211908,PRC_X2E5F0D7E1C8D1B1C5J0I5J8H7H7G4,2026-08-20,284,299,182,0,0,171,0,0,113,false,true,182,0,0,true,299,11,web_repair_pass,2026-10-01T12:02:39.418Z,2026-10-01T12:06:14.518Z,bdbbdccfb8b378ccec8256f706b1b056aae4ff99e1b61ca73ca8df0e15b362bd,0fb0a28d11b717efea1a6c25d71c3d47ab0c6048b49b0073a8689a08d343714f
2211920,PRC_H2F5F0E7M2M3K0L9K1K5I3J7R8P5Q0,2026-06-18,285,300,239,0,5,227,0,4,54,false,true,239,0,5,true,300,13,web_repair_pass,2026-10-01T12:02:42.510Z,2026-10-01T12:06:21.349Z,ddf36504c03f69b4c08695626b13352e0943017feda57886942a5f03ad5ca0d2,6dfd071ccafdfbe282cc3f4528c274bed500fa5b1fbb82529de27482eb2a4ec5
2211924,PRC_W2O5V0N7I2N8G1J9L0H0Q4K2K0U3V6,2025-08-24,298,298,183,3,0,183,3,0,112,true,false,,,,,298,0,api_only_pass,2026-10-01T12:03:30.352Z,,0054f4f8e0b2dbcd2eda9aa94a60e10746d194e0c4fbf3044e500a98f891b4f4,
2211925,PRC_Z2Y5Z0H7K0D8H1H4M5Q1O1V2J6D1V5,2025-08-27,298,298,113,32,18,113,32,18,135,true,false,,,,,298,0,api_only_pass,2026-10-01T12:03:29.891Z,,1992e6467d25806c9d8ed55405f364a277d7ca4b732d1247760f2056a39733ac,
2211928,PRC_T2I5G0R7I2H9E1Y4V4I7V1K3U8N3V4,2025-08-04,298,298,199,15,22,199,15,22,62,true,false,,,,,298,0,api_only_pass,2026-10-01T12:03:30.900Z,,aa4053938a8708ed7861d0b1d53005c8140656987fc87336d6ee61462ccd8c9a,
2211929,PRC_E2U5B0J7G2I9Y1R4E4V2J1K9C6S8Q8,2025-08-04,298,298,205,13,19,205,13,19,61,true,false,,,,,298,0,api_only_pass,2026-10-01T12:03:30.869Z,,1eaa3da7683c9a5ad5f95e334baa271b7779fee83c03e7a5b363411aefe2c7ee,
2211933,PRC_C2G5P0C7S0K7P0P7P0W9F1U3J9S9F7,2025-08-21,298,298,170,1,0,170,1,0,127,true,false,,,,,298,0,api_only_pass,2026-10-01T12:03:30.426Z,,58d5eeab14abbaba00ad6c42e8ec33ff6f860cfc8f67af53d88edc3c578b3b1a,
2211934,PRC_T2Z5K0V7L0N8O1Z4I4H6G0Z3C8F5N2,2025-08-04,298,298,203,28,28,203,28,28,39,true,false,,,,,298,0,api_only_pass,2026-10-01T12:03:30.789Z,,0e2eb5424032fc4ab4e621c52e15623db6320e4d1065091606c5a727af90c9bb,
2211935,PRC_B2R5B0M7Y0W7S0C7P4Y8V3E0A7S0X4,2025-08-22,298,298,179,1,0,179,1,0,118,true,false,,,,,298,0,api_only_pass,2026-10-01T12:03:30.394Z,,0335defe44ceb827a5a7b4a779a378cc71d5b3996479252454e4710bef8e3cff,
2211937,PRC_W2E5C0Z7F0M7U0Q7R4F5A1E1D8I2H5,2025-08-05,298,298,178,2,0,178,2,0,118,true,false,,,,,298,0,api_only_pass,2026-10-01T12:03:30.491Z,,03b45a1962a876efc4fe96190dedc231ae612a48cff7db304ac00c920a2c3b96,
2211938,PRC_W2J5Z0Q7R1V6U1O3J0D5T5O2K5P5E8,2025-08-04,298,298,228,0,4,228,0,4,66,true,false,,,,,298,0,api_only_pass,2026-10-01T12:03:30.769Z,,86cc0a1196c7a7b40569139bf5de28822849697bb3d19958e6f6aa41c6630679,
2211939,PRC_Y2E5M0N7V1A6G1F3U0W6X5P3I2N5H5,2025-08-04,298,298,224,1,3,224,1,3,70,true,false,,,,,298,0,api_only_pass,2026-10-01T12:03:30.711Z,,22d32805b8a66ae5b5f6a49dec257046438008de73d5577706ed434474dfc094,
2211940,PRC_W2M5Z0K7J1N6I1H3T0X7B3N0K2T9U1,2025-08-04,298,298,231,0,2,231,0,2,65,true,false,,,,,298,0,api_only_pass,2026-10-01T12:03:30.662Z,,52b6339f221600cd3b316a35fd06777018ff15dc1e0647812bb554de0e072522,
2211941,PRC_J2A5I0Z1L2F1H1S5E5I8N5D0N4N9I8,2025-08-04,298,298,210,5,9,210,5,9,74,true,false,,,,,298,0,api_only_pass,2026-10-01T12:03:30.615Z,,37536aaeeec58ea1fbfe737e981b70988748c2ad18c48cc4934ad938db5a49bc,
2211942,PRC_H2G5C0I7I1L6F1N3U1W2M0U2E8D0Q1,2025-08-04,298,298,236,0,0,236,0,0,62,true,false,,,,,298,0,api_only_pass,2026-10-01T12:03:30.564Z,,7272c5087d5475f8e168851666556403dc9233b53adae4642969f2efd395b2e6,
2211944,PRC_O2N5U0T7A3Z1Y1F0Z1G9F1M8L7I7E3,2026-01-29,295,296,230,0,10,230,0,10,55,true,true,230,0,10,true,296,0,web_repair_pass,2026-10-01T12:03:11.618Z,2026-10-01T12:07:24.600Z,31d56f90f420a4885da797b01c54e24798d876ae6fa3d233d7cebf89a8c1bfa4,2a6d517389e277cf3252d82c3bab717aa69e4e4d080a3836b1536ed728cd4066
2211945,PRC_P2M5U0T8A0Z1W0F9E1D7X5W5G5D0M1,2025-11-13,298,298,211,2,1,211,2,1,84,true,false,,,,,298,0,api_only_pass,2026-10-01T12:03:23.528Z,,28c906cb0c478e4e58fb7558050e60a1fcf72facb31b9d352004d7a6e388979e,
2211959,PRC_C2M5T0B8S0C4D1I3I3X8X0G0V4C7W8,2025-08-04,298,298,173,92,0,173,92,0,33,true,false,,,,,298,0,api_only_pass,2026-10-01T12:03:30.536Z,,198facb8f42787d52e5c08aaf99e5e332d6692303fecb4f6b95b9d649e0f3770,
2211963,PRC_H2F5D0E4C1D8K1L3J4K4J5J7H8I0D7,2025-12-02,298,298,231,0,3,231,0,3,64,true,false,,,,,298,0,api_only_pass,2026-10-01T12:03:19.556Z,,3a4292c716ac76cf8505523b3a1001e9b64b6411930d82290219bb829ecb1c2d,
2212014,PRC_D2K5L0J7J1I4G1H7P2P8N2O0N0N5L8,2026-07-23,284,299,178,2,5,169,2,4,109,false,true,178,2,5,true,299,10,web_repair_pass,2026-10-01T12:02:41.105Z,2026-10-01T12:06:18.034Z,a3003d5acbab4914ba39dde3423e2882db365208d50e1e77fb40a8e17062fe19,7c03a047594448424ac6a7551af9b532895c0477b3175e5cf91eccffcb07f620
2212028,PRC_Y2G5H0F4F2E4C1D3Y2Z8X1Y9W0X2V0,2026-03-31,294,295,181,0,0,181,0,0,113,true,true,181,0,0,true,295,0,web_repair_pass,2026-10-01T12:02:59.668Z,2026-10-01T12:06:59.325Z,334fc90ea155401a66c1dc16fe60148bc98efb9ba0b7e12e29c70fbf755a0fe5,ddff1db4afeceabaf6f7ead8db1c13222609b24441e208d4abba14d7649c08f3
2212032,PRC_A2A5Y0Z7X2Y8G1H2F5F0D1E6C9D3L0,2026-03-12,294,295,209,0,0,208,0,0,86,false,true,209,0,0,true,296,1,hold_tenure_boundary,2026-10-01T12:03:02.486Z,2026-10-01T12:07:05.523Z,70319696b26562754caa0c7d013f3d88d9da9920e40f5e261d5e8b0de76588f6,11e1af2a961bb2fab8353bac879e07bc58cea54326f8d9475ab55727433d4a12
2212088,PRC_U2H5G0F8E0M5L1K3J4P4O1N4V4U4T0,2026-01-29,295,296,228,0,1,228,0,1,66,true,true,228,0,1,true,296,0,web_repair_pass,2026-10-01T12:03:11.581Z,2026-10-01T12:07:24.558Z,a0faed7599d5d73644906cd48d25324025b162c9b3ddef75d5d8f57f2532d498,59102ab37a849169504062aa44d879a340432b917f463345f32a2d92acf5c422
2212102,PRC_R2Q5P0P8V0U7T1Q3M3L6U5T5S5Y6X9,2026-03-12,294,295,195,1,6,195,1,6,92,true,true,195,1,6,true,296,0,hold_tenure_boundary,2026-10-01T12:03:02.639Z,2026-10-01T12:07:05.583Z,d204ee8e10581b85f95f44c351f07551b77ab930514f15f4e1f7d6d225041841,b9f52acbc4986465ee821f678d648824facf2558203f89b01e3fb5ca039b137e
2212128,PRC_H2I5P0Q6O2P6N0O9M2N6U2V1T8R0Z4,2025-12-02,298,298,234,0,1,234,0,1,63,true,false,,,,,298,0,api_only_pass,2026-10-01T12:03:19.516Z,,7513f42ba378229d484957e5dd0bcc464aa28ff93a0a659701fea9187164c75a,
2212136,PRC_P2O5I0K8J1G1P1O1N1T9S1R9Q1A2Z9,2026-01-29,295,296,203,0,1,203,0,1,91,true,true,203,0,1,true,296,0,web_repair_pass,2026-10-01T12:03:11.532Z,2026-10-01T12:07:24.334Z,176a9915c75c2c5732fed915f28d34df36c7e3145c07fcb87fb6c2ab9f894e5a,29550ceb15a3b92122561816ba6426d45d052d3ae5d560f93a4ccccfb18821e5
2212185,PRC_D2M5K0J8R1Q3O0P9O1K9J0I1G9P6N8,2026-01-29,295,296,184,0,7,184,0,7,104,true,true,184,0,7,true,296,0,web_repair_pass,2026-10-01T12:03:11.467Z,2026-10-01T12:07:24.282Z,ce5103a81c4c1440d688890293057d9d783e6ed3b66d2cbd365ee41b2da628ca,c5639efaf2649ff5ef0400ca181a7490606339bcca4d3d61c340d4c5df2209eb
2212212,PRC_I2H5G0F8F1O1N1L0J5F3O2M9L9M7K2,2025-12-02,298,298,236,0,0,236,0,0,62,true,false,,,,,298,0,api_only_pass,2026-10-01T12:03:19.519Z,,8cd346a522bf1ae00770c8d4807f441deca571a86a2ea22571f89467b0dde1a0,
2212254,PRC_L2I5R0Q8P0R8X1W2V5U0B5A9Z8P6Y7,2026-04-23,294,295,168,0,3,167,0,3,124,false,true,168,0,3,true,295,1,web_repair_pass,2026-10-01T12:02:54.894Z,2026-10-01T12:06:47.607Z,e5998f5100281bb6f5717508cd7488ad6cd21ba2ceda4f20f567241089598994,3a90d20d31fd9c59baf739b2ff5f620e33be60eacf98d54bfd1aa8888cc55f16
2212304,PRC_D2A5D0K7J3Q1P1O8U0T9S0R1P2V6V0,2026-03-12,294,295,181,0,1,181,0,1,112,true,true,181,0,1,true,296,0,hold_tenure_boundary,2026-10-01T12:03:02.324Z,2026-10-01T12:07:05.474Z,e2265d2991017aca0d386e81cf6d0f309f48bb950ae636a13fdf144d0e3bb463,5028f05833a3d6301d9f6c671144c4a68a059f4da43feee9761f83f22ac149af
2212394,PRC_Z2F5H0I7Y2H9G1Q4O4D8T4F4O6I9X9,2025-08-27,298,298,163,0,1,163,0,1,134,true,false,,,,,298,0,api_only_pass,2026-10-01T12:03:29.855Z,,28b4c36de09a94a4681469b993535d3d414dbb06a4999449112f8cc23c2e150b,
2212395,PRC_T2G5Y0K7L3D0F1Q0I2C0L0R3F8J3Q5,2025-08-27,298,298,164,0,1,164,0,1,133,true,false,,,,,298,0,api_only_pass,2026-10-01T12:03:29.791Z,,1d9c9b1770e829ad50bafa8f73d0b695036f0310eaf2f09c72ae539bcb53fee4,
2212396,PRC_J2N5T0Z7C3N0D1Y0M2U1Z0V6L9M2M7,2025-08-27,298,298,159,0,6,159,0,6,133,true,false,,,,,298,0,api_only_pass,2026-10-01T12:03:29.761Z,,d50fe004bb188bd4f20347953e146003555f9ecac82ae63f6a57d861ac9c50d9,
2212397,PRC_G2N5S0F7Z3B0X1R0C2H3F0M8W3Z3S4,2025-08-27,298,298,166,0,0,166,0,0,132,true,false,,,,,298,0,api_only_pass,2026-10-01T12:03:29.688Z,,8fa4ab4f74f08e71435529e972239116187cfe5510e4c773a7224683a52292f3,
2212398,PRC_Y2E5D0R7S3Q0A1E0C1V8J2E0E4W7E0,2025-08-27,298,298,167,0,0,167,0,0,131,true,false,,,,,298,0,api_only_pass,2026-10-01T12:03:29.656Z,,9a5accef2bc90e39f1babf830b2d7bcaa9be6796b13846aa716da5d1f943fddf,
2212418,PRC_A2D5U0K8A2G5C1K5V4S0J1M9J7I8Z3,2025-08-27,298,298,163,0,0,163,0,0,135,true,false,,,,,298,0,api_only_pass,2026-10-01T12:03:29.593Z,,5dd6eda497476d4dff5f7f36f5bcfce2db7360da685181fcf45e15d5c275f420,
2212469,PRC_T2D5T0U8A2F8X1E4V0G4B2E1Z8Z7W2,2025-11-27,298,298,248,7,3,248,7,3,40,true,false,,,,,298,0,api_only_pass,2026-10-01T12:03:21.868Z,,089e6c507f24bd75fdb35993051b2a1014dbbaab201a6b79a97e0e1adf4167bf,
2212470,PRC_E2P5B0Y8T2K8Q1L4O0Q5T0B3N0F2I2,2025-11-27,298,298,250,4,3,250,4,3,41,true,false,,,,,298,0,api_only_pass,2026-10-01T12:03:21.846Z,,d0a0501b4ed8b0bbcdc76c41b7fca57f583f7caa9ee65f6efdb95ce4b6f5987f,
2212493,PRC_M2M5U0V7T2S8S1Q5R2N2N4L9M4L4J3,2026-04-23,294,295,171,3,3,171,3,3,117,true,true,171,3,3,true,295,0,web_repair_pass,2026-10-01T12:02:54.965Z,2026-10-01T12:06:47.422Z,92427fef46512f93fac43e7752f4338c9cf9d58a424ff3752d0ad7551d239a46,cd4d50f9f494129ca9264e7299a91ad597285543d73ce5ae2d861cf2c6ff2415
2212504,PRC_W2V5E0C8E0C6L2H2H0D3C5B8H4H5Q1,2026-05-07,285,286,166,0,0,166,0,0,119,true,true,166,0,0,true,286,0,web_repair_pass,2026-10-01T12:02:48.612Z,2026-10-01T12:06:34.524Z,d4afa3ed99df37eeab68e964fc7e03931e38a4ea1398d0c78ee187cfb66521b9,764a6d5c77b3ea7c7164f72568c9c8b0316c1ad38f965adc05c93769e61a7e9b
2212527,PRC_D2C5Z0V8V0D6C2Z1I5G4C2B2K6J3G9,2026-05-07,285,286,167,0,0,167,0,0,118,true,true,167,0,0,true,286,0,web_repair_pass,2026-10-01T12:02:48.533Z,2026-10-01T12:06:34.379Z,98c864c5063fea3bb6a34af6c6c2363687a9b303ac9dabaee23f9478c23e07f8,6ce258fc5a51d746b188dcc3663498189e5b8479f83dcbd0fa9bb639839d97a1
2212546,PRC_L2J5K0I8J2I7P1Q1O2P1N2M6M8U0V7,2026-01-15,295,296,208,0,5,207,0,5,83,false,true,208,0,5,true,296,1,web_repair_pass,2026-10-01T12:03:13.867Z,2026-10-01T12:07:28.894Z,6fd05a45a8de33e416f0c8fafa72a9b3abba3119822912c428c5cae944d38fb2,2eba542947a3b13d8f843ced9f7748e8b007f27d6a4e5353d9a27df50753de94
2212553,PRC_V2V5U0C8C2A7C1A1A3Z7G4H2G0G3E7,2026-01-29,295,296,221,0,0,221,0,0,74,true,true,221,0,0,true,296,0,web_repair_pass,2026-10-01T12:03:11.452Z,2026-10-01T12:07:24.209Z,aa010c8ea6e670591495166f9a4961e72a37d95fcc6a4d485f010d9963caf11c,1d9cb303b74114b43066b0f8ea4583968ea54a0918d1ab1d235612df564eaf34
2212574,PRC_Y2G5F0D8C1Y9Z1X4W1V9D1E1C9B0F6,2026-02-12,295,296,155,0,0,155,0,0,140,true,true,155,0,0,true,296,0,web_repair_pass,2026-10-01T12:03:06.990Z,2026-10-01T12:07:14.393Z,b2a2aa9e620e46d5f931655f197175b282a90c89ac358aa23773c93bfb020632,9b87cd294ae6ffae416f14dfd69c41d9c193b24ec093d9443784817de6828c10
2212630,PRC_W2Y5Q1R2S0D2H2I2C5C0X1V4Q4M5U3,2025-12-02,298,298,249,8,6,249,8,6,35,true,false,,,,,298,0,api_only_pass,2026-10-01T12:03:19.426Z,,a7bff4ebb0886a86ee2dc3b478e26f474b043da9ab9f9b40cf1943bf6b73d754,
2212631,PRC_J2N5P1G2V0W2X2A2U5U1P0Z5R8G4W0,2025-12-02,298,298,254,1,6,254,1,6,37,true,false,,,,,298,0,api_only_pass,2026-10-01T12:03:19.343Z,,ead698d48ed8587df390c105f17e6a81c32193610f918911b33d2d6c4dcb5d8f,
2212632,PRC_B2E5B1U2S0W2L2Y2L5X1Q5U0Y1Z1S1,2025-12-02,298,298,255,0,2,255,0,2,41,true,false,,,,,298,0,api_only_pass,2026-10-01T12:03:19.269Z,,6f667e94b7fa2bfe41122781fdda74b44c8ce8c7593a271288a1305cfca49ba8,
2212654,ARC_R2P5Z0Y9X0H3Y1V5U3R4A1C3K2N9V9,2025-12-02,298,298,245,0,0,245,0,0,53,true,false,,,,,298,0,api_only_pass,2026-10-01T12:03:19.267Z,,6c9c2f6d63db8690eab2b48836296704ab12aeee19a8165fcf80c7d950665a42,
2212656,ARC_E2Y5C0U9J0G3O1R5N3R3W5H7U4C6K2,2025-12-02,298,298,168,85,1,168,85,1,44,true,false,,,,,298,0,api_only_pass,2026-10-01T12:03:19.193Z,,77e909e78bbe79a8c984d6c867e1ce13896c6f235c4d437f41f8ad11aa55f294,
2212657,ARC_V2V5G0T9P0R3K1P5D3S3R5V0F9B4L5,2025-12-02,298,298,231,0,4,231,0,4,63,true,false,,,,,298,0,api_only_pass,2026-10-01T12:03:19.095Z,,fb466bc256aad856b71c345309423e1fc679aff5d50951eb98c099415f0b2d12,
2212658,ARC_M2F5U0D9P0A3X1S5R3A4N1H0W4N6N8,2025-12-02,298,298,233,0,3,233,0,3,62,true,false,,,,,298,0,api_only_pass,2026-10-01T12:03:19.077Z,,819f3e4061224d6226cbe9c1884835a6231fea03f09cb6c898369152066cb969,
2212660,ARC_D2S5L0Z9U0M3W1K5G3R4H0C7E9O6F7,2025-12-02,298,298,171,84,1,171,84,1,42,true,false,,,,,298,0,api_only_pass,2026-10-01T12:03:18.967Z,,55e73672db8138dc7f9f624aacaa1037cbe6785659d3851c3174cab11d69b6e1,
2212663,ARC_A2S5K0C9H0P3Z1G5X3B4X0F2N7T1S6,2026-05-07,285,286,210,0,1,210,0,1,74,true,true,210,0,1,true,286,0,web_repair_pass,2026-10-01T12:02:48.483Z,2026-10-01T12:06:34.243Z,9cc1fdbd0e968e775a8347ff082ecaf500a5fd410cb83010a1ce0a68518f3142,b1250792dfd6c665f9f95c979984a05e6019cabca642204d92c06a02a0c6cf95
2212667,PRC_D2N5L0P9G0C3D1Q6P1R0O3I6B4V3I0,2025-12-09,298,298,266,0,0,266,0,0,32,true,false,,,,,298,0,api_only_pass,2026-10-01T12:03:15.228Z,,d38b3b71d8b01c7c399c5cd442733069f7a3fa4f0c810152083f6b93b11b3903,
2212668,PRC_M2N5R0C9J0Z3J1U6M1S1D0D5N9P6B9,2025-12-09,298,298,271,0,0,271,0,0,27,true,false,,,,,298,0,api_only_pass,2026-10-01T12:03:15.078Z,,4e325fb45906cb2e270e0404c9cbe50913ecb4a38274d8b1ea5f4e96db9fdbc6,
2212669,PRC_P2C5R0Z9V0C3E1S6Q1N1V3N3C9J5R0,2025-12-09,298,298,270,0,0,270,0,0,28,true,false,,,,,298,0,api_only_pass,2026-10-01T12:03:15.017Z,,ac187c7574a05b60a1361802cfe72243ac161726ec95fd5c35b955c1f980c66f,
2212670,PRC_G2G5Y0J9W0F3N1L6A1K3I2K2M8F1D5,2025-12-02,298,298,243,0,0,243,0,0,55,true,false,,,,,298,0,api_only_pass,2026-10-01T12:03:19.023Z,,bf1b666b748612d4ce3094c63a18262c8d96ae467b0cc58a0036dd902eba5b24,
2212691,PRC_X2X5W0W6U3V0D1E2C1C9A3B7Z1H0I1,2026-03-31,294,295,195,0,1,195,0,1,98,true,true,195,0,1,true,295,0,web_repair_pass,2026-10-01T12:02:59.671Z,2026-10-01T12:06:59.013Z,2447a501be6dba8131a1961cd70f3277e6530eea0d28e482a0146b6ca0761735,a6e2a3f573a998793f3102fe8c625d73466e1425c0ebcf1624bea3fa2dddf0b2
2212717,PRC_I2O5N0M9L0H4G1F7E2K4J3I1R0Q4N5,2026-08-20,284,299,125,54,2,117,50,2,115,false,true,125,54,2,true,299,12,web_repair_pass,2026-10-01T12:02:39.602Z,2026-10-01T12:06:14.535Z,7dbd2bd5bd61319ef2894a82493816dc204a896823148630329f1ff4cc414ac4,99fab396c6a5aefd1228a93009b603387b43bb64505a8b491791506c3edf23cf
2212723,PRC_D2W5T0B9K1U1M1I5C3J8P2I8W8J8R7,2025-09-11,298,298,168,0,0,168,0,0,130,true,false,,,,,298,0,api_only_pass,2026-10-01T12:03:29.558Z,,1fd7f38a326d3b7267af57d09b9ab938df0775496bd77f93e0066966ee469767,
2212724,PRC_W2L5V0D9A1S1W1T5G4F4S1Q8N7B6D8,2025-09-11,298,298,164,0,2,164,0,2,132,true,false,,,,,298,0,api_only_pass,2026-10-01T12:03:29.524Z,,9ae78c9023143ebfc38e2e5fe79cb43f79b0e0fa4d6000e32ad88548ce8af022,
2212725,PRC_V2S5J0Q9A1N1Z1A5M4K0Z2N8Y2F3L7,2025-09-11,298,298,168,0,0,168,0,0,130,true,false,,,,,298,0,api_only_pass,2026-10-01T12:03:29.462Z,,309c14fe53d54fd9e227ea2fb09b8448e21dfda1d927a5f3e662d5e56fa28b5f,
2212760,PRC_W2X5W0U8D1K1I1H4G3C6B5B6A1Z6H9,2026-04-23,294,295,217,0,0,216,0,0,78,false,true,217,0,0,true,295,1,web_repair_pass,2026-10-01T12:02:54.737Z,2026-10-01T12:06:47.411Z,5b54597e537bbea5af33e31caf7e867abce64dd180610385b05e170922dc04ba,0f6d7779bf6ca0d2d2177171fd017e42804e02173cf0de70800a624e296e4266
2212770,PRC_R2R5P0Q8P2W9T1U6B1C3B3Z5Z4Y9Y2,2026-08-26,284,299,216,0,2,204,0,1,79,false,true,216,0,2,true,299,13,web_repair_pass,2026-10-01T12:02:35.249Z,2026-10-01T12:06:05.595Z,4536c7fec19616c7107ef9c3169e42b76e4dd4783f0072ad193e7e85bb9c56e5,ab5cb593292b8f4898b0875ffa53e96a3292e089582d7f00151769fe4ee105c5
2212829,PRC_C2J5I0G9L0Q5N1J8G5F3N4N2M7S5R6,2026-01-29,295,296,194,0,0,194,0,0,101,true,true,194,0,0,true,296,0,web_repair_pass,2026-10-01T12:03:11.377Z,2026-10-01T12:07:24.021Z,5488d39e8f1557067badcb3e1edd7db45cb603e000b80e1dfccf5208c5b4576f,169df3550a63a392c519413a5f882c50fa934837af03ab05ddfc2e411ad47d71
2212839,PRC_Z2Z5Y0E9D0C5B1J6I5H3G5O8N6M2L3,2026-03-12,294,295,180,0,0,179,0,0,115,false,true,180,0,0,true,296,1,hold_tenure_boundary,2026-10-01T12:03:02.359Z,2026-10-01T12:07:05.106Z,451f661a5a4d92f5c042c32f556fb325347420904d6004556f1a638eb0329f2c,3898221e53c91f6ee5d4adb3e8ea5f4adceb9873dbdc75c5164b67d3b4b62863
2212883,PRC_H2A5A0Y8H2G7O1H0D5R1M1G2T6P6Q8,2025-10-26,298,298,255,0,3,255,0,3,40,true,false,,,,,298,0,api_only_pass,2026-10-01T12:03:27.213Z,,b1bc7c40d88024b14d8fd5639620b2955f73edce826990ff80a0604fafd0740d,
2212884,PRC_E2U5D0F8Y2Z7T1C1O0Y2P0P3K7Q5B9,2025-10-26,298,298,253,0,6,253,0,6,39,true,false,,,,,298,0,api_only_pass,2026-10-01T12:03:27.194Z,,bee5dfb1d958aac52e977e2b71fabefcf0a1e19da7591d4ad2b112fcc08d7c9d,
2212885,PRC_O2I5K0X8U2M7Y1J0R3L4R3B9I2B4K4,2025-10-26,298,298,255,0,0,255,0,0,43,true,false,,,,,298,0,api_only_pass,2026-10-01T12:03:27.042Z,,fc46968cc6c50c7abe3f0af16d96e622c97ea47910a64561ed0477de263c14c1,
2212886,PRC_C2N5M0H8C2J7B1K3S5U3P2T9L3B0A9,2025-10-26,298,298,255,0,5,255,0,5,38,true,false,,,,,298,0,api_only_pass,2026-10-01T12:03:27.045Z,,ee7b8c15bd98eb54985a23c0c5beef16d426fa66d3debd9a0579213f6d52fca5,
2212887,PRC_Y2Q5C0B8C2X6B1Y1A1H8R5O5K5D7Z8,2025-10-26,298,298,258,1,2,258,1,2,37,true,false,,,,,298,0,api_only_pass,2026-10-01T12:03:27.011Z,,23e72ae6636bd78f51ea7b9421592231b2ddcad7fcde52815bd6549d1dd9dc37,
2212888,PRC_R2C5V0B8A2T6G1A1B1S4H0N3T4G9K8,2025-10-26,298,298,249,1,3,249,1,3,45,true,false,,,,,298,0,api_only_pass,2026-10-01T12:03:26.894Z,,71d4161598e03d8e127d3ef0fdc1464ea3a9000e17a1ef115d7b8c2802002085,
2212889,PRC_Z2R5B0F8I2N6J1Z1W2O1V1R7A8I5M9,2025-10-26,298,298,257,0,3,257,0,3,38,true,false,,,,,298,0,api_only_pass,2026-10-01T12:03:26.891Z,,dcc43619bc0baae13c0e9e2c69364a7043c799f376f655f6c29ffac8366b0e9d,
2212890,PRC_L2N5R0K8F2J6K1Q3K4O0N4L1F0U0K3,2025-10-26,298,298,254,0,3,254,0,3,41,true,false,,,,,298,0,api_only_pass,2026-10-01T12:03:26.855Z,,df9ee45d1826dc7bed451f6c091ce754fee6252bfd3aa380ebb7b2a21f14a9fa,
2212891,PRC_T2A4P1I1G2V0K2C1I0X1C0M4I1Q4H3,2025-10-26,298,298,256,0,0,256,0,0,42,true,false,,,,,298,0,api_only_pass,2026-10-01T12:03:26.732Z,,21e2c9b716673259a726ca3db282aa113e0e4b59c75df89a1ac27d16fc9ea2ee,
2212892,PRC_U2Z5Y0D8L2R6H1Z2I2X8R0Y8F0U1R3,2025-10-26,298,298,256,1,2,256,1,2,39,true,false,,,,,298,0,api_only_pass,2026-10-01T12:03:26.709Z,,f113dc363bbaec367b9ba3ac3df6d07438a50b685958fe951f0af613d182762b,
2212893,PRC_P2M5L0O8G2H6A1G2L2J3B5U5Y6Z8R0,2025-10-26,298,298,260,0,1,260,0,1,37,true,false,,,,,298,0,api_only_pass,2026-10-01T12:03:26.723Z,,0e819b283c1f666390ab5064ad0b538246718f135b6650d69a711ab000ec4ff9,
2212894,PRC_Z2N5S0V8K2B6I1M2G2Z4A5D9U2O3R7,2025-10-26,298,298,262,0,0,262,0,0,36,true,false,,,,,298,0,api_only_pass,2026-10-01T12:03:26.576Z,,bf80d44a2f6e23a6cc17df6c42ff3d807ad3d11e21143872a97aeaaab3fe2d08,
2212895,PRC_L2A5K0E9E2N5O1B5V2K3T5B3H7H3I7,2025-09-25,298,298,195,0,7,195,0,7,96,true,false,,,,,298,0,api_only_pass,2026-10-01T12:03:29.423Z,,7290198d68f9633ba4c0174d1f886bfe5a50f0a00378c1135f9384508516071a,
2213004,PRC_O2M5V0U8T1R9Z0Y9Z2Y3H5F7E0C8Z4,2026-06-18,285,300,226,9,14,215,8,13,49,false,true,226,9,14,true,300,13,web_repair_pass,2026-10-01T12:02:42.499Z,2026-10-01T12:06:21.168Z,d9ffaf5c8ff3cfabffff62387c620ecbfd9626742b6d4d60f180caed2ff36077,a2118b87103d6b4cb6776793a2ea26e44aba5eda68dba125bc500c8d7d115d36
2213011,PRC_W2S5K0R9Q1T6J1N3R3W9J1D8M2X4J5,2026-08-26,284,299,152,74,1,145,68,1,70,false,true,152,74,1,true,299,13,web_repair_pass,2026-10-01T12:02:35.126Z,2026-10-01T12:06:05.391Z,3d472e9adbc2a86aea6628e1f9a953714ba2b088ced53fecf18d1be746a46299,b0ad1a9d4649351c24336f3616929abe2c0ea889e32d29a9fa48131396b898e2
2213036,PRC_Y2W5V0W9F1D1B1A0I4J7I3H8F4N3O9,2025-12-02,298,298,238,2,12,238,2,12,46,true,false,,,,,298,0,api_only_pass,2026-10-01T12:03:18.937Z,,b08b04aed57c680b50d4bbdc83025a6fcdd4c2193e494e665781879db20f258b,
2213043,PRC_W2V5D0B9A1B5A1I1G5H0G1I0G5O3N1,2026-05-07,285,286,208,0,0,207,0,0,78,false,true,208,0,0,true,286,1,web_repair_pass,2026-10-01T12:02:48.528Z,2026-10-01T12:06:34.178Z,c1b7657e6c87550ecaab6f5d3d676fbd74950e534bed077a7a0c15ae7c7d2374,4f9c52a12b944e1504208c144dd8965c6751b7e50cc93ba426861e7b822598f5
2213066,PRC_M2N5W0U8T2R1A1Y4Z3Y7W0S1R2S1Q2,2026-03-31,294,295,192,0,1,192,0,1,101,true,true,192,0,1,true,295,0,web_repair_pass,2026-10-01T12:02:59.621Z,2026-10-01T12:06:58.881Z,756fb1134d876c6546a8d34fab78f66fcd45510b6ac0febae3330850e0a85d7d,6b5c4a5b1a412e510c055a1c881fc566b91d5757a9e57906493e5d2f97f4ce54
2213108,PRC_M2I5I0G9H0G2G1F5M3N5M4M2K5J1J8,2026-05-07,285,286,167,0,0,167,0,0,118,true,true,167,0,0,true,286,0,web_repair_pass,2026-10-01T12:02:48.388Z,2026-10-01T12:06:34.040Z,32088caefa5101bc77fdfb6f2fa7a869893fccb02a12f37318f9b4caad3f726f,f21bca45c85685705a558cbff1de02f68b99d879a5f88663383ae5e78a2f885e
2213117,PRC_X2U5T0U9J1I8H0F8O2M7N5M3K4S7R2,2026-01-29,295,296,221,2,14,221,2,14,58,true,true,221,2,14,true,296,0,web_repair_pass,2026-10-01T12:03:11.308Z,2026-10-01T12:07:23.960Z,98051e6ae1a7d66fd4314d526ea63967c3cec864736bc955b474a4e28d41b515,834b1991bc852466a776b625ce9019012d2973faa64276740c786c9455315602
2213165,PRC_O2I5J0R9Y2F2G0H9D5B0E2M4P3V7T5,2025-09-25,298,298,260,0,0,260,0,0,38,true,false,,,,,298,0,api_only_pass,2026-10-01T12:03:29.391Z,,618bdcc589610831c3dccf7e6a57d7fa204bbdda2d2c5cbdc3f2589f01749135,
2213196,PRC_Z2X5G0D9P2L2E1L6G1Y2X5H7K0O6C1,2025-09-25,298,298,260,0,0,260,0,0,38,true,false,,,,,298,0,api_only_pass,2026-10-01T12:03:29.322Z,,e573268d44702438abfaca88423aa6533bebf5458d4d7444ef5624e5b4742e5c,
2213212,PRC_C2B5J0I9H1F7O1M6N2M1K0G2F8G2E0,2026-02-12,295,296,157,0,0,157,0,0,138,true,true,157,0,0,true,296,0,web_repair_pass,2026-10-01T12:03:06.930Z,2026-10-01T12:07:14.275Z,c03f17e227eda01bc0067a47b0da862b7cc8860c5870af2f29705416512524c6,305178a6ec7f4c8036074387226beff5727d2d3966c06e25a80eaf62d2bc61d4
2213215,PRC_I2J5H0P9Q2O3O0M9N3M9M5U3U2S1S3,2025-12-02,298,298,247,0,2,247,0,2,49,true,false,,,,,298,0,api_only_pass,2026-10-01T12:03:18.838Z,,541629bbef047b9119a5934896c718ac5798221ca1d360349032580938e0a21d,
2213222,PRC_P2N5N0V9V1U7S1T4R2S3A0A3Z7Z8Y5,2026-03-12,294,295,185,5,12,185,5,12,92,true,true,185,5,12,true,296,0,hold_tenure_boundary,2026-10-01T12:03:02.158Z,2026-10-01T12:07:05.103Z,c29b90b1452d554e6144b7f6f6ee840bf9bcf5812579cfcd428c20bf094240fa,e1ed0f0dbeb986016b595f10078caf76c4366505b5f2142b484701c817666dd6
2213229,PRC_V2U5G0F9U1Y7Z1C4D2T1V2X1Z2X6T5,2025-09-25,298,298,213,0,5,213,0,5,80,true,false,,,,,298,0,api_only_pass,2026-10-01T12:03:29.285Z,,3479ea8b8f274886f65d261c8ef02e6d50ae2d58ee90c4e90f5acf5e7d980b53,
2213230,PRC_A2G5H0B9G1Q7M1P0S0B9N5X3V4E1Y0,2025-10-26,298,298,246,2,4,246,2,4,46,true,false,,,,,298,0,api_only_pass,2026-10-01T12:03:26.569Z,,fc43a12e8b3c35671ffd63aa47b7973b41676ef50e2608ca2bec7440abb4bcd1,
2213232,PRC_A2I5L0C9U1W7S1S4C1E6D1F0L7N9M0,2025-10-26,298,298,250,1,2,250,1,2,45,true,false,,,,,298,0,api_only_pass,2026-10-01T12:03:26.547Z,,5539ba4d593cca95cadd7e0ee64a860d175edce7ef97db65f82189f270bac15c,
2213233,PRC_L2L5Q0A9T1G7H1K0R1Y1B4H0E7B3H0,2025-10-26,298,298,254,0,3,254,0,3,41,true,false,,,,,298,0,api_only_pass,2026-10-01T12:03:26.424Z,,e242fee17a9769d4c11226cf0179188a02436d05ab8656202239edd8b7c4bba5,
2213234,PRC_T2B5O0H9C1M7J1L4T1M5N1F3R8Y3P5,2025-10-26,298,298,253,1,2,253,1,2,42,true,false,,,,,298,0,api_only_pass,2026-10-01T12:03:26.444Z,,4159cbeba1b579e3b34bcbac7c3cfced068fb54b7a81274e84f4799b14dbad08,
2213235,PRC_F2U5E0V9T1P7H1K0R1B0L4N4T0O8X9,2025-10-26,298,298,250,0,4,250,0,4,44,true,false,,,,,298,0,api_only_pass,2026-10-01T12:03:26.405Z,,d526fa815d00358fc1c801a2fc1494abe1dadd7fb1349880d71f97203784700c,
2213236,PRC_O2E5Z0I9P1A1I0S8K5T3A0J2C9F5W7,2025-09-27,298,298,176,1,0,176,1,0,121,true,false,,,,,298,0,api_only_pass,2026-10-01T12:03:29.186Z,,5a74b2d1601e730b3f7e2c63bb49311d4109f793a7845299ed289351baa0854a,
2213237,PRC_N2J5C0Q9I2M9R1O7B5T2V3C6D7P0U5,2025-09-29,298,298,175,0,1,175,0,1,122,true,false,,,,,298,0,api_only_pass,2026-10-01T12:03:29.118Z,,dbb316dbe95eaf26408ad39d0f29925b2b0decbc5b38476657d90ad41d9e65cb,
2213238,PRC_G2R5B0M9N2C7C1B8C5B6V1D9D6N2B4,2025-09-28,298,298,180,0,0,180,0,0,118,true,false,,,,,298,0,api_only_pass,2026-10-01T12:03:29.148Z,,049ca7adb7e2da53c5c4f8faef36840319c82c3232f6ef3baf4804ea3422e451,
2213239,PRC_Y2Z5F0U9Y2N3L1N9N1I7Z2V1H8F9O1,2025-10-26,298,298,179,89,1,179,89,1,29,true,false,,,,,298,0,api_only_pass,2026-10-01T12:03:26.270Z,,8821ca93b20ae128435e809a508d99c69d445e896c316ab4d15d32f9fb095a0b,
2213240,PRC_Z2S5T0Q9H2C3J1R9N1G1F4V0V6I8Z5,2025-10-26,298,298,181,84,2,181,84,2,31,true,false,,,,,298,0,api_only_pass,2026-10-01T12:03:26.263Z,,78d392e650636afd990a0e12c068ee2bade6758b85ef2530179fcd7b03232cb1,
2213242,PRC_Z2R5K1C0D2Q4Z1H6U5Q1X3B3C4V3P9,2025-10-26,298,298,200,42,20,200,42,20,36,true,false,,,,,298,0,api_only_pass,2026-10-01T12:03:26.260Z,,8f2b6b0962103b5c87e6464b442013fb1fa4ddb31f871dc636fa770e55145a3d,
2213243,PRC_R2R5I0H9I2A2B0V8B5N9U2W0C8R0I2,2025-10-26,298,298,188,42,25,188,42,25,43,true,false,,,,,298,0,api_only_pass,2026-10-01T12:03:26.132Z,,0a6e51ce9b3e0633135731af842b2164cb853a6a291d33b09b1c14db73c888f4,
2213244,PRC_G2L5C0O9X2I2S1F7Y1M9X5H5X9Y8P4,2025-10-26,298,298,240,1,12,240,1,12,45,true,false,,,,,298,0,api_only_pass,2026-10-01T12:03:26.114Z,,832c1e8ebf942c53fed9b4024b2f4e13dfdf8e490a6bf47f261d911f1283ea0b,
2213245,PRC_A2D5R0B9W1E8V2X0K2M4M1T2Q1B7Y3,2025-09-29,298,298,178,0,0,178,0,0,120,true,false,,,,,298,0,api_only_pass,2026-10-01T12:03:29.049Z,,46140c09479f9ba0755369b08f058b19906457c82e864250280b0b3dda0ab739,
2213246,PRC_X2E5T0T9N1E6K2B0E0P2K4G9P9A5T8,2025-10-26,298,298,194,34,27,194,34,27,43,true,false,,,,,298,0,api_only_pass,2026-10-01T12:03:26.100Z,,75d05390bad02d96f9e241958718b5b004fe30287f830ab39ba846df45d84a96,
2213247,PRC_B2H5F0D9Y2U5F1U3U5S2A2N4C1D6A9,2025-09-26,298,298,176,1,3,176,1,3,118,true,false,,,,,298,0,api_only_pass,2026-10-01T12:03:29.247Z,,e8eefc70ffa7e21bff5f54fe609a1cdf41f7f85787235a2a273ddf83d38b5009,
2213248,PRC_T2Y5R0U9R1Y7J1V2F4L3O1Q5D7H7L0,2025-10-26,298,298,252,0,5,252,0,5,41,true,false,,,,,298,0,api_only_pass,2026-10-01T12:03:26.004Z,,146758039ed33bc0d86347b0df7831800587ab93facaf073012b900a007a68f4,
2213249,PRC_H2K5I0A9D2C3I2L2Q1W5L0P6I2Z0V8,2025-10-26,298,298,259,0,0,259,0,0,39,true,false,,,,,298,0,api_only_pass,2026-10-01T12:03:25.980Z,,c4d1bdcf95e7a015dc8ccd4e521125cb80726da9c83d9413c8d21549cd95e535,
2213250,PRC_K2X5N0J9B2D3W2F2V1D8F3R2K1I5F4,2025-10-26,298,298,260,0,1,260,0,1,37,true,false,,,,,298,0,api_only_pass,2026-10-01T12:03:25.952Z,,5ef575bdbc799e31693f0c2fc332be78a5e51e7bc6e0e3cca45f3e1885b03ec1,
2213251,PRC_C2N5Q0M9J1X7J1J2U4V6T5Y0Z4T0H4,2025-10-26,298,298,252,0,4,252,0,4,42,true,false,,,,,298,0,api_only_pass,2026-10-01T12:03:25.806Z,,94a0bb5fb4792201bf5297189049fac9e379e8f23688ef1dbdb8b551585a4e56,
2213252,PRC_M2V5H0B9O1J7E1N2B4I5A4Q6Y1X1V2,2025-10-26,298,298,230,6,13,230,6,13,49,true,false,,,,,298,0,api_only_pass,2026-10-01T12:03:25.835Z,,d611b50af343144e82a9bc3de588df69db98eb78714885eb4c0492770990681e,
2213253,PRC_D2M5H0X9A1W6T2H0B0V9O3B8P6S2N9,2025-10-26,298,298,242,2,8,242,2,8,46,true,false,,,,,298,0,api_only_pass,2026-10-01T12:03:25.831Z,,98790b006fc4c1e1b9c6aa25139ee14445dfdd5342c1e9c362653e3970ab63aa,
2213254,PRC_Q2D5E0A9I1D7G1W2L4X1H2H8X8B9H2,2025-10-26,298,298,231,12,9,231,12,9,46,true,false,,,,,298,0,api_only_pass,2026-10-01T12:03:25.674Z,,8221f4a049fd1e7e24f0d716ab8f241b71ba297630df87ef2d5294d6d048ba51,
2213255,PRC_D2H5X0R9Y1X6N2K0G0L8Z3A9K3T5S0,2025-10-26,298,298,250,1,3,250,1,3,44,true,false,,,,,298,0,api_only_pass,2026-10-01T12:03:25.678Z,,a79c9a9a9a72a58b3eab8d517ea4071a68fcfee7f29c2c988d9438ab4ea56faf,
2213256,PRC_M2H5L0T9P1W6E2K0X0J1D0U9J8J3E9,2025-10-26,298,298,196,34,24,196,34,24,44,true,false,,,,,298,0,api_only_pass,2026-10-01T12:03:25.653Z,,4c93ce7f0854b6bac3c73d17fbd6f6fa9fbc749cfafed419e037b35bdf8a2edf,
2213257,PRC_L2Y5X0B9R1J7K1L1B4Y8J0P0B1M6E0,2025-10-26,298,298,253,0,1,253,0,1,44,true,false,,,,,298,0,api_only_pass,2026-10-01T12:03:25.524Z,,076043114883f49347da79de981c11294bdd9ea6d88b3ae406155baa8c991a47,
2213258,PRC_U2B5G0T9W1I6S1A9N5O6H1V7K2M8D6,2025-10-26,298,298,209,29,16,209,29,16,44,true,false,,,,,298,0,api_only_pass,2026-10-01T12:03:25.498Z,,5f19e6a8aff09b32dbec886addb7b63f201c36cb1c6e73e1f25653325552fb78,
2213259,PRC_X2Z5Y0T9K1A7R1I2U4W7Y4Y4P7K5M7,2025-10-26,298,298,257,0,4,257,0,4,37,true,false,,,,,298,0,api_only_pass,2026-10-01T12:03:25.527Z,,e587c91bca11673864613a31a53cc254ca4884aa32d65aa5729ba8d626348caa,
2213260,PRC_M2S5U0L9O1K7H1V2G4G4H4J4E6Y3N5,2025-10-26,298,298,256,0,1,256,0,1,41,true,false,,,,,298,0,api_only_pass,2026-10-01T12:03:25.373Z,,08af0b0602ca8a4458754befa181d7a4b04e6745ae7cc5fa605ce46d0dc49551,
2213261,PRC_A2A5D0E9X1J6G1Y9Z5K9G4Q4Z3B7E2,2025-10-26,298,298,200,26,25,200,26,25,47,true,false,,,,,298,0,api_only_pass,2026-10-01T12:03:25.353Z,,71057db45e3cba44eb1b2db81130a4ccf9f6a106386d714778716b98c5b7775e,
2213262,PRC_M2R5R0E9M1M6L2B0S1N0R3J0Y3A3T5,2025-10-26,298,298,251,1,3,251,1,3,43,true,false,,,,,298,0,api_only_pass,2026-10-01T12:03:25.243Z,,7124dffc2a7e191730ec5cd3b7a3f9c5f652a1a9d1e457e67677d298a0bcb940,
2213264,PRC_D2M5P0A9F1G7E1V2M3Z8N4F9J7Y7O0,2025-10-26,298,298,254,0,3,254,0,3,41,true,false,,,,,298,0,api_only_pass,2026-10-01T12:03:25.248Z,,8f9f00f180e56125fd6486bc0e0c09019eae18c358407f4e434b37679c7efab8,
2213276,PRC_B2K5X0X9N2N5E1C1O1X2J1I0R1I9W0,2025-10-26,298,298,173,76,6,173,76,6,43,true,false,,,,,298,0,api_only_pass,2026-10-01T12:03:25.203Z,,109257a236a34d2f5e9d4ad5b771c8cda244022d77efbd637b7005fa97c2d8fd,
2213318,PRC_M2M5I0J9H2H4G1E4F2N8O0M8M5L0J8,2026-04-23,294,295,196,0,1,195,0,1,98,false,true,196,0,1,true,295,1,web_repair_pass,2026-10-01T12:02:54.714Z,2026-10-01T12:06:47.242Z,f087502c264b9f3ccda3399f77bc7cfbfedddb88ec954ed1ff71dc082df86cd2,040428996cc211644290006d447135b57740000c308301c829b0b191072aa209
2213323,PRC_D2C5B0J9H1I1H1F1N4M4L0L3O6N7U5,2026-09-17,283,299,197,1,2,186,0,2,95,false,true,197,1,2,true,299,12,web_repair_pass,2026-10-01T12:02:32.497Z,2026-10-01T12:06:00.747Z,c0e388724016cfc5e0ae8a4cf4653e58e69f55738986af5e34e1ddad97b5277a,fa6de4d93db317236c5c89db0c1c7e6aa199940b43712dc1e9af9e5f47e92242
2213325,PRC_R2S5Q0R9M2N5L2M1K0L1J3J9S7Q2Q5,2026-04-23,294,295,169,0,0,168,0,0,126,false,true,169,0,0,true,295,1,web_repair_pass,2026-10-01T12:02:54.723Z,2026-10-01T12:06:47.067Z,bfa7cb321842bc6302ccd13ef43cbc1686d3d0125677d392fd75c30e4c15e0bf,7b5185bd8bf5ef104101db133617113f2ccbcc9360323fac797848d63650afdf
2213370,PRC_E2E5J0U9R2G9Y2B0I0A8Q5H0U5N1M3,2025-09-29,298,298,177,0,0,177,0,0,121,true,false,,,,,298,0,api_only_pass,2026-10-01T12:03:29.018Z,,3e2abf2bd0b1927c0428203bc55a15dbc9116ccb5fd13a6539a0bf82ffc333d0,
2213398,PRC_R2S5Q0R9P2Q3X2W0X2V8V4U0V9Q7R0,2026-05-07,285,286,185,0,8,185,0,8,92,true,true,185,0,8,true,286,0,web_repair_pass,2026-10-01T12:02:48.331Z,2026-10-01T12:06:33.902Z,62aa5dade1bb4e8f55fb4d0a164f4508a40af94684717a267dfc99f456543006,dc3f66e7bb0f68d5e0d8fa7707e079eed79be89dc7fcb003b0e6e106d4867bfe
2213426,PRC_Y2R5N1T0G0J1V1W6G0V2Y1G1W0C0Q6,2025-12-03,298,298,252,0,1,252,0,1,45,true,false,,,,,298,0,api_only_pass,2026-10-01T12:03:15.369Z,,1cf9b6eba83e3b5690fb948fbe81227a6ee06d924283e7df4c0c07397883c97d,
2213439,PRC_X2H5N1C0L0X1X1W7R2G1P3S4S8Q5K4,2025-12-03,298,298,242,5,5,242,5,5,46,true,false,,,,,298,0,api_only_pass,2026-10-01T12:03:15.341Z,,8d2b8a5b56f85df0fae42b6be3f3422d75b1ba32d858b4ce763139d4774cd7a6,
2213440,PRC_O2S5L1M0H0B1G1N7R2I2G5Z3V9T8M5,2025-12-03,298,298,243,2,6,243,2,6,47,true,false,,,,,298,0,api_only_pass,2026-10-01T12:03:15.225Z,,5aebd6e3cff73e3a1bc09c24e8033c3fdb2d46e0fb5447387d6d05b041cd39e6,
2213444,PRC_C2B5B0Z9A2V9W2U0V5T5U4S2T0B7Z1,2026-04-23,294,295,173,0,1,172,0,1,121,false,true,173,0,1,true,295,1,web_repair_pass,2026-10-01T12:02:54.539Z,2026-10-01T12:06:46.987Z,0a23831cfcc7eaeabad2ee1a0ed1bae16adf0f3a87f03fa51f68eec81f47792e,68e53ad61083d530bc96d4fa7456bada573cb3406ed869da5c11064dda9b29eb
2213456,ARC_X2K5C1R0X0K2T1Z0D4L2Y3X3D5U9B2,2026-03-12,294,295,200,0,0,199,0,0,95,false,true,200,0,0,true,296,1,hold_tenure_boundary,2026-10-01T12:03:02.327Z,2026-10-01T12:07:05.123Z,cc61da59cc8156e1cd39c331a95621f8897dfc4ff6249fa9c8a5ac986e9919d8,b6c29f2afe9316fa8dba636c2cfd414c0c011c31d137b727f9e9aeda19bd6e39
2213457,ARC_Y2H5E1W0D0C2T1D0K4S8S1W2L2Y1I2,2026-05-07,285,286,215,0,1,214,0,1,70,false,true,215,0,1,true,286,1,web_repair_pass,2026-10-01T12:02:48.346Z,2026-10-01T12:06:33.839Z,c8886e7cd37553174fc8b02f8f658827458d305ed8f97b15762ed3d0d1931e28,434c97434ce9e9f0c6993d7e7b49aab540f1f7396d3defc18aecb1ffeb3453c1
2213528,PRC_G2O5O1M0N1M0M1K5L2T9R1S2Q9R8P7,2025-11-27,298,298,252,0,3,252,0,3,43,true,false,,,,,298,0,api_only_pass,2026-10-01T12:03:21.705Z,,96f6feaeb40cf618c16045f381d20c22e2595d9e2344f6bc35eb4f3837d34e85,
2213540,PRC_M2M5G0F9E0D9L1I4H4P6O3N9M4V7U1,2026-05-07,285,286,165,0,1,165,0,1,119,true,true,165,0,1,true,286,0,web_repair_pass,2026-10-01T12:02:48.192Z,2026-10-01T12:06:33.703Z,81375652bdd5ecec26dd2039074ae13055837c4451640933a02389c74d0971d0,d1e58ece22a7f5bca33f1c4aa1729419ff4c0818659d48749c49246c75dad4f0
2213549,PRC_B2C5A1A0Z1A0Y1Z0G2H2F2G6E9C4D1,2026-08-26,284,299,205,1,6,195,1,4,84,false,true,205,1,6,true,299,12,web_repair_pass,2026-10-01T12:02:35.137Z,2026-10-01T12:06:05.318Z,ed0bf3952abeb823bb1d8a87cb2f987b9bb9e718dc1c7fd741ac893632e96f93,30e1c6f0f8edca422720099b1dd8316b14736080de9572f199d808b940558ddb
2213593,PRC_S2Q5R1P0Q0O1P1L8J1J1H3J5H8H2P8,2026-07-23,284,299,183,1,2,174,0,2,108,false,true,183,1,2,true,299,10,web_repair_pass,2026-10-01T12:02:40.931Z,2026-10-01T12:06:17.938Z,1161d87a7ef9199170503f763d143ffd5d596b487fcd6e3716c972baffd0195f,830bedab89beb9492aabf7bfc857ee02b63a12edf57d8355b0abac0f8575ebb7
2213601,PRC_T2B5C1A0Y1Z5X1Y0F1G2F3F2D3E4D9,2026-01-29,295,296,212,2,7,212,2,7,74,true,true,212,2,7,true,296,0,web_repair_pass,2026-10-01T12:03:11.250Z,2026-10-01T12:07:23.890Z,f6bee1fbc42f4de80e22fc9b96af58d34dd7550c42cdfb802738eb5206efe691,8c7ee9eb42a5d5c28cf11d083a89ae07a9a5539279365e41dd6bb926a9175993
2213603,PRC_Q2D5C0Y9X1W2V1D6B5A3B3A4I9G3H4,2026-05-07,285,286,176,0,2,175,0,2,108,false,true,176,0,2,true,286,1,web_repair_pass,2026-10-01T12:02:48.179Z,2026-10-01T12:06:33.583Z,b7e481fdb3da882101d585f5f4ee5b75e740f4d5adb87832819ebf342016b0f3,5a79f0be2781b1555bb9ee47587f77f0f3fba4a4e57d7e1830cf473b20304f0e
2213655,ARC_L2Z5J1X0H2O1A1D4Y0I2F1Q7M3O8E4,2026-01-29,295,296,206,0,0,206,0,0,89,true,true,206,0,0,true,296,0,web_repair_pass,2026-10-01T12:03:11.322Z,2026-10-01T12:07:23.698Z,83dc30d6a00bac995e8557a319c70b46de28bec412389eec4facbb7b1f9f7b3c,ca5e422e04a11f9b2cdf972b9b513296b77f284823fbd48dcc8e78a1dd072166
2213682,PRC_K2K5S1R0R1P0Q1P4P1X3X0W7U2V2T1,2026-05-07,285,286,169,0,0,169,0,0,116,true,true,169,0,0,true,286,0,web_repair_pass,2026-10-01T12:02:48.248Z,2026-10-01T12:06:33.496Z,61b059718b44705da9a6185ad2e7b45280d0a9e0b5d8ace2f097c26c70d968ed,ba15e26f4b2a53d1538c4ba11bbeaa37b97e001e1a424a76cb913c2b47f5a7cc
2213715,PRC_D2D5C1A0B2Z4A1H3I5H2H2F1G5E5M6,2026-05-07,285,286,211,0,2,210,0,2,73,false,true,211,0,2,true,286,1,web_repair_pass,2026-10-01T12:02:48.043Z,2026-10-01T12:06:33.393Z,a20432b2f7e15da7345bedf03860bae8b0ba71bb03ab6d48ee0fee1a7376db41,4513d34e4c4c49f5658fb9dd4f3c74104a25636b22f161688d91cfce8898c458
2213720,PRC_E2F5N1N0L1M5K1L6J3F6G5E4F4C2K7,2026-04-23,294,295,167,0,1,166,0,1,127,false,true,167,0,1,true,295,1,web_repair_pass,2026-10-01T12:02:54.552Z,2026-10-01T12:06:46.842Z,dd860ca93230d5c910d7e06509e0c8c28d392cea2cff32c9a116f0b06affbcc7,e915a14f420d98fab893345ece39bf67012dbc3787cfe480fe71005ccb071881
2213751,PRC_C2K5L1J0J2I2G2H0P3P6N2O6M0N4L5,2026-03-31,294,295,210,0,0,210,0,0,84,true,true,210,0,0,true,295,0,web_repair_pass,2026-10-01T12:02:59.531Z,2026-10-01T12:06:58.877Z,918a4d77a4443d84b056d1173e87cc62f5e63d3a12b64a177c17f1647065afdf,63f28634493b2275803cf6c4f967523b5b43aa9f489c4c4bde8592eb4641abd9
2213768,PRC_Q2M5M0K9M0K1K0I9R5R6P3Q2O5P3O9,2026-07-23,284,299,210,0,0,199,0,0,85,false,true,210,0,0,true,299,11,web_repair_pass,2026-10-01T12:02:40.983Z,2026-10-01T12:06:17.648Z,ff33b8b9703e01200abdcfce5f34a8cdc373fa84851a121fc02e68df80340db6,31d808797cde4c77d938a7c0c8fbf4e4564d44ef952323a07656a7337c386f38
2213826,PRC_H2F5E1F0M3N0M0M9K3L3K0F6G9E2E2,2026-04-23,294,295,175,0,0,174,0,0,120,false,true,175,0,0,true,295,1,web_repair_pass,2026-10-01T12:02:54.586Z,2026-10-01T12:06:46.727Z,e1b3564feb4dac8733357a173255dff3e709a94d1ca4f0fa1db158a5b5dfd12c,a10ebd7385428c1e33dda3b451eef2f729e2cbec6856ab6f4292976d80ca11b5
2213834,PRC_P2Q5O1P0N1N2V1W6U0T8T5S4S7A6A1,2026-01-29,295,296,205,0,0,205,0,0,90,true,true,205,0,0,true,296,0,web_repair_pass,2026-10-01T12:03:11.166Z,2026-10-01T12:07:23.562Z,a6ab3ff295cedf1dd507ab92d748e4792a7d440e60e403803c6647c6b3a4b9fe,d164fa0111f0dde8d8d4b655b13675b3ff441551b2528fb65ce48dc27c00f486
2213840,PRC_R2P5Q1P0P3N0O1W5U2V3T0U5S8T2A1,2026-05-07,285,286,165,0,0,165,0,0,120,true,true,165,0,0,true,286,0,web_repair_pass,2026-10-01T12:02:48.030Z,2026-10-01T12:06:33.253Z,1915f989fef6b21b21b710bce25d3e7cdfba43524f24a49953f3d9586dcbb7c9,9607b7138121dfc261b2d280000d3b3fe70ed85b5aeb31bcaf147edac1aa2ea1
2213870,PRC_H2I5G0H7F1G8O1O7N0L9M4K4L3G2H9,2026-04-23,294,295,180,1,3,179,1,3,111,false,true,180,1,3,true,295,1,web_repair_pass,2026-10-01T12:02:54.347Z,2026-10-01T12:06:46.623Z,2de7d0c604f4681d811372c3ddfc2c185d08c325423d8e7fa49d005d74809588,ad619cc200aeff00bb23176892874b52f588885b9e7085601550ee44a1b2beb6
2213872,PRC_D2C5A0B7W1X8V1V7U1V1T0T1B8A8A4,2026-04-23,294,295,183,3,1,182,3,1,108,false,true,183,3,1,true,295,1,web_repair_pass,2026-10-01T12:02:54.360Z,2026-10-01T12:06:46.529Z,63d83874fd9a17336f13f90a3df23bdc04d62df3a953ce9ea8328e6fd3412b36,9105fcfb041d362e43934c430b9e19106a26b14945dda537f9360e392555323a
2213976,PRC_N2L5M1K1L0T5T1S1Q3R4P3Q4Y7Y1W5,2026-04-23,294,295,166,0,1,165,0,1,128,false,true,166,0,1,true,295,1,web_repair_pass,2026-10-01T12:02:54.203Z,2026-10-01T12:06:46.387Z,37ed1ef3b6bf89f97bcb3d056948f2d73442994f8f8b5914d2c913709645ed75,6f7ebc737b6ae758344bb298e96cb6c8148e9f94e26b0f507a6e50d950a1d04f
2214009,PRC_K2J5J1I1I0Q4O1P8N3O2M2N9V9T6U8,2026-03-31,294,295,184,1,2,184,1,2,107,true,true,184,1,2,true,295,0,web_repair_pass,2026-10-01T12:02:59.512Z,2026-10-01T12:06:58.529Z,935c1bc0bf8a55264e4092f70638b78e1276b9c794b02f1897a804b8696968cc,b26e5c36c85246d7495ff1735983d3887fbaeee446faeb5a6a128539bb591f0d
2214014,PRC_M2Q5X0P9H1I0Y1U7F4K0V0F2D8A3X9,2025-11-13,298,298,219,0,2,219,0,2,77,true,false,,,,,298,0,api_only_pass,2026-10-01T12:03:23.558Z,,5eff2d145e44e7aadcb27baaae36650e6101c12ca96b523a5efbde7d8df71924,
2214015,PRC_I2M5M0Y9B1J0J1B7T4U0E5Y7R5C7A9,2025-11-13,298,298,216,0,8,216,0,8,74,true,false,,,,,298,0,api_only_pass,2026-10-01T12:03:23.422Z,,d0ec863e55f41431b00ab743b3e4cc775f85aa67839058215a75e3c3d2e870d9,
2214026,PRC_Y2W5V1V1T0U6P1Q0P3P7N4O0M7U4V1,2025-12-02,298,298,238,2,12,238,2,12,46,true,false,,,,,298,0,api_only_pass,2026-10-01T12:03:18.842Z,,0e442cf67abdcc3f07fcc18c512acdbd784c819606719f02882216d11f980768,
2214052,PRC_A2G5Q0I9N2M4U1Y2G3L2H0U4K2X5B8,2025-11-13,298,298,157,0,0,157,0,0,141,true,false,,,,,298,0,api_only_pass,2026-10-01T12:03:23.396Z,,bd87cf6984f56aba2e499aeddfe4d78340e1d274ef4bb70fe5209a1ecdd5e0b4,
2214053,PRC_N2T5W0J9Q2R4L1O2Y2H9R2P0B6U8H7,2025-11-13,298,298,151,1,2,151,1,2,144,true,false,,,,,298,0,api_only_pass,2026-10-01T12:03:23.355Z,,713099095cab01d2688050dbb2d2854a45209f1cf03ba0c4d80c0d032d1bd432,
2214054,PRC_X2G5E0T9U2C4G1M2C3Z0H1N0K2S6G6,2025-11-13,298,298,156,0,1,156,0,1,141,true,false,,,,,298,0,api_only_pass,2026-10-01T12:03:23.230Z,,ed6e64df7b6be42cea3b25b28547a1e1fc90f8bce15dda331c57076653be8fbb,
2214055,PRC_N2J5J0J9D2B4K1C2E3H1W0O7L6A9B7,2025-11-13,298,298,148,2,7,148,2,7,141,true,false,,,,,298,0,api_only_pass,2026-10-01T12:03:23.217Z,,97b371cb25fb855e9f2a9c7b635e54446c67373ad60e8bf53c062169cf5643ea,
2214056,PRC_V2V5R0V9L2B4O1F2N3U2X4K2U7M6C3,2025-11-13,298,298,110,23,23,110,23,23,142,true,false,,,,,298,0,api_only_pass,2026-10-01T12:03:23.282Z,,e8b97ac64a1cc7a832f427fee3fbf1a986d6e79ad7d90c8ecb6c4733931c516f,
2214057,PRC_I2G5A0C9H2E4C1C2W3C3D2N2Y9T1T8,2025-11-13,298,298,156,0,2,156,0,2,140,true,false,,,,,298,0,api_only_pass,2026-10-01T12:03:23.098Z,,c3f65e929fbee3321125f66ac9aac61eed90d70191eee503b4c66e8b8b3154b8,
2214058,PRC_H2D5F0V9A2T4T1H2T3W3C5B9G1O3L1,2025-11-13,298,298,147,0,3,147,0,3,148,true,false,,,,,298,0,api_only_pass,2026-10-01T12:03:23.076Z,,b678c4e31acaa4464f97d1904ec4a9e5ba1c174dde60081d024d4e87c265811f,
2214059,PRC_X2S5N0X9I2H4G1J4Z3G7B4Y8G6B3E0,2025-11-13,298,298,156,0,0,156,0,0,142,true,false,,,,,298,0,api_only_pass,2026-10-01T12:03:23.058Z,,02a8caa61bbecca112dc1147e9713bf19b04e8070bd6f9b6517f5cf4cdff7208,
2214060,PRC_A2K5Z0P9A2Y4C1T2W3E6T0J2I3L9G9,2025-11-13,298,298,150,0,1,150,0,1,147,true,false,,,,,298,0,api_only_pass,2026-10-01T12:03:22.934Z,,c6cb6aaae497ed25e93c9c5ee8fb3acff3f9000958ab303b7984c1a0ec2c9439,
2214062,PRC_Z2Y5R0L9E2C4C1Z2Q3M6H3V7E8G7S5,2025-11-13,298,298,75,45,35,75,45,35,143,true,false,,,,,298,0,api_only_pass,2026-10-01T12:03:22.972Z,,d9612eec3173dc9283b11ab00f2608be1e7ab059c49e4ac9b72bce857d7dae2d,
2214063,PRC_J2C5P0P9M2Q4X1Q2K3U7E2S3O7K1B2,2025-11-13,298,298,153,0,2,153,0,2,143,true,false,,,,,298,0,api_only_pass,2026-10-01T12:03:22.920Z,,5eb931a49eba0ead79410bd2f720e904953ad57a68a767c194aa9dca588a033b,
2214064,PRC_Y2V5H0R9J2Q4F1D2K4X8O5E8P9J1J2,2025-12-02,298,298,156,77,1,156,77,1,64,true,false,,,,,298,0,api_only_pass,2026-10-01T12:03:18.807Z,,11351263c2123171fabe3c0b037a8bcce7e928f24a949ada0b607beaf40682be,
2214095,PRC_U2U5T0T9S3Q0Q1G0H5F6G3E4D0D9L1,2026-09-03,283,299,271,0,0,255,0,0,28,false,true,271,0,0,true,299,16,web_repair_pass,2026-10-01T12:02:33.347Z,2026-10-01T12:06:02.901Z,c705c30a0fff94821442b2ef9b070b5149ca086a94d0f7f15d092c32b8240a11,0a8a38e19ceff23b92abc8961a2df530f175eb6f35fb30f8cfbe8da79d74224e
2214098,PRC_K2M5X0P9V1E0X1G6M4A9W2U0L6S4S5,2025-11-13,298,298,237,0,1,237,0,1,60,true,false,,,,,298,0,api_only_pass,2026-10-01T12:03:22.794Z,,5a119ffff8eda16c53c8dafb918c2436076209e85e21f34a446d1441fa29bfed,
2214099,PRC_X2J5P0G9W0T9E1L8T4S0I3H5A0V3S7,2025-11-13,298,298,233,0,2,233,0,2,63,true,false,,,,,298,0,api_only_pass,2026-10-01T12:03:22.756Z,,38695f877416bb6ab5cde54d416e7b614061da67d4bea0f7e5bd4fdd7e5e6a1a,
2214100,PRC_V2E5B0G9Z0U9I1Z8W3D8S0P3F6A5R6,2025-11-13,298,298,233,1,3,233,1,3,61,true,false,,,,,298,0,api_only_pass,2026-10-01T12:03:22.740Z,,aa8922d2d6d9f72812bdf93af7b43f7ea12726ce608f12785b480f1c6691e207,
2214102,PRC_M2Q5G0I9M0A9V1X7D3Q3P3S7P1E5F4,2025-11-13,298,298,237,0,0,237,0,0,61,true,false,,,,,298,0,api_only_pass,2026-10-01T12:03:22.597Z,,29e4aa2578764a921f60c9ceb8dab18c4f64dd4e715912f964b01b5209878bbf,
2214103,PRC_Y2L5E0D9N0P9E1M8D3M9D2G4K6Q0N0,2025-11-13,298,298,234,1,1,234,1,1,62,true,false,,,,,298,0,api_only_pass,2026-10-01T12:03:22.585Z,,695336a0e8f7fd00a19f1f1b5057664641b41929ee4897f957b06919542d6420,
2214105,PRC_S2R5P1Q1O0O6W1X5V4W5U4T3T4P0Q5,2026-04-23,294,295,178,0,0,177,0,0,117,false,true,178,0,0,true,295,1,web_repair_pass,2026-10-01T12:02:54.174Z,2026-10-01T12:06:46.206Z,a64709e2ca99ad4f69707c2a19547823f61ea956716d4d663d76a9469539e9be,0d27b541ded29ba6a1dc4fd166d6d5548b7da205ed8ab7c399a25a20e0292cbf
2214107,PRC_H2M5X0X9H0G9I1L8N3S6Z1V1X0L0W8,2025-11-13,298,298,233,0,1,233,0,1,64,true,false,,,,,298,0,api_only_pass,2026-10-01T12:03:22.519Z,,ea3f602383c700ab8369dee19832282a25c08db922ffb09057e6d0436c232358,
2214108,PRC_O2V5W0J9K2Q2D1K6Y5O7R4M2R8L2R9,2025-11-13,298,298,223,0,1,223,0,1,74,true,false,,,,,298,0,api_only_pass,2026-10-01T12:03:22.378Z,,e643b1b81fc30422f96a45b1d99e6d0c19c304304bb1c4f4199d8098cf9fa819,
2214109,PRC_O2K5M0M9A2X2M1Y7A0O1C4F3S0I6E2,2025-11-13,298,298,223,0,1,223,0,1,74,true,false,,,,,298,0,api_only_pass,2026-10-01T12:03:22.428Z,,95d05d21a404e9582f43244ef9200fa12f2a3430e2c931ec81c164cae8aeeb57,
2214111,PRC_Q2V5H0T9W2B2B1G7M0B0U5Z0X4N9B1,2025-11-13,298,298,223,0,1,223,0,1,74,true,false,,,,,298,0,api_only_pass,2026-10-01T12:03:22.437Z,,0d2358475d563eedb67d8f05dd0fd4c949395a6ca0b74092b6f9528b462738c8,
2214113,PRC_Z2V5K0G9G1R1S2Z0Z1V1U3D7C3W0Q8,2025-11-13,298,298,220,0,4,220,0,4,74,true,false,,,,,298,0,api_only_pass,2026-10-01T12:03:22.235Z,,972a87754d3de6370058625d919e0ce75866d8e1eabc4a35ce5fe560128e21fa,
2214115,PRC_E2N5E0V9N2R2P1D6R5N9F4T2L5D8I6,2025-11-13,298,298,225,0,2,225,0,2,71,true,false,,,,,298,0,api_only_pass,2026-10-01T12:03:22.180Z,,533f0acdf9f37f3a1134ab90511d0f3fe7749ed874b1e2d08a77c86d6d93b399,
2214116,PRC_F2I5E0E9L1G1B2M0V0W9Y4K8H8A4F7,2025-11-13,298,298,221,2,3,221,2,3,72,true,false,,,,,298,0,api_only_pass,2026-10-01T12:03:22.185Z,,089f518f2462a55c1efc56d8409c7683b111d995182530f3e8c6f4ff145b7461,
2214171,PRC_T2M4R1C1Q2T7H1M1Q3S1V1E2H5X6F8,2025-12-02,298,298,240,1,11,240,1,11,46,true,false,,,,,298,0,api_only_pass,2026-10-01T12:03:18.705Z,,426a36a6a35ad77e6c399cea4e7cda6c38bd811c66b147226254cd6b6a3abf44,
2214172,PRC_P2I5R0U7F0Y7D1O3V1W6W4L6C1K2C2,2026-01-29,295,296,222,0,2,222,0,2,71,true,true,222,0,2,true,296,0,web_repair_pass,2026-10-01T12:03:11.094Z,2026-10-01T12:07:23.615Z,38a1a09c31cd395a526621c2c9e9c11e8cd74c0ab28c62b7d20f4e56eb23b1cc,f2246fc95f67e120f4d47b1e74ae913e021b3a257a1653b88765cb4a873d47c7
2214177,PRC_M2P5R0K9Q2Z9Y1H7L4B1N3F8B0Y0N1,2025-12-02,298,298,244,1,2,244,1,2,51,true,false,,,,,298,0,api_only_pass,2026-10-01T12:03:18.626Z,,09f0cc1e749a8678ed91bc834c0342c1c20e4c22e93d32bca11af44652ce8503,
2214178,PRC_S2W5Z0V9N2W2V1F6V4O0S4N0A1V9Z8,2026-01-29,295,296,236,0,3,236,0,3,56,true,true,236,0,3,true,296,0,web_repair_pass,2026-10-01T12:03:11.119Z,2026-10-01T12:07:23.334Z,45e58b252f8b1aab5cbe25fa8215ea8e7a0128aae6f35beaef17da1e3d52c8a3,b75d50fc77d151ca64e267d80eb4e500cd941e08fa879210b0f0db2a87e16c27
2214179,PRC_E2P5J0A9D2H9B1Y7H4X0T5B3O1V8D2,2025-12-02,298,298,243,0,5,243,0,5,50,true,false,,,,,298,0,api_only_pass,2026-10-01T12:03:18.631Z,,df4086cf6f4c6ea6c5dec5eddc1f959fafcb1697e54cc6c298dd91fc85ccfb4d,
2214180,PRC_X2K5K0H9Y2T2G1Z6X4J9Z1D5Z0L6I0,2025-12-02,298,298,230,3,14,230,3,14,51,true,false,,,,,298,0,api_only_pass,2026-10-01T12:03:18.578Z,,67d2e6a624d74ad58cfa633e4fb04005619667bc236e5f9aae67899ec505a461,
2214181,PRC_Q2T5D0X9I2M2N1J6N4H7T4K2U0R9I1,2025-12-02,298,298,223,1,21,223,1,21,53,true,false,,,,,298,0,api_only_pass,2026-10-01T12:03:18.490Z,,53bda872b4b3f690fa96f304b95451388501ed4f76d4823e4a7e9a0eb2e81fff,
2214182,PRC_X2K5Q0Q9A2K4H1K8Y0V7U1H9W8Y3W2,2025-12-02,298,298,240,1,1,240,1,1,56,true,false,,,,,298,0,api_only_pass,2026-10-01T12:03:18.480Z,,08abbf393015ae4d33afbe74e2e11471d7a79673ce6a71ee92cef2f09d51e7b7,
2214183,PRC_D2F5A0Y9H2Z4W1T8N0S6C5P7R8Y4J5,2025-12-02,298,298,236,0,4,236,0,4,58,true,false,,,,,298,0,api_only_pass,2026-10-01T12:03:18.391Z,,a00e8f62e117c4eb03c2c253ddd96302a847d3acb0352d29a31533efed23c25e,
2214184,PRC_U2I5O0E9I2N4S1C8Q0L5B4K5H1V9V2,2025-12-02,298,298,237,0,4,237,0,4,57,true,false,,,,,298,0,api_only_pass,2026-10-01T12:03:18.340Z,,a8debce81e969437c7e8fc9bde7d70c7a8dc71d5d7887ba1f4f9928ed192823b,
2214185,PRC_W2L5W0V9F2I4P1V8O0M6T2O7U3J7Z3,2025-12-02,298,298,237,0,0,237,0,0,61,true,false,,,,,298,0,api_only_pass,2026-10-01T12:03:18.354Z,,e708fe4240c3cd0ae5661958ed1349fbb63140f41c2caa8b44ceab53c1d6d41f,
2214186,PRC_G2F5G0W9D2M9K2A1D0G2Y2X0U4L2P1,2025-12-02,298,298,241,0,0,241,0,0,57,true,false,,,,,298,0,api_only_pass,2026-10-01T12:03:18.255Z,,513b6fc158f38267478a6764f8b26838a8609c4b2ad85b836d8c7ae2c313ebdc,
2214187,PRC_U2A5Y0B9V2W9B2G0L5Y8E5N4S0D8K2,2025-12-02,298,298,233,0,3,233,0,3,62,true,false,,,,,298,0,api_only_pass,2026-10-01T12:03:18.196Z,,7cc3b77a49004e42bdb409d9c3abaad02e3d183f168072d0a2a738df8e87bad3,
2214188,PRC_U2H5O1Q1E0O4N1W4A2L9T4A6E9V4A1,2025-11-27,298,298,255,1,0,255,1,0,42,true,false,,,,,298,0,api_only_pass,2026-10-01T12:03:21.701Z,,e6751a849956a3e03237d71e064d821f1ad6f2e975f36c7e35e75d0704d7f042,
2214189,PRC_I2G5G0M9P2F3X1Y0J3Z2O1W4K0A2C3,2025-12-02,298,298,223,0,3,223,0,3,72,true,false,,,,,298,0,api_only_pass,2026-10-01T12:03:18.154Z,,f101c90bf2a1f5c1062fd14e09f81734fe9902bad8911751ba3f1f42cd39c860,
2214190,PRC_K2T5M0Y9Z2R3I1D0U3P2V5V3L1B5E5,2025-12-02,298,298,229,0,2,229,0,2,67,true,false,,,,,298,0,api_only_pass,2026-10-01T12:03:18.023Z,,b1165dcef475735ee444f70df38215c45de4fd6ff3ce49105c4d01d637ad20b7,
2214191,PRC_S2Z5X0W9V2D9R2L0B4W8O0C1J8N1K2,2025-11-27,298,298,250,1,6,250,1,6,41,true,false,,,,,298,0,api_only_pass,2026-10-01T12:03:21.738Z,,9514368bf616ca34cfd8cf20e2c582e7b0d63d91fad9009f3c558e81f60764c3,
2214192,PRC_N2M5T0Z9N2S3Q1E0A3Z3F4T9P8P7Z6,2025-12-02,298,298,230,0,2,230,0,2,66,true,false,,,,,298,0,api_only_pass,2026-10-01T12:03:18.004Z,,f46f0520f543ebe2bbdcc124513351bc7f989a0e2bb110597598eba864c4c628,
2214193,PRC_U2E5U0O9X2I3N1F0Z2K9T5S8R2W6U5,2025-12-02,298,298,212,6,6,212,6,6,74,true,false,,,,,298,0,api_only_pass,2026-10-01T12:03:18.108Z,,e591de099a2902755231a5ef10a2037d67d223042d72f13e8940e30853eef79a,
2214194,PRC_U2P5H0D9V2P9X2W0W5U5X2Y2F3O2D5,2025-12-02,298,298,231,0,1,231,0,1,66,true,false,,,,,298,0,api_only_pass,2026-10-01T12:03:17.879Z,,1b59fe733a3e5d30ee72016f87cbf8d7a989e392e1d618414cf588546d3b7ff2,
2214195,PRC_A2P5V0A9T2R3H1C8W2Z7X2S4Q6U0R4,2025-12-02,298,298,229,0,2,229,0,2,67,true,false,,,,,298,0,api_only_pass,2026-10-01T12:03:17.850Z,,4c8f7b0db9648ceb486a0983cdf03bcfb5f1ffb84547b80f30b25ca9117d0cc8,
2214196,PRC_Y2F5Z0C9J2K3Z1M8Y2A4X2R4D5O5K2,2025-12-02,298,298,224,0,2,224,0,2,72,true,false,,,,,298,0,api_only_pass,2026-10-01T12:03:17.813Z,,1081e2b1a298b42b368f8f62d0d1fdc217de9ea0ced52fefb664d3b468e42848,
2214197,PRC_M2Y5O0L9A2S3B1A8C2H5I3D1A0V2I7,2025-12-02,298,298,223,2,4,223,2,4,69,true,false,,,,,298,0,api_only_pass,2026-10-01T12:03:17.690Z,,44596888e1c436790a858e2c64e2c8ae017208d10d6e24605b2bf23e01f9225d,
2214198,PRC_R2O5J0I9B2F3A1L8J2J8S3H5K8K2G8,2025-12-02,298,298,223,0,4,223,0,4,71,true,false,,,,,298,0,api_only_pass,2026-10-01T12:03:17.704Z,,e869b4ddf8b3567cfc55be9e04c31e26a0e4934895a4cdb81456ea5899ef8848,
2214199,PRC_C2E5C0J9O2H3A1V8L2V9R3D0I5A1M9,2025-12-02,298,298,227,0,0,227,0,0,71,true,false,,,,,298,0,api_only_pass,2026-10-01T12:03:17.634Z,,97c34320424587b0fbd3afde0122c941dddc654285be469df7fa14f06f2c0030,
2214296,PRC_B2A5I0J9H1G1E1F9O2M0L5J5F3G7F3,2026-03-31,294,295,178,0,0,178,0,0,116,true,true,178,0,0,true,295,0,web_repair_pass,2026-10-01T12:02:59.481Z,2026-10-01T12:06:58.536Z,d6ede35de153516267d5891c2f9fc5cff86fd4bb2c1f773f0036bead8ce7bc88,0883294a937ea0a7099de7ed493202c2bb6d16bd9caa7d2b23d86b90caf6e037
2214335,PRC_R2R5P1Q1P1P4L1L4K2K5J1H6I2P2Q3,2026-05-07,285,286,189,0,0,188,0,0,97,false,true,189,0,0,true,286,1,web_repair_pass,2026-10-01T12:02:48.013Z,2026-10-01T12:06:33.171Z,8326182acf845dd0217b68b6be85f80759e5c2ed68a81d19356bb9fc796235ca,5980e302e27b7cecde1c5a5bafc2cb2fa7f8ebd635a3f5a23b6cff98a0e263a2
2214392,PRC_C2B5B1A1Y1Y7G0H9F2G2E3D4D6Z9A9,2026-03-12,294,295,206,0,0,205,0,0,89,false,true,206,0,0,true,296,1,hold_tenure_boundary,2026-10-01T12:03:02.180Z,2026-10-01T12:07:04.756Z,37bb3eb08512e34a90576aafdc6e02b32e784f7eb62d7996f13379c06927d4b0,8e28c7ca338ad4c01baf6d3a6e866f0101269f5a7e3dc6552826a587747ba65d
2214456,PRC_W2U5V1T1P0P6N1P5N5N7L3U7U8S6T3,2026-03-31,294,295,209,0,1,209,0,1,84,true,true,209,0,1,true,295,0,web_repair_pass,2026-10-01T12:02:59.401Z,2026-10-01T12:06:58.633Z,a77d636da3366b4bf3673e1296e7a6e3e2b4890131e11977e00dd7d222dcd708,bb616d7d44a951dde08589f1f61ec2b3b1d5a4baab36bd91ed7b303fb30405c6
2214493,PRC_S2Q5R1P1Q0O4P2X0X3W2U3V9T1T9C2,2026-06-18,285,300,251,0,0,237,0,0,48,false,true,251,0,0,true,300,14,web_repair_pass,2026-10-01T12:02:42.515Z,2026-10-01T12:06:21.200Z,d79347567f896fd114748732187caee1bba8b1f5f2602783bd36306331d5e769,b98ca6c94a9b99995af0f98ffe46f8ec122f70ee25657407d8911c21819ac76d
2214497,PRC_E2M5N1L1M1K1I1J4Q3R6Q1Q6O8P6N8,2026-09-17,283,299,199,0,1,187,0,1,95,false,true,199,0,1,true,299,12,web_repair_pass,2026-10-01T12:02:32.343Z,2026-10-01T12:06:00.720Z,4c18f3cd0665b615d5d190e8d1b2cd8ae79fc9ecff74000d065eebc06760387e,68f840dcf54b2303d0575d82b5ab15672b6dcbe01ca10b2392d90d6373798c5f
2214506,ARC_Y2F5U1C1X2N4G1V4G5D7I0C7D2X4J2,2026-03-31,294,295,194,0,0,194,0,0,100,true,true,194,0,0,true,295,0,web_repair_pass,2026-10-01T12:02:59.383Z,2026-10-01T12:06:58.188Z,4c00f68ccd53db6b507b5a91c0d7c3fecd08b76c94c78fda2cba44a90064b551,774ffa8e3821340a01f4e87ba2e739aa3ea84b16ba74ab9310b5cca3548d52f5
2214525,PRC_H2C5D1C0C1A3B2Z1H0I7G4H4F8G4E5,2026-08-20,284,299,182,0,4,172,0,2,110,false,true,182,0,4,true,299,12,web_repair_pass,2026-10-01T12:02:39.385Z,2026-10-01T12:06:14.474Z,5017d025ead168fafaf2aa899fc3db809d70a2f52f3eb4c0c801ecc451e33f04,0b31c59bf1f1dfff1049abfbc035412693199318ed8238be8cc2685465eb96bb
2214530,PRC_L2M5K0L9T1T8R1Q4R1P6P3L8M4K6L9,2026-05-07,285,286,176,0,0,175,0,0,110,false,true,176,0,0,true,286,1,web_repair_pass,2026-10-01T12:02:47.779Z,2026-10-01T12:06:32.952Z,97dd5817243754e284324c72bb24b9b06169bd57eeb866e46368275142b4a27e,5bf16eb382636369e19bb0f11c10db308502b9d6e5c884a913a2b827e2a9f706
2214536,PRC_U2S5S0A8Z0W5E1D5C0B3X3W9T2B3B9,2026-08-26,284,299,214,0,0,202,0,0,82,false,true,214,0,0,true,299,12,web_repair_pass,2026-10-01T12:02:34.992Z,2026-10-01T12:06:05.267Z,830d0c90613d8889b31fa70265944e7b75019db6ced14deb760460ff875be0e2,e95ceabe24ee6a171d315ba9ecf0cdda0269f236a3dd2e22f033a5dc712b8bfd
2214558,PRC_F2G5E1F1D0E5A1Y4Z3X8X2W8W4E6F4,2026-09-17,283,299,196,0,1,186,0,1,96,false,true,196,0,1,true,299,10,web_repair_pass,2026-10-01T12:02:32.288Z,2026-10-01T12:06:00.509Z,ddeb182d2cb92877970accdf3fb4210f055a83f35e7ba3b7a48856a579336a72,1d6ddc65bc49b9905aeab35854b1bf964c1cd54650f254e5aa5f15b79c413631
2214588,PRC_J2Y5J0K9K2H2C1U6K4K5Z2Y3V1I0X9,2025-12-02,298,298,247,0,3,247,0,3,48,true,false,,,,,298,0,api_only_pass,2026-10-01T12:03:17.544Z,,352f616b2219081dd7a7ebe85cdc3fc0107467f623edd5bbe01d7b20ad9f352e,
2214589,PRC_T2I5B1C1E1M9J1T7E1S6A5J5E7L2P9,2025-12-02,298,298,238,0,1,238,0,1,59,true,false,,,,,298,0,api_only_pass,2026-10-01T12:03:17.493Z,,25761b827f9a4b3ab5a50a7608e38d789352c7dcdccbf82b91a816d4ffa50ac1,
2214590,PRC_E2S5N1C1D1T9B1X7G2T0Q2B0Z5Q5S0,2025-12-02,298,298,235,1,4,235,1,4,58,true,false,,,,,298,0,api_only_pass,2026-10-01T12:03:17.408Z,,52c349073571e723987ad6c7f9ff3fa6aeadc7b249d2d1b65c0db0a02001d0a9,
2214591,PRC_A2L5O1S1N1X9N1D8W5J8E0X6D5U0P5,2025-11-27,298,298,248,5,3,248,5,3,42,true,false,,,,,298,0,api_only_pass,2026-10-01T12:03:21.548Z,,f9baa7f064bfd3f649a4bc8f981d85fd67297ff53d64170db37c8f47c6c4e31b,
2214592,PRC_K2A5M1S1T1A9A1U9X0X0D2U8R7Z6A1,2025-12-02,298,298,215,2,21,215,2,21,60,true,false,,,,,298,0,api_only_pass,2026-10-01T12:03:17.486Z,,68f939a859ff8c1aff27585fe7a6eeb66b6ad28a81b3987f00b60c6b678ae389,
2214593,PRC_Y2G5Z0Y7V3W0B1E0H2M2O0Z6I2F8I8,2025-11-27,298,298,261,0,1,261,0,1,36,true,false,,,,,298,0,api_only_pass,2026-10-01T12:03:21.543Z,,d0f38c6898692ac83cf52a907483e99c7a4c6d8e6977b3038d540721b9d6b705,
2214595,PRC_A2F5S1E1X2W0K1A5G3R9P2I5M7K0W6,2025-12-02,298,298,234,3,1,234,3,1,60,true,false,,,,,298,0,api_only_pass,2026-10-01T12:03:17.349Z,,9a1755faaf80116ab0eecf482855a746945626b36f128a165a994f847b299224,
2214596,PRC_P2G5I1C1Y2C5J2F0T0V3T0X3K3V8H0,2025-12-02,298,298,243,0,3,243,0,3,52,true,false,,,,,298,0,api_only_pass,2026-10-01T12:03:17.267Z,,b0e05d5c635f24c9596558ef5074a1d049b897b7be5b572578bc41c781f73a90,
2214597,PRC_O2H5V1T1A2F5Y2B0D0K6J2L8A8L9R4,2025-12-02,298,298,238,0,6,238,0,6,54,true,false,,,,,298,0,api_only_pass,2026-10-01T12:03:17.263Z,,2ee5b8ae5b14ebe9e78a3eb04b4a8c9abb923d1b535ae8195c0e0e3bc45c8996,
2214598,PRC_P2H5B1O1B1E8E1L4L1H4G2R7Q6A4R8,2025-12-02,298,298,238,0,0,238,0,0,60,true,false,,,,,298,0,api_only_pass,2026-10-01T12:03:17.117Z,,88b46ccd654c2d8ead969e49b129c9239e5cc25a8137476fd82ffdcbe415cbe9,
2214599,PRC_I2Z5Z1Z1N1L8D1V2R0I6S4D5Y2R1W2,2025-11-27,298,298,251,0,4,251,0,4,43,true,false,,,,,298,0,api_only_pass,2026-10-01T12:03:21.470Z,,6af0268bc1be317c5800a714a90a95d7118861cd51115a235e3e0b48b78b3944,
2214600,PRC_N2K5Z1M1T2X0V1B5F4P4E0K6G8M4W2,2025-12-02,298,298,238,0,0,238,0,0,60,true,false,,,,,298,0,api_only_pass,2026-10-01T12:03:17.106Z,,10cbea29223c6ca1814e217cbf7e81c1b1c36379ed9a295e1747de114146f1cb,
2214601,PRC_I2E5N1S1V2A0A1C5Z4F3F2H8D9K1P6,2025-12-02,298,298,234,0,0,234,0,0,64,true,false,,,,,298,0,api_only_pass,2026-10-01T12:03:17.175Z,,e6d7c4bb4dd586101e7a7ebf3bc12a0063353f6d4cada793e8f11a07ee64c309,
2214602,PRC_H2H5V1J1W2Z5E2B0C1G0I4I6Z6P9G4,2025-12-02,298,298,243,0,3,243,0,3,52,true,false,,,,,298,0,api_only_pass,2026-10-01T12:03:16.953Z,,1b291a77e7166aa40743ef5a19ee9a486105b26fd703b1add686981160aa70e1,
2214603,PRC_W2S5U1S1M2E5V2Y0K1V7C3F9D1L8Q5,2025-12-02,298,298,242,0,3,242,0,3,53,true,false,,,,,298,0,api_only_pass,2026-10-01T12:03:16.919Z,,a1557260a01599a235e3f4a1d0f5cf7543043d14079ad689197babd0e79d87d0,
2214604,PRC_G2V5F1P1I2S5X2G0X1W8S4U0P5H4Y2,2025-12-02,298,298,188,22,29,188,22,29,59,true,false,,,,,298,0,api_only_pass,2026-10-01T12:03:16.932Z,,148ab5c4d401cb365cdfed9e2cb5dc5ac68507b7d869a1aa50faf9e16a705951,
2214605,PRC_I2S5C1A1K2R0E1K5J4X1W5V9D5L8B6,2025-12-02,298,298,232,0,1,232,0,1,65,true,false,,,,,298,0,api_only_pass,2026-10-01T12:03:16.769Z,,f551bd6f3aabd3275aaea712fa222268b6f7ab3e42ac2bb16328519cbe73b4d8,
2214606,PRC_W2Z5X1O1U1K8S1P6U0W4D4C0T7P0T4,2025-12-02,298,298,233,0,6,233,0,6,59,true,false,,,,,298,0,api_only_pass,2026-10-01T12:03:16.765Z,,c70a709fff4f71d1402ffe0221c2e7630393fe72495071f518452757d2c3a6ce,
2214607,PRC_K2S5P1N1B2V0M1Y5H4D2N4R4Y9X1N9,2025-12-02,298,298,237,0,1,237,0,1,60,true,false,,,,,298,0,api_only_pass,2026-10-01T12:03:16.819Z,,3023e2ac1ae6089925a87703ca963b240499c5765cfaf8f96935e4eb16d3d9c0,
2214608,PRC_W2G5H1C1W1W8K1S6T0L3F1I3S6S5X3,2025-12-02,298,298,231,0,2,231,0,2,65,true,false,,,,,298,0,api_only_pass,2026-10-01T12:03:16.629Z,,32438cd08e677733a3ea5ec4b5f3db97325f78c8efaf00bf551be584dc080a3b,
2214609,PRC_E2B5G1Z1F1V9G1I0T5W2V0N6E0O3S8,2026-08-20,284,299,95,34,49,89,30,48,117,false,true,95,34,49,true,299,11,web_repair_pass,2026-10-01T12:02:39.284Z,2026-10-01T12:06:14.182Z,4eb2eff855b01f3c22048b6a98b23f35e410bf4b3624755472f449edb8929a44,0452a53f7589a8240febba26d46bd84823a39cb4b3f0d75d3d198066bd0a8159
2214610,PRC_C2U5B0L8Z2U6C1E1G3F5N3S4T7W4F4,2025-12-02,298,298,223,0,3,223,0,3,72,true,false,,,,,298,0,api_only_pass,2026-10-01T12:03:16.574Z,,231d6978db870052413d8a1dc794a31ac2ffe3ee7b83ca2cf7a281ee44716f32,
2214611,PRC_K2C5W1K1T1C8P1B1I1X2M2I9K8X6G6,2026-08-20,284,299,181,0,6,170,0,5,109,false,true,181,0,6,true,299,12,web_repair_pass,2026-10-01T12:02:39.201Z,2026-10-01T12:06:14.170Z,703573b1a3ea5df08b1e2402f5ab7a9508b9957ad3503a2f3473d4d872009031,02e323e14f209ff69ed4b76bf25edec1c756907f657fca60c34e1a3547cd8fa7
2214612,PRC_O2V5P1T1V1P9Y1G0N5R4O1W6E6H8R2,2025-12-02,298,298,229,0,4,229,0,4,65,true,false,,,,,298,0,api_only_pass,2026-10-01T12:03:16.570Z,,89ac7edaad8d379003b5d8d3b7ff61d4c0e2727a465b839ed49865220e2a4161,
2214613,PRC_U2P5O1N1H1E9W1K3Y0X5U3Y4Q3E6D5,2026-03-12,294,295,169,1,5,169,1,5,119,true,true,169,1,5,true,296,0,hold_tenure_boundary,2026-10-01T12:03:02.000Z,2026-10-01T12:07:04.774Z,c12732b78e7558e7b43c875cd771c728128e94f55466182263f65244491b80f2,e3e2313898f15eae8087a8c064981ee4cfbeb1aa06336907e27b8dd1f0141e91
2214614,PRC_B2S5P0H8O2V6D1J1I3B2W5D9H3F5N8,2025-12-02,298,298,219,0,3,219,0,3,76,true,false,,,,,298,0,api_only_pass,2026-10-01T12:03:16.426Z,,397d40c93dba73b3af40d487758dc43892b6b9691723116666f325921e4043d7,
2214615,PRC_V2L5L1T1R1O9F1B7C0E7D1H2G5T6P8,2025-11-27,298,298,255,1,2,255,1,2,40,true,false,,,,,298,0,api_only_pass,2026-10-01T12:03:21.377Z,,b174ea2a2f8889b5172ea024d9da1eadf3bc0b5a405c25970410e7b48c4d6060,
2214616,PRC_P2W5O1F1N1Q9K1V0Y4G1P4V4U6C6V5,2025-12-02,298,298,226,4,4,226,4,4,64,true,false,,,,,298,0,api_only_pass,2026-10-01T12:03:16.397Z,,eef651bb9f29e8030c9dc437a8bd05b0f51fb46ae88da0f63aa1b81f945fccb9,
2214617,PRC_Q2B5W1F1R1V9Q1B0Q5E7H3V1S8J7L2,2025-12-02,298,298,216,6,9,216,6,9,67,true,false,,,,,298,0,api_only_pass,2026-10-01T12:03:16.464Z,,aab9c1bb33f2ed48e74771a0e50ad4e8bb09d0648ec0b756a322c5a055f85b8e,
2214625,ARC_P2Q5C1V1D2V7W1K0C3K3N5I7T2R0J1,2026-09-17,283,299,209,0,0,197,0,0,86,false,true,209,0,0,true,299,12,web_repair_pass,2026-10-01T12:02:32.293Z,2026-10-01T12:06:00.419Z,229230ad49e6bd5b5b616095583e36afbf1d3ab259eb8e9d7822ea4131e85650,3a22bf743d8946706eddcf60367ea5eae7f88d9f36d350dd7087dc5bd42f336d
2214631,PRC_X2V5W0U7V2D9D1B1C3A4B0Z2H9I6G9,2026-07-23,284,299,193,1,2,185,0,2,97,false,true,193,1,2,true,299,9,web_repair_pass,2026-10-01T12:02:40.922Z,2026-10-01T12:06:17.654Z,8002b437ab1c01f66e03bbfa9f55bb32f1817e4ea8a87c6e0837124ec1e9d2d9,98dbf7a965cbef7b2872fa735a734ee5b2ca68fe8d837bf27cad20bb36f0d57f
2214653,PRC_D2C5C0K9J0J2H1I6G1H9P5N9O2M9N5,2026-04-23,294,295,208,1,4,207,1,4,82,false,true,208,1,4,true,295,1,web_repair_pass,2026-10-01T12:02:54.140Z,2026-10-01T12:06:46.061Z,ac86b4a0e68dd4dd9eea95f774ac2260a750f784e8658e7705a4bb223263f0f6,841192d2ab394d8eb63788c07962f410dc9858a6e08ee32a3c1d49c9871700ef
2214663,PRC_V2W5U1U1S2T7B0C9A4A0Z5Z5Y6G1G8,2026-07-23,284,299,171,3,7,163,1,7,113,false,true,171,3,7,true,299,10,web_repair_pass,2026-10-01T12:02:40.786Z,2026-10-01T12:06:17.596Z,9349177a8aa5e6addb6a8caba71762a7ebaeab189b207f81424ac06179f63c53,6282a7f91411790b12d3d3145a1a777c365900f31bbb201273e66bc44b5338ea
2214689,PRC_Y2C5K1D1Y1F4G0P9W4Q2L1U9Y2U4B8,2025-12-03,298,298,171,36,21,171,36,21,70,true,false,,,,,298,0,api_only_pass,2026-10-01T12:03:15.147Z,,d22fdb8124c0bca18cb479a897ae27e47313cd721c2f1437d5abcd152191b741,
2214730,PRC_E2V5Q1X1A2U5R1O5C0N6I2U2V7E5H1,2025-12-02,298,298,223,0,7,223,0,7,68,true,false,,,,,298,0,api_only_pass,2026-10-01T12:03:16.258Z,,2b38516b1bb5445711297241341dcaa989296086edc8490e382a78893010501c,
2214731,PRC_F2O5G1E1E2X6T1V9J4K6F1U1J5P4A6,2025-12-02,298,298,235,4,10,235,4,10,49,true,false,,,,,298,0,api_only_pass,2026-10-01T12:03:16.222Z,,693cb0c250ce5436af076625668f2ed4219ca73ae0d2d2a9292437f34c81358a,
2214732,PRC_D2Z5C1W1G2W8I0R7N5M9C2T7F8K5Y4,2025-12-02,298,298,221,4,9,221,4,9,64,true,false,,,,,298,0,api_only_pass,2026-10-01T12:03:16.244Z,,ab8d2a400394db85329325c58bb9c16abfde801ddcadde61a416bf359bb48469,
2214733,PRC_G2T5L1C1G2S8I0K9I2J4Z1O3J1N1N2,2025-12-02,298,298,241,0,0,241,0,0,57,true,false,,,,,298,0,api_only_pass,2026-10-01T12:03:16.060Z,,98d685affeb68d6018b3d13f835ce2b5702422df677fb5655c75629af88e6d59,
2214734,PRC_B2P5I1V1L2Q8C0G9D2A7U0D8B9R0J1,2025-12-02,298,298,224,1,5,224,1,5,68,true,false,,,,,298,0,api_only_pass,2026-10-01T12:03:16.074Z,,59e26781fdebace9ad28a93d098e55d4010cce3f31d1f293b2a4d0ba1d137773,
2214735,PRC_I2C5P1P1F2R8X0D9J2R8L0F2D6R8H7,2025-12-02,298,298,231,2,3,231,2,3,62,true,false,,,,,298,0,api_only_pass,2026-10-01T12:03:15.909Z,,48844faff32937815ae8fa0c4cdc2355aab7c037245e2ee826d3cbe2fe16bab9,
2214736,PRC_U2P5W1I1O2N8J0B9E3A3S0O8E4A0S7,2025-12-02,298,298,234,0,3,234,0,3,61,true,false,,,,,298,0,api_only_pass,2026-10-01T12:03:16.096Z,,ee9cbeb5a977dd609f45612f6ba2d8aa38ad74821b2753cbd3033b005b694688,
2214737,PRC_Y2S5L1W1F2N8S1G4A2C0F1D2S4I7Q7,2025-12-02,298,298,224,5,4,224,5,4,65,true,false,,,,,298,0,api_only_pass,2026-10-01T12:03:15.885Z,,5d957cb988bffd5b1550633bd4d21e7823d0d554136f5adc122969293feed95f,
2214738,PRC_H2L5Z1Z1D2H8G1A5D1X1Z2H9I2P6L3,2025-12-02,298,298,201,18,24,201,18,24,55,true,false,,,,,298,0,api_only_pass,2026-10-01T12:03:15.741Z,,d79256be040610d80b10e037e79a6d6c39ce6b6b324a439e7991a8da6ee7db9b,
2214811,PRC_K2I5J1R1P0Q7O1P4N1O8K0I3I7H0I5,2026-03-31,294,295,186,0,3,186,0,3,105,true,true,186,0,3,true,295,0,web_repair_pass,2026-10-01T12:02:59.333Z,2026-10-01T12:06:58.084Z,0fad6f0ff5d29e3c2863979400d62755a70adc393d293561312252441a7ebf44,f519e0c90a1ff7897aa1a0d5c8c8128cd8fe1991c3f00f17347958594970d48f
2214815,PRC_O2P5X0X8W2W9V0V8U5B3C5B4B2Z7A8,2026-08-20,284,299,187,0,1,176,0,1,107,false,true,187,0,1,true,299,11,web_repair_pass,2026-10-01T12:02:39.205Z,2026-10-01T12:06:14.115Z,7c876863bfa8590970c6e9a02ff0ecd81173fb648d7a119a04b020c3ed7b65e7,ee6a477381f08429b13dd52725c4fb744d51306a0459312e0cf61b2d673d9adc
2214834,PRC_Q2W6W0W1P2S9N1S1K4P0O1O8J7S4F7,2026-01-29,295,296,186,41,12,186,41,12,56,true,true,186,41,12,true,296,0,web_repair_pass,2026-10-01T12:03:10.949Z,2026-10-01T12:07:23.185Z,f222f00f0758e2a508430b5b84f7cd373c88fd2a8341cac0617f12d7bf46f199,340cbba95a7a9086f0576bb7742c35704417637907e337346d6a13e763f15d37
2214835,PRC_X2V5W1U2V0C3D1B0A3B1Z0Z5L3N4L9,2026-06-18,285,300,252,0,0,238,0,0,47,false,true,252,0,0,true,300,14,web_repair_pass,2026-10-01T12:02:42.370Z,2026-10-01T12:06:21.001Z,800366477386c8e485105671816d55655f05399e58861e7800b2080187935502,1066eecf63f4d93951b830c75d84bffe65a514f19e87635f8b04d2d0d60ac886
2214848,PRC_N2B5X1P1A2B6Q1V6S3P7D4U1A4H7A9,2026-01-29,295,296,203,0,2,203,0,2,90,true,true,203,0,2,true,296,0,web_repair_pass,2026-10-01T12:03:10.958Z,2026-10-01T12:07:23.208Z,82df53633d0bcf4169579933238009e4af0634ef7a24a6e7ef9aee7a8e879a58,a98873fe7d63644418e962a584e1031d75cbe7c433eb96b2ca4d35e2a38093c0
2214849,PRC_G2Y5D1W1D2Z6L1R6O3E9Q1J3N8N7B7,2025-12-14,298,298,174,0,0,174,0,0,124,true,false,,,,,298,0,api_only_pass,2026-10-01T12:03:14.661Z,,f10fbb7fe0e3fc56021830f98947a016204af7d548709e9f0adb19a05a782382,
2214852,PRC_M2T5E1F1G2J4H1A6O4V1O1C4C7R7O7,2026-01-29,295,296,199,0,3,199,0,3,93,true,true,199,0,3,true,296,0,web_repair_pass,2026-10-01T12:03:11.019Z,2026-10-01T12:07:23.014Z,aac76e952d3f30aecf3b618fb829d6cfaaddb01f48ad80b4af8f4b1c2d0a17c2,87e9c41c2ae20eae97cb354c161ebd5f64dc7ebb1faf0f0c78d6a5b1d1a7b3bc
2214853,PRC_W2R5E1S1H2W4I1M6A4Q5B4E2R4R2V6,2026-05-07,285,286,185,1,6,185,1,6,93,true,true,185,1,6,true,286,0,web_repair_pass,2026-10-01T12:02:47.770Z,2026-10-01T12:06:33.051Z,7c9b405c0131954c075463737e72ed8389c88d1ccd7d888f06e8a142707e00c1,243751ce48f066d1eed63f6b099e3f8438a21e0331f5789d3a344d20ecdd560c
2214854,PRC_W2Y5J1A1K2T4I1Y6N4B3C2D1Z2N0I6,2026-01-29,295,296,198,2,3,198,2,3,92,true,true,198,2,3,true,296,0,web_repair_pass,2026-10-01T12:03:10.787Z,2026-10-01T12:07:22.995Z,7d2d8e0479ec79c4197245038cab20fc573012994a7909eebdaa83297a726426,0e4b995403fcd199f0bead81acbd784d139effb9a3b354bbd3f21d5cef60ff82
2214855,PRC_E2V5A1T1C2C4S1B6I3M6W1I1A2T4M2,2026-03-31,294,295,200,0,0,200,0,0,94,true,true,200,0,0,true,295,0,web_repair_pass,2026-10-01T12:02:59.258Z,2026-10-01T12:06:58.164Z,a34222164b55bb5efc89316321d5138fd58188e6ac5a4617ff31c208ca038486,9060a13aeb36ccd8b96185fa4dc13a2f7030c7101cb7ba3615f17d118f4b94bb
2214860,PRC_W2D5M1F1S2A4F0Y8I3L1A4G4T5M6H2,2026-02-12,295,296,156,0,1,156,0,1,138,true,true,156,0,1,true,296,0,web_repair_pass,2026-10-01T12:03:06.891Z,2026-10-01T12:07:14.175Z,517cd1e7aa6ff7445121ef9ed25cd6a344ad54282e7d5290e65b41f3ddec1913,d46dc942c51b40bb3257bb063fd74835d023c998bc10a575beb4886ebe443aff
2214861,PRC_N2O5O1W1T2N1R1G6E4N8D5V6V7Z7A2,2026-03-12,294,295,197,0,6,197,0,5,92,false,true,197,0,6,true,296,1,hold_tenure_boundary,2026-10-01T12:03:02.011Z,2026-10-01T12:07:04.766Z,503cffc27f3d437a3265db03c975b26c1797eef4412d88fdcb4864893172e9ef,132f2c7352d9be3f4caa7377e16687ae70794df229e8b65301d53efe8701ed69
2214862,PRC_K2M5C1D1N2L1A1X7U0U2J3A9Q1U7L9,2026-01-29,295,296,211,1,6,211,1,6,77,true,true,211,1,6,true,296,0,web_repair_pass,2026-10-01T12:03:10.809Z,2026-10-01T12:07:22.900Z,df1f2a8a6bba02bd2b74605d2045f854a8ee3e7224e92fb3baeab4404c26779a,8e230904bab0638da6bddaf584da7a47cdfa8917cdf3594dd3bd41640b9ddc03
2214863,PRC_N2V5R1K1D2L4M0R8H3M2D5U6F1U6K9,2026-01-29,295,296,223,0,0,223,0,0,72,true,true,223,0,0,true,296,0,web_repair_pass,2026-10-01T12:03:10.636Z,2026-10-01T12:07:22.710Z,830d8271d4342d3feeb2a9db70148d43f3845418cc858909d5b0486aa239526e,b2c7fad44274f32b115806c5d02a286b4fd753f66b251618e1365668a9b4fd27
2214864,PRC_D2Y5V1V1C2R1L1C7Q1X2P2S3D8W6K1,2026-03-12,294,295,205,0,0,204,0,0,90,false,true,205,0,0,true,296,1,hold_tenure_boundary,2026-10-01T12:03:01.843Z,2026-10-01T12:07:04.370Z,5be5c10d915e428e6c70d72175c110c541c950080d490eb0418658892dcdfcf0,1a94ebc1a6ff333f4f60f1006c1f5f24a01ffb2c59e82f82ae5790248db3c038
2214865,PRC_U2V5U1Y1S2E4H1G6L3Q4X5N4F6S2U3,2026-01-29,295,296,203,0,3,203,0,3,89,true,true,203,0,3,true,296,0,web_repair_pass,2026-10-01T12:03:10.645Z,2026-10-01T12:07:22.657Z,516980aa9027569a0928c0ba3ed01e973101f94389775a34a6877039deafcb27,ffc46afa5ed4ecd2f0375775b021ee7d9c98d9f7a32f0ef9b0cfc3ae02e3ec45
2214866,PRC_P2I5J1I1F2X6O1F6Q3H8N3U9Q0Y8Z8,2026-01-29,295,296,119,39,39,119,39,39,98,true,true,119,39,39,true,296,0,web_repair_pass,2026-10-01T12:03:10.642Z,2026-10-01T12:07:22.565Z,6afc2cd0498c89106d879dcf42af8c637a4662aaea22a089df7a4ebc27e55c10,e3bff3bb6f23a9d46c22f9e871cefd50e5b914002d8975347a3ffedf24a9ec12
2214867,PRC_B2P5W1M1L2X4P1L6V4M4G0P2A0F9T2,2026-01-29,295,296,203,0,1,203,0,1,91,true,true,203,0,1,true,296,0,web_repair_pass,2026-10-01T12:03:10.468Z,2026-10-01T12:07:22.333Z,fc2f6c972a998adba6b97840b0a0d111492c75a4afefbd403815f8e20d1cc643,47c466bf7bd8438b4c09f40056e4bbd3234fe0ccee469496cd566778e5f34786
2214871,PRC_X2I5P1X1S2F6N1V4U0A2V0G1R1V8I3,2026-01-29,295,296,230,0,4,230,0,4,61,true,true,230,0,4,true,296,0,web_repair_pass,2026-10-01T12:03:10.482Z,2026-10-01T12:07:22.343Z,a54c8766de33d273488363100d3073d9daddf983c8b3457ae192be38717d5389,2aaf32001203c4cec548336152cf623844914d977bc3a9bf8b6a187d28bd0ab7
2214873,PRC_D2D5Y1Y1P2H6W1Z3W5A6Q2U6B5F4I8,2026-01-29,295,296,243,0,1,243,0,1,51,true,true,243,0,1,true,296,0,web_repair_pass,2026-10-01T12:03:10.436Z,2026-10-01T12:07:22.182Z,b9e838e7f747ae10e4e96fcd58711f26504e4ce42dbaeb4a9249c9fe5206c21f,ae1b2fc79a1b9b3da97a831a2cd8bf368c26864b2606680f8e9a827f86af8d56
2214874,PRC_H2H5C1Y1Z2K6L1I3B5O0Y5B0E2D4P8,2025-12-30,298,298,228,0,0,228,0,0,70,true,false,,,,,298,0,api_only_pass,2026-10-01T12:03:14.522Z,,b964b4eb5f39f481f5a804b0e7ee3d6386c13f41d65e03e541f5af7a880dc3bb,
2214875,PRC_M2A5D1C1N2T4I1Y6I4C0H4W4P6J0Z7,2026-01-29,295,296,168,8,18,168,8,18,101,true,true,168,8,18,true,296,0,web_repair_pass,2026-10-01T12:03:10.285Z,2026-10-01T12:07:21.966Z,a5111ca83e777a155685bbdda7167a4908eaa0f3782bca47788ecfae79c9bc35,e3f82d00992c97aa93a7000e524fd9f3e02231303b53b0240f20f7ed94d26389
2214877,PRC_N2K5H1S1Q2C6T1O3V5U2N1L0D1L6O7,2026-01-29,295,296,243,0,2,243,0,2,50,true,true,243,0,2,true,296,0,web_repair_pass,2026-10-01T12:03:10.312Z,2026-10-01T12:07:21.950Z,64dfa6dc19606dc30d60b2082af851d068643d3ec51e1618bce4b764ebfaa229,92c89d193d1097493f2178c10d61dbd59594fe624d443805d63ce3f69c45124d
2214878,PRC_R2J5J1G1M2Z6M1U4T0V3J2W5X4U2F0,2026-01-29,295,296,249,0,0,249,0,0,46,true,true,249,0,0,true,296,0,web_repair_pass,2026-10-01T12:03:10.267Z,2026-10-01T12:07:21.809Z,a2300d9a2b4f737770d81cab4f91b649c5a268b4af759d33934dfad750fb18d6,a92284468b455b3179a80c9f85062d0772d18054ba8c8032920cdb5bf1387b78
2214880,PRC_Z2G5E1M1T2G4Q1A6Z3H6M5U7P5F1G5,2026-03-31,294,295,197,1,1,197,1,1,95,true,true,197,1,1,true,295,0,web_repair_pass,2026-10-01T12:02:59.273Z,2026-10-01T12:06:57.788Z,058ea12dca2f7601e63bb245e9ae72852c100b190f552b3a3129bf4a62ad94ad,7d4681c38188771cc8d8c461899d4724c569f0855a19cf2f675b6ee6499424d6
2214881,PRC_O2R5Y1V1L2S4H1C6Q3A3M1H8K6B8Z2,2026-01-29,295,296,203,0,2,203,0,2,90,true,true,203,0,2,true,296,0,web_repair_pass,2026-10-01T12:03:10.125Z,2026-10-01T12:07:21.660Z,af71bdbcc070aae2073f42fe4320f2b6458d67562c5c33ad7c5ff3127cddb7b4,65f9efd5d29d86febd791baf4c58b580ebe0e946c4b4c4c1e3ae706dbaec634e
2214882,PRC_N2K5X1Y1T2L6C1H4X0T0F3P1S6P0R7,2026-01-29,295,296,244,0,1,244,0,1,50,true,true,244,0,1,true,296,0,web_repair_pass,2026-10-01T12:03:10.152Z,2026-10-01T12:07:21.625Z,789856488bb836d225180175f9773d0a5f0cffefd56d46bac95ad8476c5c7ce8,d29a31536654ee04aac1214c3244306a26c8ff4bf2521275092826fff0ca9c7a
2214883,PRC_U2R5K1P1Q2U4Z1F6C4L4N4C7K7Q5I4,2026-01-15,295,296,212,0,0,211,0,0,84,false,true,212,0,0,true,296,1,web_repair_pass,2026-10-01T12:03:13.795Z,2026-10-01T12:07:28.711Z,90472eeb65d7ea05f2de9b8484d839211f88967d710797958a9cefed9e261f9b,181f0dfb46ab195d06195be3c3e4b0ef2d093940253c0c75351f0224ba30aad3
2214884,PRC_R2N5G1U1E2X4U1R6V3N8V5D4G2Z6U7,2026-03-31,294,295,188,3,6,188,3,6,97,true,true,188,3,6,true,295,0,web_repair_pass,2026-10-01T12:02:59.204Z,2026-10-01T12:06:57.724Z,4ea8c34662f98281e59de7fdb7f9fe580fcdecee208d3163fe388153f3eb044b,7d73c4b5d79846b19864493bab7dd61ae1265aa59d506307eb2da9e2c944e7d7
2214885,PRC_D2F5K1Z1N2V6D1K3Y5L9Q0N6O2Y7W5,2026-01-29,295,296,248,0,0,248,0,0,47,true,true,248,0,0,true,296,0,web_repair_pass,2026-10-01T12:03:10.101Z,2026-10-01T12:07:21.472Z,5fd86d000a2c03f0ba9b5142f281244af203475ba04df99d9ef41774ca19dae6,4b0436cb2eea03c0cfb7e47250af914fe31cc7f7e2589ea5e8e826583f5e1557
2214886,PRC_F2H5M1Q1Y2R6A1J3G4I4K0T5S3H5P8,2026-01-15,295,296,212,0,2,211,0,2,82,false,true,212,0,2,true,296,1,web_repair_pass,2026-10-01T12:03:13.765Z,2026-10-01T12:07:28.634Z,b6e02b2ab25bd7a6cff7f805d51cec8dad9326202824b0d888060cc1a3e55264,25a79745e7d309a8672391b6f34df7979100eea8c1cf10813e94cbca0e1850b7
2214887,PRC_Z2T5Q1B1J2E6N1K3V4G3M1J5R9K8J0,2026-01-15,295,296,211,0,1,210,0,1,84,false,true,211,0,1,true,296,1,web_repair_pass,2026-10-01T12:03:13.671Z,2026-10-01T12:07:28.522Z,80ea4c221b1153111bc719a0d242bb8ed13a69e36cd08c370ef0132713a1b43d,d0bdd60bf5437a0490aa424c963fcd973f2329e6e1eae12e1265cd356ddbcb34
2214889,PRC_R2W5X1N1R2Z6J1J3J4K1U1W5H4Z6J5,2026-01-15,295,296,210,0,1,209,0,1,85,false,true,210,0,1,true,296,1,web_repair_pass,2026-10-01T12:03:13.659Z,2026-10-01T12:07:28.375Z,6669323c0d6f8484aadda0446f80705d1e91deca5487a71e39808054e1cab3c6,55c40020f390ec8ddf41d554f4002fc8394e71df6af3b3d4c74172e098db17db
2214890,PRC_W2B5E1N1E2B6U1G3Q5D5Q2D9T3C9D1,2026-01-29,295,296,245,1,0,245,1,0,49,true,true,245,1,0,true,296,0,web_repair_pass,2026-10-01T12:03:09.988Z,2026-10-01T12:07:21.281Z,13d61528edba776a5e285802e583c31c3a443afcab469b3f55f8a82c1d464b7d,f387dadb6880babe160893f817caf02b038389e942ee8bdba771d05bf298860c
2214891,PRC_G2L5C1K1A2Q6S1B3G5L7J4X4L1C0A0,2026-01-29,295,296,249,0,0,249,0,0,46,true,true,249,0,0,true,296,0,web_repair_pass,2026-10-01T12:03:09.982Z,2026-10-01T12:07:21.294Z,33130642d0c2f5b91aa04101ff2e3d18c68ab776f9e77981eb4e99addc3e7a73,7ddaea1f45913ecd6e537bbda8f8f553c2ac698ecc864d32e054596149081d86
2214894,PRC_F2V5O1X1T2A6X1H3M3S7Y5J8H4L5S7,2026-01-29,295,296,246,0,1,246,0,1,48,true,true,246,0,1,true,296,0,web_repair_pass,2026-10-01T12:03:09.913Z,2026-10-01T12:07:20.922Z,ec4dc28c2d1993efc3dfcf367c825683f43574feb0f962a53486fea1baea7586,ae56a32bc95484e119e2469f6c00f98cb46e7c7334ee1d26be9990a7fb0ca06f
2214896,PRC_J2X5F1Y1S2J1Z1N7F2G0Y1S3H3W9E6,2026-03-12,294,295,201,0,1,200,0,1,93,false,true,201,0,1,true,296,1,hold_tenure_boundary,2026-10-01T12:03:01.850Z,2026-10-01T12:07:04.427Z,026e63630b7348114ff7cb31bbc1081852249c120f6c468b6cfe548cb9848b18,0ecbdca35284951ef41903b1bfa83df244612e770fb87f1eb3379a5b4fbe0b50
2214902,PRC_M2H5W1F1K2N6J1M3I4G7B5V0I1C9L4,2026-01-29,295,296,237,0,6,237,0,6,52,true,true,237,0,6,true,296,0,web_repair_pass,2026-10-01T12:03:09.812Z,2026-10-01T12:07:21.058Z,a5fa79de54c72bc65788c5da9c0bf2abba514595f3fec6417d5a3467fa83c02a,2eda5377854c4836c5e9730c15de2137d84b331d92787388d40ac8e4c9122dc1
2214928,PRC_L2J5I1I2Q0Q3P1Q6O3O4N0V4V1U7U6,2026-04-23,294,295,173,0,1,173,0,1,120,true,true,173,0,1,true,295,0,web_repair_pass,2026-10-01T12:02:54.060Z,2026-10-01T12:06:46.056Z,7e17ebc8ba3a67bd42d84eab15a3698fabc565c19644eb8b182e4c38a3578b08,20d0ca055ce8a50e67be1c0a3c44846743d7e9d8df45d31cf56944977e1970fc
2214933,PRC_P2F5W1P2C2R2F0W9Y4E9T1W5L3X2R4,2025-12-23,298,298,175,2,2,175,2,2,119,true,false,,,,,298,0,api_only_pass,2026-10-01T12:03:14.494Z,,fedd073dc8d64b318f84d64e4ffeeee8fd8ed179f5dc90bab8b364bc28b2aba7,
2214935,PRC_L2C6H0G2N2C5D1Q6B1C6K2J5N0A4Y1,2026-02-26,295,296,163,3,4,163,3,4,125,true,true,163,3,4,true,296,0,web_repair_pass,2026-10-01T12:03:04.218Z,2026-10-01T12:07:08.674Z,29115f699719cd078501eaf3286e17e5aa00cafe609c5f39bad2a4bed5525db9,56774caefa5f0eb96f619af2c2a0c1ef1fba2e23a213f2ca81880502bb1a495b
2214945,PRC_E2C5D1B2B0J1I2I1G4H8F4G4N6P1N0,2026-04-23,294,295,183,0,1,182,0,1,111,false,true,183,0,1,true,295,1,web_repair_pass,2026-10-01T12:02:53.994Z,2026-10-01T12:06:45.737Z,d5971e668d3b8f999ff32f5eafb4741e193688e1919fb043545849abee343def,2784a54ea6a586327d734aaf4def0ad401501fdcc21a43627308759b5ad86a7b
2215007,PRC_H2J5R1R2S0W8Z2Z1J1I4E1F6U7Y9W8,2026-03-31,294,295,173,0,0,173,0,0,121,true,true,173,0,0,true,295,0,web_repair_pass,2026-10-01T12:02:59.109Z,2026-10-01T12:06:57.767Z,5cb32b5585f71cbda724f01062308e8cbf62cf9c555439a07c3c1c24aa59f8f7,63cd41627bd29fca0601a7f74dd543b071a4e43d17fc451ccb33474ec4ae14d3
2215017,PRC_X2F5G1E2E0D8B0C6X4Y3W1X3V2W7U2,2026-05-07,285,286,210,0,0,209,0,0,76,false,true,210,0,0,true,286,1,web_repair_pass,2026-10-01T12:02:47.821Z,2026-10-01T12:06:32.830Z,94c6a2e732de979aaa78525580e104fd92de2b7e1fe0502f4819897ee3c0f5ba,f4fd86aae454bce40f1d9fdb5b52d86e725748e18f014f6e90a797db88ffaf7b
2215037,PRC_K2K5I1J2H0I4Q1Q3O1P8O1M5M3I3I9,2026-04-23,294,295,175,0,0,174,0,0,120,false,true,175,0,0,true,295,1,web_repair_pass,2026-10-01T12:02:53.951Z,2026-10-01T12:06:45.674Z,57c3b714802dffd3f61fbac7e5e2ee598e8e87295113dc431e06b136e45b750b,4afa948778aa21095f767d1d18e0e44217bd2be71264fc76f44a01e983e38cbd
2215088,PRC_W2V5V1U0U1C9D2B0B2A6Y0Z1U6V9T5,2026-06-18,285,300,249,0,2,236,0,1,48,false,true,249,0,2,true,300,14,web_repair_pass,2026-10-01T12:02:42.353Z,2026-10-01T12:06:20.818Z,ffbea160d9caf376f5720be0e697531292c6054beb9d55aadb00144647f96758,e8d29d038615a28295ff3f07be4e15a4a13e0c5344cdfbc2a85c11fb69adfd7b
2215098,PRC_N2S5E1K2O0K4N1N1Q5F4P0Q2Q0F6V7,2026-02-12,295,296,157,0,0,157,0,0,138,true,true,157,0,0,true,296,0,web_repair_pass,2026-10-01T12:03:06.807Z,2026-10-01T12:07:14.051Z,82e6bc9a54c380f28913650f1e7c53e51109747063e7abb4fbe47287224bfa0e,40b120f609d47305a6971fc154c1153d3bb42608ff88c64e2d54b59d96f8d9ce
2215099,PRC_R2G5Z1X1V2P8N0S9X2K9K2U3X6P7A6,2026-01-15,295,296,207,0,1,206,0,1,88,false,true,207,0,1,true,296,1,web_repair_pass,2026-10-01T12:03:13.562Z,2026-10-01T12:07:28.273Z,f392a1176b0ef8294c53f0809f0e7ffbbeb558e5a06c5070c066b92ee02ea866,b1e771779b48eb1c96c4f28e514fb96b6b5884cd78333044225e643f1ef1583e
2215103,PRC_I2H5C1L2T0K4O1G5F1O7V3B6R8A0X5,2026-01-29,295,296,199,0,7,199,0,7,89,true,true,199,0,7,true,296,0,web_repair_pass,2026-10-01T12:03:09.765Z,2026-10-01T12:07:20.884Z,2943a1ec3aa3282fd3035cb0de774f776fb561f4fe3e93435fff9134c75d2acf,a13c6e5fabf58708e00d10db1ad80e6d8fde3d3fa54ca00df89f47e9fbadd9d8
2215105,PRC_U2G5N1Y1C2K6D2H0K2Y1F2Q2Q8Q2D3,2026-02-12,295,296,157,0,2,157,0,2,136,true,true,157,0,2,true,296,0,web_repair_pass,2026-10-01T12:03:06.757Z,2026-10-01T12:07:13.967Z,e92321920caef08c46f3aa534481d27310bea2bd24209f3ac4eb3a18b5426cd9,5e6f33b24144e6cd5485a97c71e4a767a489c0ee7fb0a1d88bcc0da72c53722b
2215106,PRC_B2J5K1D1Q2S6K2M0T1V5Z2F6U4Y3F6,2026-02-12,295,296,158,0,0,158,0,0,137,true,true,158,0,0,true,296,0,web_repair_pass,2026-10-01T12:03:06.800Z,2026-10-01T12:07:13.878Z,86ae8f5d4df3e9425d85d09f14821e058ad4d30ced32ab6f4a7aa85c7653ab00,e9a339d95a8ba7ed447cac1769629c52baf2e41e98052699215974d19314051f
2215107,PRC_X2M5F1I1U2Y6R2R0I1W3H4Y8D0J7T6,2026-02-12,295,296,158,0,0,158,0,0,137,true,true,158,0,0,true,296,0,web_repair_pass,2026-10-01T12:03:06.660Z,2026-10-01T12:07:13.719Z,d7fba617576a95889b12684657c491423dd929d76fab9331f7d3fb711d8298e6,d048a13202b18d447acfc4128b038ff98684e8179d9b730c93fabfbfd0c21963
2215108,PRC_L2K5N1W1M2B6R1T9V4N7L3G7T9A6B4,2026-01-29,295,296,232,0,2,232,0,2,61,true,true,232,0,2,true,296,0,web_repair_pass,2026-10-01T12:03:09.818Z,2026-10-01T12:07:20.593Z,04f25b38e1682f1a6ce44b8cb5a91cbb4a28b7cf103090872977046839515d0b,6b4103f866d496d26ec7ed951afe1866434a5b9de915b5dee44d2abd17fedfa7
2215109,PRC_K2E5E1J1P1W9S1K3H0D1K2T6Z9B9B3,2026-03-31,294,295,179,0,0,179,0,0,115,true,true,179,0,0,true,295,0,web_repair_pass,2026-10-01T12:02:59.125Z,2026-10-01T12:06:57.450Z,dcd6001f5deadda559e5ade1198bf2f974bdcd2d68576b8368ed33662c3b5c4a,8b1b7d0aea34c03c8990c411c628235d87ccba6a4a5ed3047d779f6ec3a7254f
2215110,PRC_H2J5F1G1N2W6V1W9P3T8P5Z1O5B7Q6,2026-01-29,295,296,224,2,5,224,2,5,64,true,true,224,2,5,true,296,0,web_repair_pass,2026-10-01T12:03:09.666Z,2026-10-01T12:07:20.570Z,de3299d8abc23dc58bfb5eede50c3aa665ae56ff40a2765798b88b5e2e39eae2,8695bf68f6a5af8a91172be14926eaab73fb17f55a759916e383fdb0d7db9555
2215111,PRC_R2P5E1M1Y2J6U1Y9Z4E0Q5D3R2I8Z2,2026-01-29,295,296,221,2,7,221,2,7,65,true,true,221,2,7,true,296,0,web_repair_pass,2026-10-01T12:03:09.605Z,2026-10-01T12:07:20.444Z,e42309b2770ee881985410e3b69eb7970b2320287fcec780abc43717ff537256,4034e4450fc5e5c878ea3df86a67b8a0856bb078ab365772dfbe5b3a2ab84a46
2215112,PRC_M2Z5Z1R1T2R6D2D0X0S8K4D7I7T6V9,2026-01-29,295,296,213,0,1,213,0,1,81,true,true,213,0,1,true,296,0,web_repair_pass,2026-10-01T12:03:09.636Z,2026-10-01T12:07:20.182Z,e8e530c02cdaa72773f323110f8ce0a5f54aa2bf31c3f4386e23758f93b828d8,c670b41c2a2c74f1a8c2eb307bb7cf47e1ad6a397161e54c77737611bb25cedf
2215113,PRC_Z2V4M1A2M0E4F1K5Y2F5V5L3O7M4D5,2026-01-15,295,296,212,0,0,211,0,0,84,false,true,212,0,0,true,296,1,web_repair_pass,2026-10-01T12:03:13.451Z,2026-10-01T12:07:28.168Z,a3cb94e32e1a6508b696244c7c675f8b092ece8e853b0a66b7241c0c4b0b7106,0cc191a3212e556e174e803eb7c512a9617ca3a9667538893d35c7fa2a5730f5
2215114,PRC_F2E5Y1Y1P2R6O2J0Y0I1B0D9V1L0P4,2026-01-15,295,296,214,0,0,213,0,0,82,false,true,214,0,0,true,296,1,web_repair_pass,2026-10-01T12:03:13.524Z,2026-10-01T12:07:28.048Z,bdc05bf72b20f90ae0784ab7394f149acec85d3d1ee98f09a39cc55651202e82,319ca4be918267e1fd2eb2e0fbf6678c84b1e76c8d1873c5b40c03d028be9c97
2215115,PRC_T2M5T1W1C2E5S1J7G2I0Z4Z0F8J7F8,2026-02-12,295,296,159,0,0,159,0,0,136,true,true,159,0,0,true,296,0,web_repair_pass,2026-10-01T12:03:06.590Z,2026-10-01T12:07:13.676Z,a28ebed17882497febdcc064c425b38d7e68e606e92a0e21d0ab15437446dee4,951e65d1d59a2ce2e2870c22f0cb35c1ca994f3808b1d8a4e608a2b454c444d1
2215117,PRC_Y2X5R1Y1B2A5Z1X2B0U4U0A0D3I5K4,2026-02-12,295,296,152,0,4,152,0,4,139,true,true,152,0,4,true,296,0,web_repair_pass,2026-10-01T12:03:06.616Z,2026-10-01T12:07:13.566Z,4f07411f4f8f8c532dce8bde8f4e98451f1b728f2576e06d9d6cbe08f625ae53,0d3a555b6286196dab58932b58bd8cc569ebfec0fb0c0e8de262edba97d0dbbd
2215118,PRC_P2H5H1R1Z2H6K1L9B4S9Y0I8C2W1Z3,2026-01-29,295,296,231,0,3,231,0,3,61,true,true,231,0,3,true,296,0,web_repair_pass,2026-10-01T12:03:09.460Z,2026-10-01T12:07:20.237Z,a1cef6c28e40c689df15ab42de9722dcaa0b2e20385a18ce60a9130fd8e8c761,8a019464930e2e46811ed673c5a50a679d3d4ce0b70d9b6294936c084a831c50
2215119,PRC_P2F5R1K1I2H6T1Y9P5B1U2W8O1P6T7,2026-01-29,295,296,231,0,1,231,0,1,63,true,true,231,0,1,true,296,0,web_repair_pass,2026-10-01T12:03:09.464Z,2026-10-01T12:07:20.102Z,a923a1c24ba60e9c504c125aa590b19217484e22f4d87ec0b96fe727188e07d2,2e4ae638057c088fc42352ce7587c9bb634d4feae3b200be0a20728368970617
2215120,PRC_M2Z5X1Q1U2D6M1P9A5U0W0W9U4K8A8,2026-01-29,295,296,234,0,2,234,0,2,59,true,true,234,0,2,true,296,0,web_repair_pass,2026-10-01T12:03:09.494Z,2026-10-01T12:07:19.839Z,db69c1dd0db230d7cd01ee472a3f0d49a611303e35b9cc69fe21f952c2d4cc9c,e597d2883af721db3ab2498934e348f5865821caaf8e1a0202f43d0185038539
2215121,PRC_K2B5Z0A9H2L3F1I8P3O1N1S5N5D5D6,2026-02-12,295,296,157,0,1,157,0,1,137,true,true,157,0,1,true,296,0,web_repair_pass,2026-10-01T12:03:06.464Z,2026-10-01T12:07:13.332Z,c24db924ffa2dc53699a4d601c0825034862b8757a67afb7aace144b883f13b1,1c8a585e4c0ce93bf45dc081c620bd03fac5705346affd0b57e15c52be6286c6
2215122,PRC_I2V5K1T1K2X0X1L5F5Y1Q0J0J9C8P4,2026-01-29,295,296,199,1,1,199,1,1,94,true,true,199,1,1,true,296,0,web_repair_pass,2026-10-01T12:03:09.296Z,2026-10-01T12:07:19.743Z,26a26b23cb6ebb5f19c41cf6f03625bded49aad0a3740958e33919e9426a2ae3,6767480a5f39cd982be8e96a53e492e29c56f3c8a34218a2df8618a376f59918
2215123,PRC_O2S5G1K1J2B0A1V5V4T9M2E3D2E5R8,2026-01-29,295,296,202,0,0,202,0,0,93,true,true,202,0,0,true,296,0,web_repair_pass,2026-10-01T12:03:09.300Z,2026-10-01T12:07:19.827Z,5c76819413a0915e8a1ae13753f724fd7e3c50e40498ed394152be6dae8c3a57,7c190af46d45a3fab51b57e76312f3c4c1ed2d36d922fb987eea230b3e254b35
2215124,PRC_K2W5A1K1O1U8Q1I5K5D2M2J5G2A1X9,2026-01-29,295,296,195,0,1,195,0,1,99,true,true,195,0,1,true,296,0,web_repair_pass,2026-10-01T12:03:09.280Z,2026-10-01T12:07:19.520Z,12cbe69014b2942381b951a6dbb6f8b2de4db5ce24ac70513022769bddf188b1,a5aae16fbdd303d6dca3fa7dd51896dd2af8ed603aee001da3985f1d444a47b2
2215125,PRC_W2X5E1X1Y2C0W1X5P5H0M3C0P2V7F4,2026-01-29,295,296,194,2,2,194,2,2,97,true,true,194,2,2,true,296,0,web_repair_pass,2026-10-01T12:03:09.110Z,2026-10-01T12:07:19.357Z,1c9d93ba099bed1aba7c3196898f216ca16a3c77fc6d10403ce1ad94f371b6ab,36ae2cf03d31278641b009e0e805be93acefdc389e12a45517c1331d09d5afb2
2215126,PRC_X2K5E1X1J2P1Y1Q7O0W8F1P9L8H5M2,2025-12-30,298,298,221,0,4,221,0,4,73,true,false,,,,,298,0,api_only_pass,2026-10-01T12:03:14.196Z,,1c0c139f68fd4165c906d4fe45a38fad9d62152e5eddbdbf6545755ba8479c96,
2215127,PRC_K2V5Y1F1D2F1T1B6O1G3O1J2S6M9N8,2026-03-12,294,295,179,0,0,178,0,0,116,false,true,179,0,0,true,296,1,hold_tenure_boundary,2026-10-01T12:03:01.840Z,2026-10-01T12:07:04.384Z,88c8503adb6e7f7d7b93a33089485917ff5b785274fcc266e53b2313c2d59220,c027df11f68076bd65d2cb440c70126eb2791f8826392acd04feea9482a102ef
2215128,PRC_G2Z5L1L1C2F1O1S6A0I6O4J4T5B8G3,2026-01-29,295,296,195,0,2,196,0,1,98,false,true,196,0,1,false,296,0,hold_count_mismatch,2026-10-01T12:03:09.116Z,2026-10-01T12:07:19.353Z,17e9481c315416edb22640c32384476ef6987e771047272601f7053be63f17de,cb6805e8f85f4dae21d62c58983072dc42ea9f8e18b02e80050b1b1474eae2c1
2215129,PRC_Y2X5Q1D1N2M1I1A5P4C0I3Y2V2H2F5,2026-02-12,295,296,156,0,0,156,0,0,139,true,true,156,0,0,true,296,0,web_repair_pass,2026-10-01T12:03:06.467Z,2026-10-01T12:07:13.374Z,7464f093b5777dcbefb11680f2e28524ab661b00ed39ee34c1634bbadf159a47,b215f91eab8c64ca870952dc25045d52fcc3c992de87293a735828417f4ce6f7
2215130,PRC_L2N5T1Q1P2S1O1W6F0O5L4X8N0M2N9,2026-01-29,295,296,197,0,0,197,0,0,98,true,true,197,0,0,true,296,0,web_repair_pass,2026-10-01T12:03:09.022Z,2026-10-01T12:07:19.141Z,de8652db8690709bafaa3e811cf23a5f9a11a241e2261df20f71ea6336f415f2,70fdad6d15a0d8895029c2cabc79479af78102660121e9db8d5533e7f69b78b0
2215131,PRC_Z2R5S1F1Y2I1G1W5Y5K1V5E7Y0Y3P4,2026-02-12,295,296,158,0,0,158,0,0,137,true,true,158,0,0,true,296,0,web_repair_pass,2026-10-01T12:03:06.533Z,2026-10-01T12:07:13.255Z,a4a313d23e7ac0ea500f0fb028804aab582a9df07a7a32d7f948480409e8d6e1,2e00edd3f91510b8aaf4d3e1291ed287edaf21c90dbb4db9e542e1f5bfc95480
2215132,PRC_J2B5O1U1J2K1I1P5I4L8M3S4T3R7Y0,2026-01-29,295,296,194,0,0,194,0,0,101,true,true,194,0,0,true,296,0,web_repair_pass,2026-10-01T12:03:08.846Z,2026-10-01T12:07:19.029Z,0d9a71975078c3dea60ad4ae6691c3b941b9c18653334e35b6a93f3f159c0829,e0eab4ae7e494d91670367551bd614239d379cb397f21d21149e0faa6340ca4b
2215133,PRC_A2G5E1A1Y2K1Q1B6B2S3O1E1G6O7Z0,2026-01-29,295,296,190,2,4,190,2,4,99,true,true,190,2,4,true,296,0,web_repair_pass,2026-10-01T12:03:08.851Z,2026-10-01T12:07:19.023Z,0bd8fea3197504496575450283f3da280fd0e5fbbdf833bb82121ae222b620d2,330503704e081b9b969dbd8906995d865baf4db5e7c5ef1c947c9e093185e92a
2215134,PRC_A2V5D1D1C2J1T1I6O0C9G4V4E9C9E8,2026-01-29,295,296,196,0,2,196,0,2,97,true,true,196,0,2,true,296,0,web_repair_pass,2026-10-01T12:03:08.868Z,2026-10-01T12:07:18.769Z,e5bfa0846b352a8896f83c1c32409cc536ab6c808e82fcea82a12dc23b4b58db,a2ec284f64b9e465f2a1cf0698936bb6c6e52dcee2f1e9499c6e05cf0f8db434
2215135,PRC_S2F5S1Q1I2S1G1M5U4E6C4S6U0B9K9,2025-12-30,298,298,227,0,3,227,0,3,68,true,false,,,,,298,0,api_only_pass,2026-10-01T12:03:14.189Z,,3fb2fcfd6c060ca8c4d8d4a8c0a15bf21bbdab870004ac19c8edc472d490d5b9,
2215136,PRC_H2A5D1Z1P2K1S1G6X0P8N1A6D3T7E3,2026-01-29,295,296,191,0,2,191,0,2,102,true,true,191,0,2,true,296,0,web_repair_pass,2026-10-01T12:03:08.684Z,2026-10-01T12:07:18.718Z,318e35e7999c7967f22ab61f43c36352a0f65ce52ffa9a34375564e5a5c6d902,bd21413f3fb00dc950f3e41eb7d73f118a17c6fd7ca97b0180c3979dd70a425b
2215137,PRC_Q2A5X1E1N2R1K1H5N5L0P0W5U9X3S4,2026-02-12,295,296,158,0,0,158,0,0,137,true,true,158,0,0,true,296,0,web_repair_pass,2026-10-01T12:03:06.327Z,2026-10-01T12:07:12.999Z,8261b0a646430585c08e034aa8ac885ad28f6a5e07b8f3c92a4c956e0406eaf5,7f7996502f51142a4015490abb5406bc7f06f0a2065514d0b1990cbbd9208e85
2215138,PRC_P2F5G1T1Y2Q1X1X7T1Y8Z3N7T6S4H6,2026-02-12,295,296,157,0,0,157,0,0,138,true,true,157,0,0,true,296,0,web_repair_pass,2026-10-01T12:03:06.310Z,2026-10-01T12:07:13.025Z,c66c475a4e2e2cecd34e3b876444e4ef9ac84cde0cc5b34cf1e9896922a11773,820ef0edf2b2a87b732a5005f1c3ae4ec5c4894f9571267de39c7dfb3a7895ea
2215139,PRC_J2U5V1Z1L2F1T1Y5X4X5L3L5C0Y9R3,2026-02-12,295,296,157,0,0,157,0,0,138,true,true,157,0,0,true,296,0,web_repair_pass,2026-10-01T12:03:06.305Z,2026-10-01T12:07:12.927Z,771ce77156478267aa8b5b8c6ec2f38507e7c4983c6eff5addbaae7d8a433e1d,1874b13867345ad2eb8adeb9ac1551133797a28aab56bf2fb4441ddd9b8ced76
2215140,PRC_S2J5Q1C2W0F9G1N8M2R7W3C5Q1A3H4,2025-12-30,298,298,227,0,1,227,0,1,70,true,false,,,,,298,0,api_only_pass,2026-10-01T12:03:14.281Z,,84d69bf81029e8e5d6dbc948c65c17add9c25d41859e2033a6c0f190ff150ed8,
2215141,PRC_I2D5T1A2J0Z9V1I8R3S1S0Y5G2D2R7,2025-12-12,298,298,160,0,0,160,0,0,138,true,false,,,,,298,0,api_only_pass,2026-10-01T12:03:14.836Z,,5c7eb47cf777dfe5a17359f57cc5939090162eb6b6354672db645e1b94b42123,
2215157,PRC_D2O5A1I2O1O1W1T1F3A7P4C5R7D7X5,2025-12-11,298,298,250,0,1,250,0,1,47,true,false,,,,,298,0,api_only_pass,2026-10-01T12:03:14.896Z,,034f80d98dce12a4e763ec2db4db48d9b424204b64ce517740a5214c9dd1d1a3,
2215184,PRC_W2E5F1D2C0C9J1H6I4G9H5F7G1C8C1,2026-04-23,294,295,186,0,0,185,0,0,109,false,true,186,0,0,true,295,1,web_repair_pass,2026-10-01T12:02:53.888Z,2026-10-01T12:06:45.716Z,c71ddb1a7754797d1256e3c567e1910d73902ca9dc764722434ee268a440a80b,12d4cd2bdcb13ba4640a3e051ebf35b36e52bef030d160eae20a422ca2e4cd2d
2215246,PRC_S2R5S1Q1Q0Y6Z1X0Y2W8X4V6R3R1Q1,2026-08-20,284,299,200,0,1,187,0,1,96,false,true,200,0,1,true,299,13,web_repair_pass,2026-10-01T12:02:39.084Z,2026-10-01T12:06:13.849Z,94344f8fd729fcf2ba975f770fe7295522f1f7f2e223989ae7fce905474dad65,f1ca5100f38f4e057d65ccc57cf7eb4e835002ec9b96dbec951f801561027284
2215250,PRC_J2J5I1J2H0H9G1V5W4U8U0S6T2S3S4,2026-05-07,285,286,165,0,0,165,0,0,120,true,true,165,0,0,true,286,0,web_repair_pass,2026-10-01T12:02:47.631Z,2026-10-01T12:06:32.620Z,5307e8ffadb9eabc261f337ce7a43d32a81c800e808d5d292f07a60f6fd421e1,5a21f530f81956f77acc05647f3930e1a4f810ce46b24507ba5e8c9dc7a5dfb8
2215251,PRC_O2M5N1V2T0U9S1T5R4R8A4A5Y9Z3X5,2026-05-07,285,286,163,0,2,163,0,2,120,true,true,163,0,2,true,286,0,web_repair_pass,2026-10-01T12:02:47.618Z,2026-10-01T12:06:32.616Z,47ee8bc823e0f20b4f1bc0be0b0fc9af28c77ca4b1c57abd0dda4a16c9129963,750ca02bed8e4a14cddc15399694c48b09bdb831bdfe2502e479b9ad8cd735bc
2215301,PRC_N2V5W1U1U0T4R1S0Z5A1Z2Z2Y0W0W6,2026-08-20,284,299,182,0,2,172,0,1,111,false,true,182,0,2,true,299,11,web_repair_pass,2026-10-01T12:02:39.020Z,2026-10-01T12:06:13.836Z,7dfd361341fba3d9a09277d0d97c4c12f2707881dd6853bc1f31eb3197cca8b9,c2d4d4c4bdb26581068b5bef35a50185c089c6884edf74e20e7e52227410c809
2215311,PRC_O2P5N1V2W1U0U1T6U3S2S4O8N0N5L3,2026-08-20,284,299,184,1,0,172,1,0,111,false,true,184,1,0,true,299,12,web_repair_pass,2026-10-01T12:02:39.062Z,2026-10-01T12:06:13.757Z,e3ad223db102cee3f4b9bdadd5635f3554ca06402b2c1164563b47f629f6f2b8,d13fc1ad22bfbda73a0b1aba02b25b65343578895ad8d0c6d1e15fe9d6cf60b1
2215375,PRC_R2R5E1V2B1D2B1I7P1N4H1P2J0I0W9,2025-12-22,298,298,223,14,7,223,14,7,54,true,false,,,,,298,0,api_only_pass,2026-10-01T12:03:14.707Z,,d42b3c0cb387bcc6bf3f9e3e4a792de6279fa2828a5d17703075b1ed16a5715b,
2215378,PRC_V2W5U1V2C1D1B1C4A3B1Z3H3I0G5H4,2026-08-20,284,299,177,0,7,167,0,6,111,false,true,177,0,7,true,299,11,web_repair_pass,2026-10-01T12:02:38.904Z,2026-10-01T12:06:13.504Z,97416c0886598bec4b436359643ca91154d4d8d9ac9e3a495537a3f773f326bc,09811af42ad414e7ab0bf069a3fc9d3ba24b846f578585629383069efb494ed2
2215389,PRC_T2C5S1N2G1I5T1A4Q0N2M0L6M7E0R9,2026-01-29,295,296,198,0,3,198,0,3,94,true,true,198,0,3,true,296,0,web_repair_pass,2026-10-01T12:03:08.677Z,2026-10-01T12:07:18.690Z,87f3a4d7f0649e58bc418c88f2177c70da439f397a3adebd6e2a3668938b3a98,2e2b26d12eb91d9ad69986db97f8dc3150c08305eddc26f3059d0c97e3b9c75b
2215392,PRC_O2Q5Z1O2I1X7Q1N7K2O8Y1G0B6F6X6,2026-01-29,295,296,201,9,24,201,9,24,61,true,true,201,9,24,true,296,0,web_repair_pass,2026-10-01T12:03:08.697Z,2026-10-01T12:07:18.399Z,dead776fe4bae0bacb5ab1ae62cbe7648c778c83544f7975c764c1906553fa6b,b6afe7b7e2164babce8bb4c5ad27cee64d75a3ea6ee7db700ccf6d47262d7e5b
2215393,PRC_U2D5Q1C2Q1Q5G1J4K0Y3E5T0K1I2O9,2025-12-30,298,298,225,2,2,225,2,2,69,true,false,,,,,298,0,api_only_pass,2026-10-01T12:03:13.999Z,,1b5c54f8ae92551e2c3d2f5a12eadb2e613a22d536e7d9959eeae94ed26d95b2,
2215394,PRC_V2M5O1V2S1M5X1D4F0R4E2G2Z0B0Z0,2026-01-29,295,296,204,0,1,204,0,1,90,true,true,204,0,1,true,296,0,web_repair_pass,2026-10-01T12:03:08.541Z,2026-10-01T12:07:18.394Z,ccb4c8f3804244467683d24c3728c09c00b05c1f07cac3d879b67555263b53da,839a266c126f5616dda3090191b228c56942a13cda83fd00701d9c674bbe9453
2215395,PRC_Y2O5X1F2P0F9D1E0O1R8M3C6A3K1B9,2026-02-12,295,296,159,0,0,159,0,0,136,true,true,159,0,0,true,296,0,web_repair_pass,2026-10-01T12:03:06.168Z,2026-10-01T12:07:12.706Z,43fd4808f51ed46c5dd7b1f4934b415675899b0d30d245788280d7e73fb4bdb1,f30ba94a10d0a29bb7046e04e84f9f00e754b79465ce14e9b0c396f92644698d
2215396,PRC_H2S5U1Q2Z0P9O1V0D2S0N5I6X7B0T2,2026-01-29,295,296,230,0,0,230,0,0,65,true,true,230,0,0,true,296,0,web_repair_pass,2026-10-01T12:03:08.536Z,2026-10-01T12:07:18.316Z,d7ec7b96855b6de5ad40ec7adc78591ceb762624645309d81fd122bb58933f1d,49e7f1f120287e8814fe123dde73915ef72a8a96e184ad610caaf2798103354f
2215397,PRC_J2Q5J1B2J1X5S1I4O1Y4K4T0G0Z7E6,2025-12-30,298,298,229,2,1,229,2,1,66,true,false,,,,,298,0,api_only_pass,2026-10-01T12:03:14.036Z,,1118997041239d520c6427122fb90c58b5498fbcc7fbcda00585f021ab7711a2,
2215402,PRC_J2Z5N1G1P2Q0X1Y5U4Z1K0A9N4V9K4,2026-01-29,295,296,205,0,0,205,0,0,90,true,true,205,0,0,true,296,0,web_repair_pass,2026-10-01T12:03:08.486Z,2026-10-01T12:07:17.971Z,bce2ef76422ba3c15efab31877e555c913e7099bb6a0cdf8674e1c18f647cbae,da4197a8277dc650a6c435c499607ad8e752a449c045145e79d494f3c469abe1
2215403,PRC_G2T5F1J2L0R9L1J2P5M9D4V6T6C2S7,2026-01-29,295,296,199,0,0,199,0,0,96,true,true,199,0,0,true,296,0,web_repair_pass,2026-10-01T12:03:08.334Z,2026-10-01T12:07:17.950Z,c6ea00974ceed81fb319eb8265933be4941486a5fb5ab68f7b3aff4d002bd005,9b6be125f3a88e454af5a74f294822d48d3b5f5ee73e2c40775119e5071ef77e
2215404,PRC_J2W5O1O2Z0R9A1B2V5Y6K5D5G4V9B1,2026-02-12,295,296,156,0,0,156,0,0,139,true,true,156,0,0,true,296,0,web_repair_pass,2026-10-01T12:03:06.162Z,2026-10-01T12:07:12.682Z,b29cd34cf2080f0dc14b0314af5710502494dcd1aa7ad894a57b3152d84377ff,787485a6cb2c1fc5bf9c5e3ae7471482b31217964e4eb0082e4b2a2693155f40
2215405,PRC_O2H5K1E2T0I9Y1J2Z5W9Z0S5Q9H4M3,2026-05-07,285,286,170,0,0,170,0,0,115,true,true,170,0,0,true,286,0,web_repair_pass,2026-10-01T12:02:47.638Z,2026-10-01T12:06:32.498Z,ce04664a406c10fc03ba35d1e8128023d0c178406d28ba69b0ab334eb7abe8aa,ef349c67bdd61f6cbbdf7b756481d89f8c9d28773f20d451c2bb4c1965168cfe
2215406,PRC_V2G5Q1I2C0L9Z1F5D0U1M3A2A7G2O1,2026-01-15,295,296,207,3,0,206,3,0,86,false,true,207,3,0,true,296,1,web_repair_pass,2026-10-01T12:03:13.405Z,2026-10-01T12:07:27.947Z,be2ca400d2ce74b830dcd31a377448172deb07f2e8d4bcbb6ae59258b4a108c2,07bb76e31356abe64d24ceaaa5707e813f38f44a2ac0d587a4c65eb935489322
2215407,PRC_L2J5Y1R2O0O9F1C2D5G8Y3W2O8B2V0,2026-01-29,295,296,197,0,1,197,0,1,97,true,true,197,0,1,true,296,0,web_repair_pass,2026-10-01T12:03:08.337Z,2026-10-01T12:07:17.954Z,ea67a376a7dba4980dbec861b06c7e52a7e5c3646cfe3a1328f2e98a3ded0aa5,9bb13bcfcb45d775031d1264cadb009cd26b5639405cc9465fd2d21ec37d1f35
2215408,PRC_O2F5V1L2L0C9L1C3G0H0I5L5E2D0U0,2026-01-29,295,296,199,0,2,199,0,2,94,true,true,199,0,2,true,296,0,web_repair_pass,2026-10-01T12:03:08.353Z,2026-10-01T12:07:17.632Z,b9f6f8e49dfa7709e8021948797cda3831a6f05e4a9cb4da0ed9318c87856fbb,59960ca7feb7cf7e2bd0c0b9c14b2f9d9c96e92865a9a7bdb2e315ff0747d0f7
2215409,PRC_Y2Y5M1O2D0E9K1F5X0A2V2D1D0W1N1,2026-02-12,295,296,151,0,0,151,0,0,144,true,true,151,0,0,true,296,0,web_repair_pass,2026-10-01T12:03:06.201Z,2026-10-01T12:07:12.614Z,d3fe147521fdcd8d26b308c72ddc69c755a72cb1902397fc41f608a7c254f926,85e218e65e63f137656c1647f5194a25e0ba5b14b3dae910be697e73b6aa6a87
2215410,PRC_N2T5N1U2Y0G9B1Y3T0F1M2U6E7Y6W5,2026-01-29,295,296,194,0,0,194,0,0,101,true,true,194,0,0,true,296,0,web_repair_pass,2026-10-01T12:03:08.173Z,2026-10-01T12:07:17.589Z,71d26f39c40b0061b7e6668f11c793aa2cf5f2670c8b0330327c5c13b742619e,d2a66cd7ff7e73b4152ddb367e61b7a28ae2f6bd8d2d04746bf74af61b32ab9d
2215411,PRC_S2C5L1C2Y0R9X1D3B0H2N4C5N8I4Z9,2026-02-12,295,296,149,3,3,149,3,3,140,true,true,149,3,3,true,296,0,web_repair_pass,2026-10-01T12:03:06.035Z,2026-10-01T12:07:12.403Z,83c028ce83cd4e587f6a52bd9fa83e676080bc20238396fab34ca98f2105c6ef,9adeea3e3efcb77b87f56be96a101c5a4e217196cd9b38609b85f3e5d0d62b3b
2215412,PRC_A2Q5I1R2E0P9I1N3O0Z2P1F2G8G3B0,2026-01-29,295,296,197,0,0,197,0,0,98,true,true,197,0,0,true,296,0,web_repair_pass,2026-10-01T12:03:08.149Z,2026-10-01T12:07:17.571Z,cd9519d707bcc312eecd87da9e478e59ccabb73a6a0ec571457301fbeb3f147b,45bf3cece171bc8403fddbaf87ab770197b29a27c1bdaff8f30a3716b9ffec3f
2215413,PRC_L2S5A1G2U0Z9O1Y2W5F8K0A1C7D2Z6,2026-01-15,295,296,207,3,0,206,3,0,86,false,true,207,3,0,true,296,1,web_repair_pass,2026-10-01T12:03:13.279Z,2026-10-01T12:07:27.845Z,90f723a4c09dd7e964494ce40adf1ed6c98aafb3b6364b28cdd0be539d66d8b3,cebf34d55fdf436e0ccedb3896ebe169264d6e09bdf7e5ff3fe49dac6aa33b2b
2215414,PRC_B2B5W1R2J0X9V1R3N0R5M1A0Q1J0L0,2026-01-15,295,296,212,0,1,211,0,1,83,false,true,212,0,1,true,296,1,web_repair_pass,2026-10-01T12:03:13.230Z,2026-10-01T12:07:27.695Z,135871f42b0b8f5e6916c2e8d03c6c32a74b8acc8b66a9e041c877526943a5e0,7ac3ca58abedd39b27439e0ae47b15843ea54c3683200794ec702bd19210e809
2215415,PRC_J2M5U1Q2N0U9Y1W3J0D3D1O4J6B9R2,2026-02-12,295,296,157,0,0,157,0,0,138,true,true,157,0,0,true,296,0,web_repair_pass,2026-10-01T12:03:06.009Z,2026-10-01T12:07:12.369Z,0161904bd3eb13f11384e064b76c9336f797fbd429c2bdb1793db8018be904ea,6e45ed2b5dc93670d7dec488122fe3b9b1431799128ce8c19eab0c065e04b804
2215417,PRC_Q2E5N1P1F2M8T2T1N5E8P5P7V8S4O5,2026-01-29,295,296,203,0,1,203,0,1,91,true,true,203,0,1,true,296,0,web_repair_pass,2026-10-01T12:03:08.143Z,2026-10-01T12:07:17.170Z,cda6df956f709cd0ef00e9e83d51bc3367132765be3e42d009a8b99857d13ddc,faed8d8b4850fd009a43cec2668be0b327fedcaa46db8b35e4d4246e250eb2bc
2215419,PRC_M2U5P1D1T2F8D2S2S2L7G5J5M4K8Y0,2026-02-12,295,296,158,0,0,158,0,0,137,true,true,158,0,0,true,296,0,web_repair_pass,2026-10-01T12:03:05.967Z,2026-10-01T12:07:12.289Z,a2824f9c460901cb720dd8c1eeb50f52b1ac8f8cc02b997d98e775b299431633,3b84b27d3acc8e5a2284dfa2469015f0b6e17977832458297402f65dc244df09
2215420,PRC_D2J5P1W1G2K8U2Q2X1K9C2U8C4N2E1,2026-03-12,294,295,197,0,0,196,0,0,98,false,true,197,0,0,true,296,1,hold_tenure_boundary,2026-10-01T12:03:01.670Z,2026-10-01T12:07:04.047Z,c2e4d718585aaa2801f2d80498c73bb24bdd4e29d4128725008fc05e22c129d8,712cbc2902c217acb367f24b0c6e3ce38473b59c01d1e2cebea0a2b7bbaf215e
2215421,PRC_D2F5T1D1S2K8V2I2H2S6R1D9I2I7E5,2026-03-12,294,295,195,0,1,194,0,1,99,false,true,195,0,1,true,296,1,hold_tenure_boundary,2026-10-01T12:03:01.641Z,2026-10-01T12:07:04.042Z,68698fbc6b23194b97ad4f511c26e8d093301cfe0e22968bc41be434f7faeb22,26d55b5286cc198dae689aad4e9ab05c4c4da51dff67f5d796fbc820cdc4a8a4
2215423,PRC_R2T5B1O2S0Z1K1R9S1D7P2P0N9M5C1,2026-01-29,295,296,203,0,1,203,0,1,91,true,true,203,0,1,true,296,0,web_repair_pass,2026-10-01T12:03:08.049Z,2026-10-01T12:07:17.190Z,05839ec5b0e805d35c67f4c829d805c052f86defea2cfd2d30aefddbd8d37b1c,fb18f5267355da3808352b3a7325741e8dc20be01cd44c94b1a03537dc9a3a15
2215432,PRC_S2R5O1J2M0J4Y1Q0Y5J2G4A9K4X0B8,2026-01-29,295,296,241,1,0,241,1,0,53,true,true,241,1,0,true,296,0,web_repair_pass,2026-10-01T12:03:08.010Z,2026-10-01T12:07:17.238Z,fdc2c456daa352c1836117ab2068719c75d411c8993bdd2bbb81f4a5058f76a7,848b85636a53cc67d3bcd620817a64cb75d9b9650f14f9327dc8f2fb8eb8c95a
2215433,PRC_J2S5C1P2L0Z4I1N2O0H5U1X9F5X8N3,2026-02-12,295,296,157,0,0,157,0,0,138,true,true,157,0,0,true,296,0,web_repair_pass,2026-10-01T12:03:05.833Z,2026-10-01T12:07:12.077Z,3e3d90dcf4991e1c6cd5e79036aa8e8f64c2cd07d073a61c69490547945ac01c,5c6e1ef616bbb7173da99a5e23c97a0057d5bfb641cd0d5c8317dc2e9cad1c62
2215440,PRC_T2D5M1Z2Z1D0Q1N0M0H7A0O9F5N8E5,2026-01-29,295,296,225,0,0,225,0,0,70,true,true,225,0,0,true,296,0,web_repair_pass,2026-10-01T12:03:07.948Z,2026-10-01T12:07:16.804Z,26b3fc0985573c0398585abb9a92e9637a9a31462d6c90322cf38c757a286fda,81f2e3c364b8b73f215982755641ae35477e38525bf9e811997b0e8c3d4b6afe
2215443,PRC_X2W5S1I2J2K3A1G1A3M0N0R4A0Q3D2,2025-12-24,298,298,170,3,4,170,3,4,121,true,false,,,,,298,0,api_only_pass,2026-10-01T12:03:14.429Z,,f10c6d3b568042438b0bade6d80bd5a064df8065667e33ca288694d0dc098512,
2215445,PRC_T2U5S1A2B1Z5A1Y6Z2X2Y5T8U8S1R1,2026-08-26,284,299,215,0,3,203,0,2,79,false,true,215,0,3,true,299,13,web_repair_pass,2026-10-01T12:02:34.905Z,2026-10-01T12:06:05.030Z,1416e2b47a194fa7a44e31e229620ed974a957b7faac51cb92232e15c51a4c33,16a29f9abc23da7999af640929a7e396c09dff5fb8e27ba4d06d93ba31dcd663
2215464,PRC_X2X5W1K2I1Y9S1P6W5X8D5A6P0V8Q4,2025-12-22,298,298,245,0,1,245,0,1,52,true,false,,,,,298,0,api_only_pass,2026-10-01T12:03:14.701Z,,5df4476990954a81a37c7ccb51afd81232ac6aafc53e8ca7049b71c4e135a5ad,
2215469,PRC_H2F5G1E2F1N8N1M4M5K9J4K5R6S8Q1,2026-08-26,284,299,204,2,9,192,2,8,82,false,true,204,2,9,true,299,13,web_repair_pass,2026-10-01T12:02:34.986Z,2026-10-01T12:06:04.982Z,f6380bd6cf06d391a42ec13fbb93f865fda4cefb93bc57a4cee0357182b9051d,51b5bf27411915500df8ab2585965244c9ab8e884c2835a9c8cbf45f00be39bb
2215486,PRC_A2W5X1V2W1U5U1T1B4B2A5A2Z8Z5X1,2026-07-23,284,299,184,2,8,175,1,8,100,false,true,184,2,8,true,299,10,web_repair_pass,2026-10-01T12:02:40.752Z,2026-10-01T12:06:17.282Z,d631910bff163595e3e768b13e74a21bafdcec057aaab0d650130bbdd12ee0b5,34ddd4f7085e5361c85cde301fe1c0d731df0b568c3d93395f32404eaaae855e
2215487,PRC_H2F5B1B2A2A2Z1Z1Y1Y8G3E1F6E3E5,2026-01-16,295,296,172,2,0,172,2,0,121,true,true,172,2,0,true,296,0,web_repair_pass,2026-10-01T12:03:13.155Z,2026-10-01T12:07:27.637Z,074e47ccdca071acaac7275f3e6dee78b61371d04c9a892034d57e88ec76300d,b509741890a1de9dda6b7b75be1402161ebed24aa8aa8f7373e58b2c7811d970
2215502,PRC_C2K5L1J2J1I5J1H6H4P1Q5O5N8N4L1,2026-09-03,283,299,268,0,2,252,0,2,29,false,true,268,0,2,true,299,16,web_repair_pass,2026-10-01T12:02:33.274Z,2026-10-01T12:06:02.612Z,4b8012a7cd27383d1f8d6a2318c8cd76ab591710d69d0b95641a59f6a59e9877,79bfa448ccc8a8c7c9fe8808a5d40ae5dcf454291bbce27ee056187b6a0345a7
2215553,PRC_L2J5K1J2H2H3P1P2O1P5N1N5M1U5U1,2026-01-29,295,296,166,46,27,166,46,27,56,true,true,166,46,27,true,296,0,web_repair_pass,2026-10-01T12:03:07.875Z,2026-10-01T12:07:16.781Z,5ebcf81808b2cd6cb9030b9cae4841b96e21c2eafb9a87923dca048d09a6784d,ef880d833a5e77b91efabf7174bbf85aeaf47adc4446f12f00a14b2048061925
2215593,ARC_P2L5Q1C2W2X4W1G2R4Q8S2Z6J4U7I8,2026-06-18,285,300,250,0,1,236,0,1,48,false,true,250,0,1,true,300,14,web_repair_pass,2026-10-01T12:02:42.345Z,2026-10-01T12:06:20.832Z,2a4b34a1a7ca4d17b279c84a39ce7e3bd6c9e03dcbe19555e4b10c2ff3dd8830,99a438f7486885df82f548bef814430d3af944f6ca0a5b028d4fba92ac6013d6
2215595,PRC_S2B5B1Z2A2Y2Z1X5T5T1S0S5Q6R7P3,2026-05-07,285,286,164,0,3,164,0,3,118,true,true,164,0,3,true,286,0,web_repair_pass,2026-10-01T12:02:47.483Z,2026-10-01T12:06:32.314Z,ca2d1514c9fa2086f2670569c0f5c27fc86f903c6e67c39e48ee791cf4b5bb6a,95cd0be4e0862ecf14aa38dbcf56c01246f874315c6a5fcf16d5631e9ab5ba81
2215601,PRC_U2T5R1S2Q2Q3Z1Z6X2Y8X0V4V7D5E2,2026-04-23,294,295,183,1,2,183,1,1,109,false,true,183,1,2,true,295,1,web_repair_pass,2026-10-01T12:02:53.797Z,2026-10-01T12:06:45.385Z,ef2006d8cd029c4607d6c4de7330d4009a0a85c141235ef67c0bc05c06357bd0,d17c524de4c9d1fd5008d5450a9f640dec7cc411691fa62cf93ca2094f099c13
2215614,PRC_D2B5C1A2B2J3J1H4I5H0F1F8N4O6M5,2026-08-20,284,299,155,5,11,149,3,9,123,false,true,155,5,11,true,299,10,web_repair_pass,2026-10-01T12:02:38.845Z,2026-10-01T12:06:13.476Z,1a935852099fdaf91e9118a3e61cd3acf98310ec5ea0a967692327f7379da631,f983b83a20c9ad5d36724ea3d5dce6b3ce056fde7e68af132f550c6c9be5d54d
2215709,PRC_Y2X5T1T2T3N0N1S0S4C0O5W8E2O0A3,2025-12-30,298,298,227,1,0,227,1,0,70,true,false,,,,,298,0,api_only_pass,2026-10-01T12:03:13.975Z,,6f542f0bf5895b3600acd02b2c4b874b3a1dc6328b7a18f926c73a2aa429aa4b,
2215741,PRC_V2U5C1C2A2B4Z1A2Z2Z2V2V0T1U3T4,2026-04-23,294,295,174,0,0,173,0,0,121,false,true,174,0,0,true,295,1,web_repair_pass,2026-10-01T12:02:53.831Z,2026-10-01T12:06:45.237Z,b088df41f949bbd0ee54a0e957aa1235761c0ad9d30ee6edf4b35659329d852a,ba0ba7ff780ac7fc1198d7e4086c791a4f5616761b7d16fb3d29151fc29fea7a
2215770,PRC_S2R5R1Z2Z3Y0Z1X0X0W8W5E5E9D5B4,2026-04-23,294,295,172,2,2,172,2,2,118,true,true,172,2,2,true,295,0,web_repair_pass,2026-10-01T12:02:53.605Z,2026-10-01T12:06:45.250Z,d58aa62eb48b1ae4168eea79d8b51ea56d9a14c14466c8a41f29f732b1128791,9d0692862e94f70935a45e622ae788a8ff71897ab22a00f30e36cc29aef5ece5
2215796,PRC_C2D5B1A2A1Y6Z1H4H0G2H0F0F9E7E8,2026-07-23,284,299,178,1,5,170,0,4,110,false,true,178,1,5,true,299,10,web_repair_pass,2026-10-01T12:02:40.756Z,2026-10-01T12:06:17.254Z,cbae5ae6af514b8eaa7ee35072c62491a40532bb974f64e403b92d42c4a17f58,ea1294eda773653e5ec1b3d1007f24cb8171c6ed5b17aee8719f62f19582661a
2215900,PRC_B2C5A1A2Z2Z9X0Z9N2O4M1N0L2K0K6,2026-04-23,294,295,175,1,0,174,1,0,119,false,true,175,1,0,true,295,1,web_repair_pass,2026-10-01T12:02:53.699Z,2026-10-01T12:06:44.930Z,c9afa0633090a99744966506af4ec79a34864a1dff64cfa44a8ed78f841fa989,3cd064b79d36d43aeb3b92e6358fddf1f37839cad56436976f0cdbb5d3f1b0b9
2215902,PRC_I2J5I1I2G3H0W1Z5X5Y2F0G2F8D5D0,2026-07-23,284,299,212,0,1,201,0,1,82,false,true,212,0,1,true,299,11,web_repair_pass,2026-10-01T12:02:40.648Z,2026-10-01T12:06:17.297Z,4be272ac112b3b864e70e5f27505b8b80b79330008922b0cea58a84f1e9fc804,21009c871b20367247d3273a1e157c487f2dcfbf5410548e8c288eb992829787
2215907,PRC_K2L5J1K2I3J0E1F5D5C4C3A6B1J5K1,2026-07-23,284,299,210,1,0,200,0,0,84,false,true,210,1,0,true,299,11,web_repair_pass,2026-10-01T12:02:40.602Z,2026-10-01T12:06:16.968Z,e02e82e333b282b78e5567229d50bdc920fb1c5fd9d6f3f255d3f174d488ed57,6004333591b14282b22e4cbf01e44e0a10e2c5fac1780c309fb1e9c033e01beb
2216013,PRC_V2W5U1V2T1T8B1C5A5B3Z0A1Y4Y0G2,2026-04-23,294,295,215,0,0,214,0,0,80,false,true,215,0,0,true,295,1,web_repair_pass,2026-10-01T12:02:53.634Z,2026-10-01T12:06:44.842Z,ed3450da919111f6b7408115d32d96e7c4c64aab782ea657736721d4f5ddee2f,dce1535bdd7da7abf54c44931f476c74d90a97adf6256df7141768b01e4da0cc
2216035,PRC_L2J6J0I1I1A3A0I9J4I4I1G6H7G1N5,2026-09-03,283,299,269,0,1,253,0,1,29,false,true,269,0,1,true,299,16,web_repair_pass,2026-10-01T12:02:33.265Z,2026-10-01T12:06:02.598Z,80838d0e6a0e27ca544ee295abb71a7b1d4fc0001f1b004444718676e0890b64,42615b2ddfb8e20de846b1105eba703f1fc1007576f8e0d407959d148d378eda
2216050,PRC_Q2Q5P1P2X1Y9W1V5V3T2U3C2D7B4B9,2026-05-07,285,286,209,0,1,208,0,1,76,false,true,209,0,1,true,286,1,web_repair_pass,2026-10-01T12:02:47.432Z,2026-10-01T12:06:32.283Z,df595ff2774370213dd3feea1aa36d0f334ab97031bbb147d28dc289116c0d20,34502e826ed741f402bc4bfcb0d4396ed7ead13809a4bba01d4bd5f5fba81760
2216089,PRC_B2J6K0I1I1H3I1G6G0O0P3N8M8M9K6,2026-05-07,285,286,177,0,3,176,0,3,106,false,true,177,0,3,true,286,1,web_repair_pass,2026-10-01T12:02:47.436Z,2026-10-01T12:06:32.168Z,eab8b97fbb3cc6c78cc4f0a174ea1f686081a89a03d8785596a0492ff57b5352,1b3d58162212506a2f372a906d47314ff6a75f3c5f4f2025bd549576b16b30af
2216091,PRC_V2W5U1U2C1D9B1C8A2B9Z1V6V4U0V4,2026-09-03,283,299,265,0,0,249,0,0,34,false,true,265,0,0,true,299,16,web_repair_pass,2026-10-01T12:02:33.216Z,2026-10-01T12:06:02.566Z,35a91645a9e77f5f6695b891d5e27b665b15a76fbf1e58fd7861ffafeb9e01dd,faff485c9b6770ab37baf613ad3567ef44d02ed4a50386155ded3a88450d3f03
2216106,PRC_S2Q6R0P1Q1Y2Y0W9X4W2U1V7C3D7B6,2026-08-26,284,299,222,0,0,209,0,0,75,false,true,222,0,0,true,299,13,web_repair_pass,2026-10-01T12:02:34.793Z,2026-10-01T12:06:04.897Z,f263cf6430e73200f855e5a899e318a51d1c8825cb463e72db2c8589d331642e,e6bb205953019cb186834b405bb2b0030657fb9962b7d61a230c653127063502
2216156,PRC_E2C5D1B2B3J0K1I6H1H9G1G1C0D3B5,2026-09-03,283,299,248,13,4,234,12,3,34,false,true,248,13,4,true,299,16,web_repair_pass,2026-10-01T12:02:33.125Z,2026-10-01T12:06:02.257Z,a227e3271306f4041111ee137d0b38fbb7b6ed7e9c16bfc2c38a50ec6c22e55f,550f2154dcf2eee72f5f020e8ff07aa7b5c3d753d9f05ee188dfa84d64a9a74b
2216194,PRC_A2Y6Z0X1Y2W0W1E3D5D4C5C0A4B6J5,2026-08-20,284,299,161,14,6,153,10,6,115,false,true,161,14,6,true,299,12,web_repair_pass,2026-10-01T12:02:38.866Z,2026-10-01T12:06:13.400Z,1b6bd95a7927a23907bab1ec9afe8ba3781fc4f8a5eef94bf99fbf71c3897be3,beb2446caba9cf11de42ce000874c0b46d8823fc8bcecfd97cc2d53093fc9269
2216207,PRC_P2Q6O0P1N1O5M1M8U3T7T4R6S2R4R2,2026-04-23,294,295,196,0,3,195,0,3,96,false,true,196,0,3,true,295,1,web_repair_pass,2026-10-01T12:02:53.418Z,2026-10-01T12:06:44.846Z,10f4c88cdae4ced329ce01d2b8b362344021379218e2f371adfa37f10d8315d8,e029cb2d44ecafce18de9de849eec803cb075f7546bf42e51233aedf7721ed36
2216236,ARC_O2G6X0P1R2E2E1S4Y0G2B3Q5Q1F6N3,2026-05-07,285,286,210,4,3,209,4,3,69,false,true,210,4,3,true,286,1,web_repair_pass,2026-10-01T12:02:47.310Z,2026-10-01T12:06:31.938Z,71f1465fde52ed295e46620762e1307ce1a2b4993dd666d4ebbde5f8c9f405a1,0562365f2da0c392df7e69c3db31a84c3c312c433186597153317a55137d6e55
2216237,ARC_I2A6Y0J1U2F2V1B4K0G2V4X1N1W7B0,2026-05-07,285,286,211,0,2,211,0,2,72,true,true,211,0,2,true,286,0,web_repair_pass,2026-10-01T12:02:47.284Z,2026-10-01T12:06:31.989Z,90943fb7d002ad0b3f6128a1aa108db6e4e24bbd0c784c335585d53ddea23fae,d0f67517bf005f10686aeaa2727ee77e02dfc758723faae2e7ee3d273e9942e5
2216238,ARC_H2L6S0L1I2B2S1Z4Y0R2G4K5M3S6C6,2026-05-07,285,286,175,0,0,174,0,0,111,false,true,175,0,0,true,286,1,web_repair_pass,2026-10-01T12:02:47.287Z,2026-10-01T12:06:31.725Z,6c361fe612b92a24cb17481b6a2f509d22f698d538ba9dd63dfa4e36c3e7140d,32591a784ebf7f8e3d376a5a1962968da7e936b4874f96e023aa50a88d84d235
2216255,PRC_O2N6C0C1B2B0Z1A0Y4Z9H5H8F5E7F0,2026-04-23,294,295,202,3,2,201,3,2,88,false,true,202,3,2,true,295,1,web_repair_pass,2026-10-01T12:02:53.439Z,2026-10-01T12:06:44.543Z,3cde8876fc79c40f2df6ca9013354c3e680ba0dc3e0786c5e154c30c61759baf,05a37f7d31543d51cad1c7a71f323c874da24d970c02984f921e9d6ef4e461ed
2216258,PRC_S2T6B0B1Z2A1Y1Z5X2Y3G5G0E5D2E2,2026-06-18,285,300,251,0,2,236,0,2,47,false,true,251,0,2,true,300,15,web_repair_pass,2026-10-01T12:02:42.219Z,2026-10-01T12:06:20.589Z,348dc7ecf6057d6fa8b14101604c41a2eba6eee8420df1aeaf61755b759c16f7,8a54db9f7acb3dfc27cb101d9d79f49a64f9ecc9e7924f57f96c244d4bdabf64
2216296,PRC_U2S6T0R1Z2A0Y1Y0X1X5V1W4E7F7D6,2026-03-31,294,295,202,1,4,202,1,4,87,true,true,202,1,4,true,295,0,web_repair_pass,2026-10-01T12:02:59.065Z,2026-10-01T12:06:57.402Z,97087393ebfe99f2ad8b68729a7ba633519feadc2d1f5155448b08e4858453f1,2332c67791daaf0f3e093ca3690269633b714beefeccdb2f182c34e9775935a9
2216322,PRC_O2N6N0V1V2U0V1T4T4S0A5A4Z4Z9Y9,2026-06-18,285,300,229,7,14,215,7,14,49,false,true,229,7,14,true,300,14,web_repair_pass,2026-10-01T12:02:42.198Z,2026-10-01T12:06:20.446Z,a81566d9f7816ac99d7b4381309e0101afe9dc5ba88c9c1ae8538377e2ae9ce8,1b2d8f73bd45176c25a48de30b56e0c043b70b1340387fe4e041b0c923933a78
2216343,PRC_Z2A6Y0Y1X2X1W1E1E4C1D5C5C1A5B4,2026-08-20,284,299,198,0,0,185,0,0,99,false,true,198,0,0,true,299,13,web_repair_pass,2026-10-01T12:02:38.709Z,2026-10-01T12:06:13.193Z,b68f6dd3b910772dd1495cf20598ef3db7835c20ce484f6c10b7652db830891d,6098bce48851ee34246dc610e32ca847d11448ce7f7952087b423ce8609014ff
2216371,PRC_H2H6F0G1B2C6B0Z9Z0Y3Y2G9H8F1G7,2026-04-23,294,295,155,0,10,155,0,10,129,true,true,155,0,10,true,295,0,web_repair_pass,2026-10-01T12:02:53.415Z,2026-10-01T12:06:44.459Z,1ba6ff5a9fd5396c93f7ee98110dd4df3003817e744baf41a7f2bade26423a3b,54b880831f0acdd50eed08387858bce4ebc827dd7b2347e3174845961a048aa9
2216449,PRC_G2Y6D0K1T2A6G1T6Q0B4L0B0Q2J2X8,2026-02-12,295,296,155,0,0,155,0,0,140,true,true,155,0,0,true,296,0,web_repair_pass,2026-10-01T12:03:05.802Z,2026-10-01T12:07:12.010Z,1dee3688eda79a74e61a5d284bfed04438eb2df45f5901717c1ee04bf921d322,95405f8ba66a0632cea91dc3c0e5c80e0dfbdce923300759703d181241d57645
2216458,PRC_R2R6Z0A1Y2Z8X1Y6W1W5E2D7D6B4C9,2026-04-23,294,295,166,3,4,165,3,4,122,false,true,166,3,4,true,295,1,web_repair_pass,2026-10-01T12:02:53.232Z,2026-10-01T12:06:44.509Z,13ee19efdaea717789c9abcfe2edde85f14780598c0bdf31230e328e9a8b9694,d5c22ed4fd0f7cf32728491b56fd9bd84c19b1202f68e76f809b13cfd57647a3
2216589,PRC_U2P6G0F2E0K3V1E8X0L5L0L0M9J1P7,2026-02-12,295,296,157,0,0,157,0,0,138,true,true,157,0,0,true,296,0,web_repair_pass,2026-10-01T12:03:05.864Z,2026-10-01T12:07:11.962Z,637165010337bbe5503a20073d3462a5bc2cf10b8e60d3bdda76171735e14a94,c2c4e2982f0f534cc9adfc35dbaa2c22de01cbd268c7abb40eaf36dc49b268fa
2216590,PRC_L2Y6Q0I2G0D3U1R8I2E7T4C7K1I5D0,2026-02-12,295,296,161,0,0,161,0,0,134,true,true,161,0,0,true,296,0,web_repair_pass,2026-10-01T12:03:05.678Z,2026-10-01T12:07:11.758Z,bfa6cb4851de1946df0433e77bed792f7eae13337a76f5d6da7e8924b9e4a87a,24fe629cce4b80c7130baa4e21e810ef156a4dfd620ba277485217d203f986e3
2216595,PRC_S2T6Q0I2W0C3N1D8E2P5M4F7E5R0J4,2026-02-12,295,296,161,0,0,161,0,0,134,true,true,161,0,0,true,296,0,web_repair_pass,2026-10-01T12:03:05.614Z,2026-10-01T12:07:11.624Z,04e4f99c7ee420150e2c91c43f410aab0f44e538d03142a2e8b5ecc63a7a0114,092162e3bbf68bb77fec6686ae97a4fd80536907b8f603a53f0776b020bc8f83
2216597,PRC_R2T6M0T2M0U3X1Y8D3R1F3C8X0I8Q1,2026-02-12,295,296,160,0,0,160,0,0,135,true,true,160,0,0,true,296,0,web_repair_pass,2026-10-01T12:03:05.624Z,2026-10-01T12:07:11.555Z,b6c07ba0d721cd12e365ff917d6aea0fdc3283658068aec972a29d68a96b1d69,01f78be819548bd5f70047cb9985ed5bf868b535e1c39ee6e5ac4ac47efa35b8
2216598,PRC_B2S6B0Q2S0R3P1B8W3M0H2D5A5W5R5,2026-02-12,295,296,161,0,0,161,0,0,134,true,true,161,0,0,true,296,0,web_repair_pass,2026-10-01T12:03:05.483Z,2026-10-01T12:07:11.437Z,b5fe4bb3d78b2cab04396bb9a3de9971cbf78aad21a304fb5b19bf9e287a78d6,c640b80bc75110a2400825469f1f05c31b4127f56cdb422275fe04ba25ca0910
2216604,PRC_I2N6M0Z2U0W3N1W8X1B5H1F9M5B9K9,2026-02-12,295,296,160,0,0,160,0,0,135,true,true,160,0,0,true,296,0,web_repair_pass,2026-10-01T12:03:05.459Z,2026-10-01T12:07:11.293Z,a086f43f9b6366ac450cc097aab458152c09229df2f71042cb16f9d1675a5c76,51b1da056f4357d258fd877cd3bcd4b5f2208175218dfaaa637b79f9cfff7435
2216606,PRC_G2Y6R0Q2C0I3O1M8W2K1C5G5T2X4M3,2026-02-12,295,296,159,0,0,159,0,0,136,true,true,159,0,0,true,296,0,web_repair_pass,2026-10-01T12:03:05.524Z,2026-10-01T12:07:11.210Z,86356080774def4408904fdf96183ce16a6f4a3f136a69a9f6d2f4b2d432f6d3,273586eca7a364ebdca325880b3aa3f475a658623132a4f9d1c1b86edc7185e7
2216608,PRC_Y2V6X0K2Y0E3A1A8R2L3K5B7Q3U4A0,2026-02-12,295,296,158,0,0,158,0,0,137,true,true,158,0,0,true,296,0,web_repair_pass,2026-10-01T12:03:05.346Z,2026-10-01T12:07:11.103Z,207fa0c515c776e65735c2397d176e865a1bcddc5c6f5c38fdc12d4d92833903,5f62298ce851d1f7a68fad06bb53d4b164b22239011ebd32386211ff280a62c6
2216609,PRC_Q2T6N0U2U0X3U1E8O1C9U1Q4S7Z1P4,2026-02-12,295,296,158,0,0,158,0,0,137,true,true,158,0,0,true,296,0,web_repair_pass,2026-10-01T12:03:05.296Z,2026-10-01T12:07:10.964Z,99aa3949b0553b5904afee795505bc311fec03f203256783612a9d93ef3e8b3c,3b3aeec5e9a24eb50b260f5acec5217c6095656e1a67078c12a1de045516c958
2216662,PRC_I2R6N0V2Y0J9X1R3I1H5T5K8Z8Y3M2,2026-02-09,295,296,160,3,1,160,3,1,131,true,true,160,3,1,true,296,0,web_repair_pass,2026-10-01T12:03:07.870Z,2026-10-01T12:07:16.787Z,a197dce4e76c2c9d1977cbf9dda29d5b30363b13b4b6e0bf22308a52e6eaaefa,50ef0a6b8181138158dd10971f314c23b85cc80e9ee2b331e5e621e3bae2490f
2216686,PRC_H2I6H0F1F3E0E1T7U1S2T1R3S1Q2Q5,2026-09-03,283,299,268,0,2,252,0,2,29,false,true,268,0,2,true,299,16,web_repair_pass,2026-10-01T12:02:33.134Z,2026-10-01T12:06:02.223Z,d2b5a2a59dc293f296677713600abc9d9134077cea7a07315182e0a7754422cf,ba55d76f08aac4b6dbc496f4e2d72f4b8b0222b13ecd0f877e951fde3d36edd2
2216700,PRC_X2Y6F0E1F2D1D0B9C3K3L5J8J5I4G1,2026-08-20,284,299,178,0,7,168,0,5,111,false,true,178,0,7,true,299,12,web_repair_pass,2026-10-01T12:02:38.681Z,2026-10-01T12:06:13.149Z,94daacf1bc4f5a62a9819c3df37daba3aeb95f10baa15a9590b75f3f66c41660,25f7b80dca06748ee062d36da2b097f2d74244c99c854ff79f33aa1246a4463e
2216746,PRC_T2Y6G0T1A2J0F1S3O5K6S3W2Y0G9D4,2026-02-12,295,296,155,0,0,155,0,0,140,true,true,155,0,0,true,296,0,web_repair_pass,2026-10-01T12:03:05.329Z,2026-10-01T12:07:10.903Z,3be2b46cde4339cdc6574e3ad9a6919e61c5c12e903962f6389b6c1953135431,6e191cd7e2c9afcb43c1b83b4474286fd491fc93f95652beb151ed16f2133b97
2216760,PRC_Y2J5M1E2A1L0X1N0U1Z5A4O6H3K9O2,2026-02-12,295,296,139,10,10,139,10,10,136,true,true,139,10,10,true,296,0,web_repair_pass,2026-10-01T12:03:05.153Z,2026-10-01T12:07:10.775Z,6f45e40e9d8040f911e6ca70b17bd9aec9b19c7f6ae61f2f1675235ebaf64aaf,c6b7678d3f540445435140bd40964c33f992ba931bbe7de7181bf86019d0c055
2216761,PRC_E2K5Q1E2L1B8F1T6B4R9H1T5K3E8K4,2026-03-31,294,295,181,0,6,181,0,6,107,true,true,181,0,6,true,295,0,web_repair_pass,2026-10-01T12:02:58.981Z,2026-10-01T12:06:57.386Z,5accf9c48e0ce08c3db5d93db0a8bb388d9a7e37b39e2f5b24f02cd135363fa6,f4a74e48da524001e319a0296262de9556a1d0b09c4a63c5d295f7290f900fc8
2216762,PRC_L2V5P1X2F1O6D1J6G2C9V1X1A1M8X1,2026-03-31,294,295,174,0,0,174,0,0,120,true,true,174,0,0,true,295,0,web_repair_pass,2026-10-01T12:02:58.976Z,2026-10-01T12:06:57.109Z,eb7df4fe57b809a554193df1099d0369fbd728eedfbeaef6905fac9be13f1e49,b58f9b62e120e0d38332717b95121a7ca809fcf52dba2aad23fb6b13388ead17
2216763,PRC_K2N5W1N2M1T8L1D6P5Y3B4P5X7D1D8,2026-03-31,294,295,181,0,1,181,0,1,112,true,true,181,0,1,true,295,0,web_repair_pass,2026-10-01T12:02:58.907Z,2026-10-01T12:06:57.029Z,3e663ca708dc87f83d964e4bdd97a635001c5af04953fec270bad3294de55425,acbb43f25f2313ebb7718e54ed00bfa08cadf842c6411b13cf41ee51b84c3252
2216764,PRC_R2K5N1V1I2J6F1M9X4M4T3N2M4G5K3,2026-02-12,295,296,156,0,1,156,0,1,138,true,true,156,0,1,true,296,0,web_repair_pass,2026-10-01T12:03:05.150Z,2026-10-01T12:07:10.570Z,7ab38a709c31716c1306f4ccc7e7279ddd8e00e7d8b1c9cd986824b99f84b400,51d8e43670f00456473aa595f99d84292ebaf670f57ed3c81c9527d77cfd7d59
2216765,PRC_A2S5H1A2H1P6H1F7Q1T0L0F4E9E5Y3,2026-02-12,295,296,158,0,0,158,0,0,137,true,true,158,0,0,true,296,0,web_repair_pass,2026-10-01T12:03:05.202Z,2026-10-01T12:07:10.574Z,068a8b6ddea8c543257a88e17355ea600032bdef42ed56d99554b3f83d9f48c4,bd20c4a60353138eb963d2ed52d122d2f79489dd27ba8169ba526a77e0aa3110
2216766,PRC_U2S5S1G2V1D6B1M7P1E2G5R8R0J9I3,2026-03-12,294,295,210,0,6,209,0,6,79,false,true,210,0,6,true,296,1,hold_tenure_boundary,2026-10-01T12:03:01.665Z,2026-10-01T12:07:03.939Z,6caafbfb2e8d8561cdc07a46d60bd9a317818710b5314d010ebb4ca1012b0d93,3964d2953147f7dc79c4f42cbf29b63cb955cf4d473944c5c3c6b413afedec0d
2216767,PRC_R2D5B1V2U1M6M1N7V1A5M5S3V3S2U9,2026-02-12,295,296,158,0,0,158,0,0,137,true,true,158,0,0,true,296,0,web_repair_pass,2026-10-01T12:03:04.996Z,2026-10-01T12:07:10.425Z,c43f06ac4b1b1b341da175fcd89cbb5c8fd80320a4f24dd3daa1a44a9c3d63db,ebb2cd2c77d4b5c6185dc96aea485046934f364276ca7cfadac39baba9e89a8a
2216768,PRC_Y2R6X0Y1R0L7O1W3Q1G8V0B1A1H3O4,2026-03-01,295,296,173,2,0,173,2,0,120,true,true,173,2,0,true,296,0,web_repair_pass,2026-10-01T12:03:03.994Z,2026-10-01T12:07:08.493Z,fc8ad5728e6ea1ca5301a4e61819284ffae254a5fdac8002b6009a49c3928ae5,0c3f7effa38aeeeb6862bc3b2ee27695830836c916db3e690205fb2b53b2bff9
2216769,PRC_D2D5A1Z2B1Z6Q1F6G2C9P3N4L3E0E4,2026-03-12,294,295,194,0,0,193,0,0,101,false,true,194,0,0,true,296,1,hold_tenure_boundary,2026-10-01T12:03:01.522Z,2026-10-01T12:07:03.682Z,585d8c78d8af3b1c01ea339526121c504ab96c0a6592ae57151d5fccc8365dcd,19ab66d6e590befe693d9a6776b0d8663a84fbc2b0c40ad7712ede09f230db26
2216770,PRC_H2L5L1K2L1N6L1D6W1X7N2P6X7S2P9,2026-02-12,295,296,158,0,0,158,0,0,137,true,true,158,0,0,true,296,0,web_repair_pass,2026-10-01T12:03:04.940Z,2026-10-01T12:07:10.241Z,f2c3daee2959271547e0a0832683ee21dbb68b29eb3821d69455b2013195c6a9,1099df14206fb626bb203f220ab3c74c073293ab0be140dd6a017314de41fa81
2216771,PRC_F2S5M1X2C1P6A1B6Z2S0G4A7Q1E2K4,2026-03-31,294,295,180,0,0,180,0,0,114,true,true,180,0,0,true,295,0,web_repair_pass,2026-10-01T12:02:58.820Z,2026-10-01T12:06:56.983Z,effab154f9c2d091f0a65ba6f5b50563b9d6068cacc9c186dfa72cb23f47665a,9e27d6940daceebb9ee68b457f06b8664bcdb884a2b988b4a373407a9de65354
2216772,PRC_B2Z5A1D2M1R6P1J6H2K5Q2Z9N8R0P3,2026-02-12,295,296,158,0,0,158,0,0,137,true,true,158,0,0,true,296,0,web_repair_pass,2026-10-01T12:03:04.989Z,2026-10-01T12:07:10.249Z,147a499f4d3ecb640705d7b7b0fc55f24422cea26145cbfbe3a46379a4d391b6,283fafad428e79c621a4d0e422db2de97d97fa83cff4982646ca6fc641667570
2216773,PRC_O2G5M1Z2H1D6R1T6J1I0B0S2T3V4J2,2026-02-12,295,296,156,0,2,156,0,2,137,true,true,156,0,2,true,296,0,web_repair_pass,2026-10-01T12:03:04.803Z,2026-10-01T12:07:10.024Z,ca3f4dbbe30b197c22af33d04e6c52b2c6b8e893921bb726b945ee9d767dbee4,41a488a8fe1a307a6fc9a882f0f3b9c653254652a99d42ad99c2505b2eea778a
2216774,PRC_Q2Y5V1I2N1T6Z1J6E1I8P5D9Z9Y1T7,2026-02-12,295,296,157,0,2,157,0,2,136,true,true,157,0,2,true,296,0,web_repair_pass,2026-10-01T12:03:04.799Z,2026-10-01T12:07:09.882Z,9ad6a2ce74d0d676c9ae75a648b27b268b5390424eb271d6e2716a6e6a0d3ce6,3f1e696c0fab331a72d78403c75879aed6afed4f913c803c4af7b3b95d9012bf
2216775,PRC_G2X5J1T2O0K1D1H8N4J7P2I1I5A2N1,2026-05-07,285,286,163,0,0,163,0,0,122,true,true,163,0,0,true,286,0,web_repair_pass,2026-10-01T12:02:47.184Z,2026-10-01T12:06:31.621Z,de72b2515cb35767dc63d323779b46abcc6097a0c647aae6fa7d1357789c8ca2,dc271f5072f73485cc081c4e47e4889f84916850aff4d10b64a54a52c1fa0650
2216776,PRC_U2R5B1F2W1O6A1P6B3W4L3L9D8H9H2,2026-03-12,294,295,175,0,9,174,0,9,111,false,true,175,0,9,true,296,1,hold_tenure_boundary,2026-10-01T12:03:01.500Z,2026-10-01T12:07:03.630Z,1db270630e9beb465ccde6ca5dff32d07c406e1c8b683986d39ef31948848e63,d09ade7f834ca320206c81901da81913ec9ab612736ac9bdc52892e42c015c06
2216777,PRC_M2K5C1G2U1F6A1T6A3G3T2C2V2M9P8,2026-07-23,284,299,173,4,5,165,2,5,112,false,true,173,4,5,true,299,10,web_repair_pass,2026-10-01T12:02:40.622Z,2026-10-01T12:06:16.877Z,889a2046fac5d89cee3bd49db95ae89eb8edaf442588a540d2654333671c8b93,2b94e427f8000f78f176e4a86f8392ee228bbde2660503394faa88818800a14e
2216778,PRC_Q2L5K1J2T1V6Y1P6A2Y4A1X7A0Y7A5,2026-03-31,294,295,179,0,0,179,0,0,115,true,true,179,0,0,true,295,0,web_repair_pass,2026-10-01T12:02:58.834Z,2026-10-01T12:06:56.798Z,b6b9adb1705691e928ccd4c10809db06527ce8742f590f40c261c3c3335e8adc,4ac29bab53c71b94fb04d6aa79594966688be038e5562c5f5a335f7144db14f0
2216779,PRC_J2M5S1Y2L1T6U1A6J2P2K5V8J6O5E4,2026-03-12,294,295,196,0,0,195,0,0,99,false,true,196,0,0,true,296,1,hold_tenure_boundary,2026-10-01T12:03:01.481Z,2026-10-01T12:07:03.636Z,66c35db8f6860d06a5d3794426666f28556c082d9c8a00702709ea34aa5e0a9b,c3ec2bca3018ef099acbedf09b963afe7792996223711bb9094eea85fffe835f
2216780,PRC_R2Q5P1A2G1C6M1M6G2B7O0A3N4Q9C7,2026-03-12,294,295,194,0,0,193,0,0,101,false,true,194,0,0,true,296,1,hold_tenure_boundary,2026-10-01T12:03:01.338Z,2026-10-01T12:07:03.298Z,e91643533e26ed0492d1c44ed026c6559e3296c9ce328ffd9f241e3c0a197843,0b5e3c8393d364a4a53ed09f34dcffcc026a2912eaf34080b4b838b117f86931
2216782,PRC_S2I6K0O2S0Z4B1Q8Y0X7G0U7M7Y6X1,2026-03-12,294,295,175,0,0,174,0,0,120,false,true,175,0,0,true,296,1,hold_tenure_boundary,2026-10-01T12:03:01.391Z,2026-10-01T12:07:03.271Z,1f122809f70ebc8f16d176dccfc4eda70e4541a82e7f7a3ebaf86135eee10395,0f95ad3961b38f45ce945c8fc80530c458f4fb1daf0c2a79e1eab199a2b95647
2216783,PRC_Q2D5E1A2Z1G5Y1P7G0P1M4F7I6V2K4,2026-02-12,295,296,155,0,1,155,0,1,139,true,true,155,0,1,true,296,0,web_repair_pass,2026-10-01T12:03:04.836Z,2026-10-01T12:07:09.851Z,e3eb781fd7be8a69b2f897ae6caefb9edaa3380ad350a9993d6d8e429ca3998d,1f5d6bc77830b57e9c1b2c73e4cbe68a821f064f82a88d9e5e2219512c41813c
2216784,PRC_H2T6X0O1J2B8V1W3S2Q0E0Y1E9P8Q9,2026-03-12,294,295,196,1,19,196,1,18,79,false,true,196,1,19,true,296,1,hold_tenure_boundary,2026-10-01T12:03:01.342Z,2026-10-01T12:07:03.289Z,d4a72e4e89be535dbad4cfd3145446fdd723cefd62a518b4ad731c4fd04781de,a966e500a260ce1d7ee386c93acef9ccf1614a5718d170be730078bc48679a0f
2216785,PRC_Y2Q6I0G2X0V4U1H8N0W3C4I4G7O8V7,2026-03-12,294,295,178,0,0,177,0,0,117,false,true,178,0,0,true,296,1,hold_tenure_boundary,2026-10-01T12:03:01.181Z,2026-10-01T12:07:02.928Z,a74aff510bdf79f0a6fcef1406b527ecb66b2a09b8c61e723afb5e65d4ce4d3b,5d2dcd69306d4c4ef10d04ba6524c9f8afd90fc08c974a11af11c49fc8bb3a68
2216786,PRC_L2C5L1N2M2W4L1N0V3P3B5V3X0L8J7,2026-03-12,294,295,167,0,4,166,0,4,124,false,true,167,0,4,true,296,1,hold_tenure_boundary,2026-10-01T12:03:01.168Z,2026-10-01T12:07:02.955Z,8c7d029aa09d39107f9de3cd80a76891b9c5aa0c6e5d1a7afe4dad43ab08159d,ca98a1ee807b89214a02ceeeac18ca22b1d2808e83c5b3ea2c088cc28c4db912
2216787,PRC_V2U6W0V2S0T4U1X8J0F2L2N9I9C2M7,2026-02-12,295,296,155,0,0,155,0,0,140,true,true,155,0,0,true,296,0,web_repair_pass,2026-10-01T12:03:04.650Z,2026-10-01T12:07:09.686Z,b1f5f02877c40406f5d514c04606405c186800daf7e309b84b1f0e6025e79036,f85d6d593e146514e022785d44027a7a5dd9f9cd0dc8940f53d356b021d05d1e
2216788,PRC_A2Q6Q0W2C0A5V2D1R1K2C0I9O9G1Q8,2026-03-12,294,295,179,0,2,178,0,2,114,false,true,179,0,2,true,296,1,hold_tenure_boundary,2026-10-01T12:03:01.163Z,2026-10-01T12:07:02.885Z,8a2943783238c1ea264f9d33b98d3efcd034c9f9b3e43d5e5f9e3fee1bcb13b9,b4ce0ba10d31b5380b235d9c2863f547eca2fbf0502aadc989582bd4b48429dd
2216789,PRC_Q2T6V0M2Q0K5T2K0O2Q8B1G9B8X5W8,2026-02-12,295,296,158,0,0,158,0,0,137,true,true,158,0,0,true,296,0,web_repair_pass,2026-10-01T12:03:04.568Z,2026-10-01T12:07:09.530Z,c4e95a0be2df590d85716662eb323f923bc99dbf5ecdd26330057c60b97c065c,eb2590daceed3fd41eae73e6a4eb7dbeedce8dec4fcd691fb31672d4542303b1
2216790,PRC_S2T6D0L2I0W5G2V0R3G3O5P0A9S2G2,2026-02-12,295,296,158,0,0,158,0,0,137,true,true,158,0,0,true,296,0,web_repair_pass,2026-10-01T12:03:04.513Z,2026-10-01T12:07:09.294Z,e06c9cf3818e973f7ef36d6409702d1ca60c148ea43a89de920c19ce202c1adb,267cda07545dd9bf8578894ccafdcbdf679b119eea907662b48ff7ea25412e5d
2216791,PRC_N2W6J0P2F0X5I1V3O4S6G5K7N0O3L4,2026-05-07,285,286,174,0,0,174,0,0,111,true,true,174,0,0,true,286,0,web_repair_pass,2026-10-01T12:02:47.118Z,2026-10-01T12:06:31.579Z,b6396d1e6b108a2b39b19f3f658c5422984242847eef8c7463003ab51eb77fbd,1ed3a1a086d0ba2f2a788b1d86de174662b9b1f84f9e9cde4b89657f7b18abc0
2216792,PRC_J2G6G0E2L0L5T1U3A5I0I0R4C2A5M8,2026-03-12,294,295,178,0,2,178,0,2,114,true,true,178,0,2,true,296,0,hold_tenure_boundary,2026-10-01T12:03:01.009Z,2026-10-01T12:07:02.582Z,b7c1b503811ea71db013274d293584c68d8e23fbc600de037c508d2b4828ee91,c88ff749b32ac2f7f07645c81e659a15a6e196b902e98451221e075ac02fcfde
2216793,PRC_D2F6J0C2V0E5Y1T3R4S1O1C6T7J4B2,2026-06-18,285,300,238,1,12,224,1,12,48,false,true,238,1,12,true,300,14,web_repair_pass,2026-10-01T12:02:42.242Z,2026-10-01T12:06:20.442Z,cf1357c5eb69de4cbcc27e8d32047526ee364c74bf220be50e165805763bc0a6,f1236d95166057aea81b1b81e011304be205c19ed25c9d09e7bfb53e61a17646
2216794,PRC_S2B6R0K2D0H5R2T0Z3G9Z0Y4N0O0P2,2026-02-12,295,296,156,0,0,156,0,0,139,true,true,156,0,0,true,296,0,web_repair_pass,2026-10-01T12:03:04.397Z,2026-10-01T12:07:09.553Z,d3f1ffc075a5e92eed5a38d83e5700f11d3eb43c19afa2ecfb2b9e80b5ae4e1f,d530284841005e12719aab1ebb2bc7456a6c8bd73d7507e82ef8f9d816467ebc
2216795,PRC_U2H6G0O2P0N5A2F0P3B7U1S6O3V5L9,2026-02-12,295,296,155,0,0,155,0,0,140,true,true,155,0,0,true,296,0,web_repair_pass,2026-10-01T12:03:04.480Z,2026-10-01T12:07:09.207Z,a9b1108c5300eb1d657917b6374fba46d1940017900f21ce5b8714d2913ed7e2,0d20e0c0da4c12f7a99954b84ce350be777402e8dbe5f254624486bf9b041c24
2216796,PRC_J2F6H0Y2M0L5K2S0T2F2A0Q6M5G5G1,2026-02-12,295,296,156,0,0,156,0,0,139,true,true,156,0,0,true,296,0,web_repair_pass,2026-10-01T12:03:04.379Z,2026-10-01T12:07:08.972Z,c05b71ebbec6d1cdbc678e22ca09e9176f092852a787ded64b8d3c0f06236efa,b3ab581126b42a0fe006a7d8600627a4088fca80aff480bad6e2d63186b9b80e
2216797,PRC_D2H6F0Q2K0E5Y1S4I1M9Z5Q3J3Y3E5,2026-02-12,295,296,152,1,4,152,1,4,138,true,true,152,1,4,true,296,0,web_repair_pass,2026-10-01T12:03:04.248Z,2026-10-01T12:07:08.962Z,bb1429b335ebfd6e7356106874c264deb0ab427925e84c064a06ea718bb2d3a5,189667eb179bec1df97233cf81f96d0a4513fc6a7c81d8631c50468bbed571a1
2216798,PRC_F2X5T1W2J1D8M1O2K3J3N3I2P8C5V5,2026-03-12,294,295,166,0,2,165,0,2,127,false,true,166,0,2,true,296,1,hold_tenure_boundary,2026-10-01T12:03:01.000Z,2026-10-01T12:07:02.603Z,15bba6eb6bb902073300c95d15b42acbe975051a0adaa5110e5a85343513ba7f,5cce661e4be991380e0736455d67006e4b4e6b8ef04f135872ad97a997cffed9
2216843,PRC_H2W6O0K2D1T1Y2B0O5J2K5Q5A8Z0Y3,2026-02-28,295,296,173,73,1,173,72,1,49,false,true,173,73,1,true,296,1,web_repair_pass,2026-10-01T12:03:04.061Z,2026-10-01T12:07:08.552Z,32a5d541d068a6429c3c5ea0a9f038e1d12fb6df602977021098a36d3af0d6da,e561910be9b834884c2d15ac2760dd0c21b851f9ee2f481e3b96ee782919ca20
2216845,PRC_B2I6U0N2J1P1G1H3T4O6B1X7U3F7O6,2026-02-27,295,296,162,63,0,162,62,0,71,false,true,162,63,0,true,296,1,web_repair_pass,2026-10-01T12:03:04.105Z,2026-10-01T12:07:08.655Z,8e566710a1c7ec394270c151afa50164abc5dfed0580b4fafb1bd93b8be53703,ca0ede7f591c3c4ef9ff8a8bf1f2a0698860519bbcce048d1e02abdc61dc24d7
2216910,PRC_X2X6V0W2V1V1D2E0C1C0A2B7A0H0I0,2026-04-23,294,295,175,0,1,175,0,0,119,false,true,175,0,1,true,295,1,web_repair_pass,2026-10-01T12:02:53.261Z,2026-10-01T12:06:44.177Z,c06bc4a8f9ab6b6e304c4c63496406c155b0a8b3c4a57e779ea620e6a069e35d,6af6352a7cc9b75a6a1699deffe2692428aa820034c8e970506c51e4383221d3
2216955,PRC_Y2M6G0C2G0G6K1Z4P3N9W1D0V0G6B9,2026-03-12,294,295,164,1,13,164,1,12,117,false,true,164,1,13,true,296,1,hold_tenure_boundary,2026-10-01T12:03:01.004Z,2026-10-01T12:07:02.546Z,314230f83ff4da54e004d411b8d0e6f2c43416fb180f9a8d7d33ea2965ebf6fd,966092b31f0ac8ac4e6f116adc95da4fd4b9e4ef2f251c750d143aca9cf78658
2216958,PRC_D2I6S0S2Y0I5A2F0U2U0H3X1L3T9K9,2026-03-12,294,295,177,1,1,176,1,1,116,false,true,177,1,1,true,296,1,hold_tenure_boundary,2026-10-01T12:03:00.863Z,2026-10-01T12:07:02.197Z,538ed8c0c2b9067dc45304211f978a32769b7cf4ee04d1bf922e1e52df08ee9a,f7ee94b677f1876162bf1a4a6e971c39108da1405477124028a4370463f53835
2216960,PRC_N2S6G0D2Y1Q2G0W8T0Q3B2B9Z2U8Q8,2026-09-03,283,299,268,0,2,253,0,2,28,false,true,268,0,2,true,299,15,web_repair_pass,2026-10-01T12:02:33.075Z,2026-10-01T12:06:02.242Z,3dff1017121b686d1d27384cca6da80b0337fdb01b5b58cea58623bec544f0d0,bc35094b9f23ac5f2361cd220e1c2d20f6fe92751ce3acb798ba30cc98ece677
2216962,PRC_S2M6V0Y2N0X5D2U0U1E4B4F2H1F6Z6,2026-03-12,294,295,177,1,3,176,1,3,114,false,true,177,1,3,true,296,1,hold_tenure_boundary,2026-10-01T12:03:00.843Z,2026-10-01T12:07:02.185Z,81bd6b16767f1acfdd1df98cc0f74e267bb2245d8591fb7d552ec02479104f4c,123b4e855bf7b8c8d9a42b089d8944c9559958875f9aee329f0ff209dc74b2fc
2216963,PRC_L2J6R0Y2E0X5L1Z3P4B8E3Q5T6E7S8,2026-05-07,285,286,174,0,1,174,0,1,110,true,true,174,0,1,true,286,0,web_repair_pass,2026-10-01T12:02:47.123Z,2026-10-01T12:06:31.407Z,5f8b174b12608578048cebd69eb57801a2fba29f9142c90d2470304998cd191d,bd1e7691f2735f2cd9e787cf2d8b11f26dc35b07f3ffea56b86f1a40a81bc5ca
2216966,PRC_N2R6C0E2U2V0Z1M8N3K2V5H0N9L2L8,2026-02-25,295,296,175,0,1,175,0,1,119,true,true,175,0,1,true,296,0,web_repair_pass,2026-10-01T12:03:04.244Z,2026-10-01T12:07:08.868Z,3499e5ad6b9cb3090b572284827b9e609b42badd4536e1ee1380318f4b128eeb,5e7b20befc3e859317870fdb39cedfb660149ffaec1cba7822bc86423023de9a
2216968,PRC_I2I6S0A2X2B8Y2H0Q0V0T0C3V9Q6E2,2026-03-01,295,296,176,0,0,176,0,0,119,true,true,176,0,0,true,296,0,web_repair_pass,2026-10-01T12:03:03.929Z,2026-10-01T12:07:08.124Z,185b5b1bbe28c65ab3924915aab1d761b2b1061e5f69cb9408d261f57c813d54,eca480b98f4e214b4fdb97cfed6be8a0fb778e86e123c075cc56a3cf278b7f29
2216981,PRC_T2N6Q0C2A1L2A1U7V4Y1E4X3K6J7J9,2026-03-01,295,296,159,2,14,159,2,14,120,true,true,159,2,14,true,296,0,web_repair_pass,2026-10-01T12:03:03.969Z,2026-10-01T12:07:08.292Z,ae55191bbf6d496d86f34bdbbe7fe1d455c74fbea7c077a684741cfcce9b61f2,988911a2f192b33a860bec8d85966a79bfd7e8a1b7b6a83d11b4eb8f046bda95
2216983,PRC_T2M6W0F2I1W2T1X7T4K2Q5A9J4P2M5,2026-03-01,295,296,165,2,6,165,2,6,122,true,true,165,2,6,true,296,0,web_repair_pass,2026-10-01T12:03:03.859Z,2026-10-01T12:04:26.007Z,f3bc3c31264df099824912e6c073ccf4061556ac15f7d837fdadcc6aa0745079,f8adc6f2120a0e72518dbd11560103775f0697062f075906bf8a2707182be092
2216993,PRC_O2C5J0H9H1H0P1O0M1N9M3G4G6M5N6,2026-05-07,285,286,197,0,2,196,0,2,87,false,true,197,0,2,true,286,1,web_repair_pass,2026-10-01T12:02:47.010Z,2026-10-01T12:06:31.286Z,34053d1e05b1a1d14c61f24bdcb21c8ab7077bb1b6f3439757bd00e02aff2e2f,aa4bcf996974e37624889837bd6d161dc19816a85f9654c72c2152470d36001d
2217013,PRC_Y2Y6G0H2F2D3E1C1D3K6M5K7K8I5J4,2026-08-20,284,299,196,0,1,184,0,1,99,false,true,196,0,1,true,299,12,web_repair_pass,2026-10-01T12:02:38.759Z,2026-10-01T12:06:13.043Z,ccc590fac2cd5842669408887d5898f334ebab9b7673239ef96b020659c8a82f,27035fe6b8bfcd536b33a3bd8eaf34c729863d68999f9d39df8a0dc6162ff83e
2217166,PRC_S2Q6R0P1X2Y6W1W8V0W7U1U9C2D7B0,2026-09-03,283,299,265,1,1,250,0,1,32,false,true,265,1,1,true,299,16,web_repair_pass,2026-10-01T12:02:32.986Z,2026-10-01T12:06:01.857Z,6b4a9a8273d74dede95e8159af6be09fe9de43a59f1dd1c37e6bb4163a3d92b5,cc3cd7ced5ddca630089e72bb23a251908bbdba5955b66a6518741b90bda8871
2217256,PRC_M2M6L0L2J1K0S2T0R3R8Q2Q7P9K0L2,2026-09-17,283,299,196,0,4,185,0,3,95,false,true,196,0,4,true,299,12,web_repair_pass,2026-10-01T12:02:32.149Z,2026-10-01T12:06:00.406Z,28fb93ccd93379e2378a413c63d1115b9fbd2fc9f5ab961700c1e27d84f7cdff,767cce25def032739b4dcbd27e0865544d2c6573159a0f95422a131b61ab2213
2217259,PRC_V2U6U0S2T1S0S2A0B4Z0X0Y1W5X8T6,2026-09-17,283,299,200,0,4,189,0,3,91,false,true,200,0,4,true,299,12,web_repair_pass,2026-10-01T12:02:32.135Z,2026-10-01T12:06:00.165Z,f2222ebde155450d9d21ed67cfb8c1b2d3a46cdbbb9a6e01d100c3ceea52ba2e,0215a29446accd18d9f902ba48051296c254b3ca9b9487565c39180f85015a51
2217262,PRC_S2B6B0Z2A1Y0X2X0M3N9L1L6K6L3J0,2026-09-17,283,299,197,0,3,186,0,2,95,false,true,197,0,3,true,299,12,web_repair_pass,2026-10-01T12:02:32.131Z,2026-10-01T12:06:00.071Z,e2764c8e1b5379a96a13b50c67978817500c06aa60dd1b015d91bfd48de6724f,737af675a6277e98fc54fe9ee6c67eda180afa9adb5b3351e59eb702b2c2076e
2217392,PRC_J2D5V1A2M1J6I1L7T1Z4P1T4M2U0T3,2026-03-31,294,295,206,0,6,206,0,6,82,true,true,206,0,6,true,295,0,web_repair_pass,2026-10-01T12:02:58.774Z,2026-10-01T12:06:56.681Z,29e493db5e4383545ab9ebec9bf9ffa1336e16937f225291dbe3b40aa7f7cf5a,ef1dab7494f0edf18d1822d16bd7299a45b54d834865607e283664fdfac17e3d
2217393,PRC_T2Q6K0W2M2U4P1J5Y2R2K1A3S4B1W1,2026-04-23,294,295,188,1,0,187,1,0,106,false,true,188,1,0,true,295,1,web_repair_pass,2026-10-01T12:02:53.200Z,2026-10-01T12:06:44.080Z,ff3310d0bb8167fed03b12f435fa08bb5779fa7511bcee3b702a50a9592bc4d8,15dbcbb9353704f91272c03b25c6be51a3d1973ce604f69c6ad6258414ddff4d
2217394,PRC_B2I6H0A2M2V4C1A3C4U4G1J1M1C7X9,2026-03-31,294,295,202,0,1,202,0,1,91,true,true,202,0,1,true,295,0,web_repair_pass,2026-10-01T12:02:58.672Z,2026-10-01T12:06:56.642Z,328019b0771cdfd9f537b14dc0a9ff78954aa51d9ab4c05fd5fe0f5ef3d59fbe,29b141f97db403304675dad692efd63c2841fdae80bb4f72df8bd2684feaf3f9
2217395,PRC_F2E6Q0N2J2I4F1X3J4G5Q1G7U6I7G2,2026-03-31,294,295,201,0,0,201,0,0,93,true,true,201,0,0,true,295,0,web_repair_pass,2026-10-01T12:02:58.643Z,2026-10-01T12:06:56.407Z,fa55943cfba091a93ec52fa6c5b8bdb093731a2f1c3092ef7a73d4c4f3f35d81,4c33edc6b9b24dc2a6dc72d9113b2a8e46fc161c99f2327e2716e173b67608ea
2217396,PRC_C2T6N0J2N2B4Q1C3X5B0J3L6L0X8I3,2026-04-23,294,295,189,0,0,188,0,0,106,false,true,189,0,0,true,295,1,web_repair_pass,2026-10-01T12:02:53.044Z,2026-10-01T12:06:44.085Z,ed9694b02246ce95bd02060a30467bffff9c2c0568f7bc7403ac79332ebe3e60,1a0ce0c158cf42125cbc6caca35a081bda66cdde7727d6317f6a12462a8f1a01
2217397,PRC_I2G6X0U2K2F4E1T3X5Y1X3E2D3B4B3,2026-03-31,294,295,198,0,3,198,0,3,93,true,true,198,0,3,true,295,0,web_repair_pass,2026-10-01T12:02:58.629Z,2026-10-01T12:06:56.274Z,349f8035f518f40eecf6c16a56599cdaeedfffa983e4ff2b282eca3b4774a0bf,a8414c32c640db324e1c4d00d6b56c2d8340b4167cc6296d901f84acab60402e
2217398,PRC_C2G6Z0E2N2Y4M1I3M5O3N3I6H4S4Z4,2026-03-31,294,295,197,0,1,197,0,1,96,true,true,197,0,1,true,295,0,web_repair_pass,2026-10-01T12:02:58.545Z,2026-10-01T12:06:56.266Z,f6958a7a389d88561f0596695f00300918a9a3d5b0796794c68afb21f094dae4,0bb1c37ec0cbcecac60ab03b6c672aad6168946dd48f6053ff4e686120785ddc
2217399,PRC_U2E6N0T3M1B0K1P1S1F7R5Y1K9W1M9,2026-03-12,294,295,189,2,2,188,2,2,102,false,true,189,2,2,true,296,1,hold_tenure_boundary,2026-10-01T12:03:00.809Z,2026-10-01T12:07:02.191Z,01147968b6d1dc16326e0485e19c47f69c295df948cd48ec970fa3f729e616f4,2b14d23e9b82ecb5978a4135dce46783e8cf0dec82e307598bc2806961aec4a3
2217400,PRC_V2D6O0Q2W2Y5Z1T0X2V9K4P1S4Y2C1,2026-03-31,294,295,178,0,1,178,0,1,115,true,true,178,0,1,true,295,0,web_repair_pass,2026-10-01T12:02:58.508Z,2026-10-01T12:06:56.088Z,75e68d560bc405971f9e37c81ebaeddb081717b3416c15735f3d60bcdb9f2404,c1eacbca319d0b88f11ca42192ffd65fd5ef1bd414df946c837c857b31e9ec6b
2217401,PRC_I2Y6H0B2X2B5V1Q0S2J8X5L9T1W8U2,2026-03-31,294,295,176,0,1,176,0,1,117,true,true,176,0,1,true,295,0,web_repair_pass,2026-10-01T12:02:58.468Z,2026-10-01T12:06:55.845Z,c3e0a7d4fd564a8a42bce981442e5afe9725d2bc089cfc7e31efe569385dff3a,e9ed01434d5b271f41a5b38117d2d17cf5661ab284e58255826d54549173b523
2217402,PRC_F2P6N0I2D2H5E1O6M5R7U1C3R3O7H0,2026-03-31,294,295,99,38,34,99,38,34,123,true,true,99,38,34,true,295,0,web_repair_pass,2026-10-01T12:02:58.376Z,2026-10-01T12:06:55.814Z,a0b22746bb45f7cadd38f732a4f86792ddd0aea481fd0a11e84c50c036721378,ec1c90b0446ed9f38264877812839e603351a635d06103bddda7ea4849d684df
2217403,PRC_M2N6E0J2Q2P5D1Y6Q5R8C2P9J1M2F4,2026-03-31,294,295,191,0,0,191,0,0,103,true,true,191,0,0,true,295,0,web_repair_pass,2026-10-01T12:02:58.411Z,2026-10-01T12:06:55.669Z,47a05879deba00a8e7c0d90d2836b2a5bdeeacb60a071fd7018361f42c714967,af59e7a4f3808d39f78f756b0dbc0fd8170e156c02ee4d142de8a2aca73b375f
2217404,PRC_A2X6M0C2A2K5S1P0I2L8B0N3W6F7Q3,2026-04-23,294,295,174,0,2,174,0,1,119,false,true,174,0,2,true,295,1,web_repair_pass,2026-10-01T12:02:53.058Z,2026-10-01T12:06:43.796Z,1671490427c6344497c95b35f6c3f00e5f06f8c24b611c2686918a4631f59886,a21680642b9e32c5783b0b15f0e6f6d9b74c508f7fa7172f4f2ef23f4593a2da
2217405,PRC_T2B6T0B3I0U6O1M0T5T1N2C3C2L7N1,2026-03-12,294,295,226,8,8,225,8,8,53,false,true,226,8,8,true,296,1,hold_tenure_boundary,2026-10-01T12:03:00.735Z,2026-10-01T12:07:01.803Z,f8fb8a3e155300e4f170a77d249dc5de184e8fa2e4f60b25e1be20568228641a,b528996d79179079bffad40ad9579f87564ca981ef7f2c978274e480cf232082
2217540,PRC_L2L6J0K2I2E6F1D0E1C4C1B4C4J0K2,2026-09-03,283,299,195,17,40,183,16,38,46,false,true,195,17,40,true,299,15,web_repair_pass,2026-10-01T12:02:32.934Z,2026-10-01T12:06:01.884Z,8fe31ea0a605b1718425a61a513194bb6e2835673f7031eaf963b8688c804fbb,806ea0c31ff58b7efe3d8d888939e94f188794422298861dfdf97b6b5ab5fa16
2217589,PRC_B2J6M0J2C2C5P1P0G2Y0O0N3A2L8C2,2026-05-07,285,286,178,0,3,178,0,3,104,true,true,178,0,3,true,286,0,web_repair_pass,2026-10-01T12:02:46.976Z,2026-10-01T12:06:31.234Z,77b2185c61ada263a17ae2b3f234992f26b66ef7c0090a34e14cb3d33543a484,6dbf73480ba6523627d6e1320b0474faf000259b44f4f17ad62d1a433b92cff4
2217591,PRC_U2E6I0M3R1H7C1Z5B2W6S1M7H7M7L0,2026-03-31,294,295,209,1,1,209,1,1,83,true,true,209,1,1,true,295,0,web_repair_pass,2026-10-01T12:02:58.325Z,2026-10-01T12:06:55.509Z,2ee84a7172bf3a9528475e25cdcb4fb945ab0f01701966697c851d38650da0c4,1fb53cb04b684e319e3e238125312a31a2626187c8bb88b5490a5719a3dd73d6
2217592,PRC_O2F6Y0I3L1G7D0X9S2B6T4P8W1C8A6,2026-03-31,294,295,206,2,2,206,2,2,84,true,true,206,2,2,true,295,0,web_repair_pass,2026-10-01T12:02:58.225Z,2026-10-01T12:06:55.445Z,cc1d3812655e7e6e28cd998ee17eef665fc3156b5f9d42a3f40753698633dbf2,ef5099d26edb924ade9e4a22d11b056a58ae7cf899f3faca42a9d30ef786fe3b
2217594,PRC_V2X6E0Z3G1E7L2P0N0A0B4W9O2W3V3,2026-03-20,294,295,164,1,0,164,1,0,129,true,true,164,1,0,true,295,0,web_repair_pass,2026-10-01T12:03:00.684Z,2026-10-01T12:07:01.831Z,d3e880db3728107ae21bd72baf5805562d355f19609f4f820a9450e77767041c,55da0b8d3ab98042a860e5cc147e385250638906976ad29af813ba7f527a897f
2217595,PRC_E2O6I0Q3W1N7J1E9W3M8D5N2U3W8V6,2026-03-21,294,295,166,1,0,166,1,0,127,true,true,166,1,0,true,295,0,web_repair_pass,2026-10-01T12:03:00.665Z,2026-10-01T12:07:01.798Z,5d7ceda4be5e66435e9980324ecefcf1da7c670d23384dbe512d19103ed21b62,6810f20d66adf0ab5409f6f6941b4872e9cd1e60282fbc57d3bb3cc51ffeb3f8
2217655,PRC_J2V6R0L3V2K0Y1N3W4H9J5G6Z9H3P5,2026-03-22,294,295,176,0,0,176,0,0,118,true,true,176,0,0,true,295,0,web_repair_pass,2026-10-01T12:03:00.546Z,2026-10-01T12:07:01.365Z,a4841086ff11c7e1f89a99673b8985758548aa94f3bb8a94bc7c6860502b7cec,aa74f60c321fa57aec696b1fd412920c9e0d5580098e16af91d411c89215f2dc
2217674,PRC_A2J6Y0K3R2B1M1C4T3U1U0I0M6N5X1,2026-03-21,294,295,168,0,0,168,0,0,126,true,true,168,0,0,true,295,0,web_repair_pass,2026-10-01T12:03:00.542Z,2026-10-01T12:07:01.423Z,886c89513509ddfcd7b8d16e9cf85c9cda099f5e77f74a81121e34bd33cef881,96df9446ee788472c1df571b11fbdd33724165c3ad84f68475d50bbffe0b19b7
2217698,PRC_L2K6K0G2E0F5D1E1C2D1L2L7J9K4I3,2026-09-03,283,299,268,0,0,252,0,0,31,false,true,268,0,0,true,299,16,web_repair_pass,2026-10-01T12:02:32.989Z,2026-10-01T12:06:01.866Z,5cca49bdacc2cac4e22b1a612ea58f0225d8602dd89d961c8a4b85b4d7354ba9,57b27e2f9377020fd1ddb83a7e57c6072a3426fb333bcb6e199ac3635bdb6c28
2217786,PRC_F2E6D0B3J2K6J1I7J0R1Q3O6N3J9I2,2026-05-07,285,286,162,1,2,162,1,2,120,true,true,162,1,2,true,286,0,web_repair_pass,2026-10-01T12:02:46.971Z,2026-10-01T12:06:31.095Z,504ac1909e04d2f2cb3cce0a1dea7a46f7ce29034a9051385cf3efab3d59838d,6c657ff513d473444bb8e9171a42281037f836e6daceff797e3045d0ead886b5
2217837,PRC_R2B6A0H2D2W5S1T7N2N1P3Y8B2O7E3,2026-03-31,294,295,133,12,9,133,12,9,140,true,true,133,12,9,true,295,0,web_repair_pass,2026-10-01T12:02:58.229Z,2026-10-01T12:06:55.275Z,1be610fd818ef533e96534a7a5cb336d0511b2a17cfe556ab25373ef1e0da960,06eb2ca9e56285747c2e099866be0b16cbb57756c3518ac6dd9a65c12f7c6e7d
2217874,PRC_X2W6P0A3C1Z7M1I6V0Y1E1R8O6G0U5,2026-03-31,294,295,207,1,1,207,1,1,85,true,true,207,1,1,true,295,0,web_repair_pass,2026-10-01T12:02:58.079Z,2026-10-01T12:06:55.118Z,eed30cbafea61e87bb8bc86b308a3efcee1a80df6e161c62cd58d5f435916d76,a69ad7415c943033f511502b99b0863956d6b464311c0c8aec6f22fa3b38f8dc
2217875,PRC_Z2H6E0H3W2W0U1W5X2M3C0B1N6B4H9,2026-04-23,294,295,220,0,0,219,0,0,75,false,true,220,0,0,true,295,1,web_repair_pass,2026-10-01T12:02:52.978Z,2026-10-01T12:06:43.679Z,14f52f2db0abc715ba3f2e26dd12b7b0b5544b0e66122a413e09228adf26206e,a0af81d5abdb866231f4bc774f154386bf24158266e6b61419f8a9a91e86a628
2217876,PRC_L2T6K0E3O2V5M2I0I1M0J3P5R8Z4A7,2026-03-31,294,295,194,2,3,194,2,3,95,true,true,194,2,3,true,295,0,web_repair_pass,2026-10-01T12:02:58.165Z,2026-10-01T12:06:55.065Z,76dd60b76b3fa4db5cad8e999b286c734aa3ab4306d7598df07cc9b778e7d7f2,96bc4f9cb27fcaed02f035345da7de850988a1735c763d2be2594f5640800bdb
2217877,PRC_T2F6A0W3A2V0U1O5D3I0W4L3L0C3D5,2026-03-31,294,295,173,0,0,173,0,0,121,true,true,173,0,0,true,295,0,web_repair_pass,2026-10-01T12:02:58.042Z,2026-10-01T12:06:54.819Z,2fa34e4f9745effec8e0c249aeaae71a731a992f186fcdf7a43ea6e3dc40d085,6b869728a9e4065669865d6163aa45b45bbfe7c6ce2b774bd94cfd60aab62097
2217878,PRC_G2R6N0L3S2K0M1H5G2Q8I1C6M9V3U4,2026-03-31,294,295,176,0,0,176,0,0,118,true,true,176,0,0,true,295,0,web_repair_pass,2026-10-01T12:02:57.926Z,2026-10-01T12:06:54.676Z,3b25383959c532cec778cbfdb14725d3f5d28fabee62e0ea52bea78175d2b54b,3e0d21d6f2e0b577b0f81bf4f472a7223b87ffc08ad4c7ecd24ba4e77d148c92
2217879,PRC_G2B6H0K3Q2J0V1X5E2B4O1E8S9W7V7,2026-03-31,294,295,174,0,0,174,0,0,120,true,true,174,0,0,true,295,0,web_repair_pass,2026-10-01T12:02:57.937Z,2026-10-01T12:06:54.687Z,67a673387e18a6ce6bc27ae06181dc232885fb7ba9c2f47bdbbc53b1d011f4bd,82601ef0606ab8d666c89838df794d94b214635835848338ffddb71b1c3993e3
2217880,PRC_V2B6X0K3Y1L7X1E9P3U8Q0N0U6N8O4,2026-03-31,294,295,193,0,4,193,0,4,97,true,true,193,0,4,true,295,0,web_repair_pass,2026-10-01T12:02:57.889Z,2026-10-01T12:06:54.303Z,23f3b7d594528913e8cdc32146a3cbca16654ff77f60e5abb47c300d2560d0c2,b276505df598ff96ff535aa257e2ed91dacda589695be9cd12cc41eb6b52f0df
2217881,PRC_M2H6Q0E3A2L3O1B8C3F1Q2C4C2Q5C2,2026-04-23,294,295,199,0,1,198,0,1,95,false,true,199,0,1,true,295,1,web_repair_pass,2026-10-01T12:02:52.876Z,2026-10-01T12:06:43.670Z,8137b667e87209611e293ca9fbb3788dc82f0f093ec43df65c9a392acbda863a,61c17a0542b1f03c01c998cbb331b491a0150a8e558da9903e93d0e38c2603c5
2217882,PRC_S2O6X0W3M1F0P1J0P4S2O1Y4W5D8U2,2026-04-23,294,295,199,0,1,198,0,1,95,false,true,199,0,1,true,295,1,web_repair_pass,2026-10-01T12:02:52.912Z,2026-10-01T12:06:43.296Z,aaee0592e514bcb7d2022b623e33ee1da60e6726eaf5e3b399e4d0294591e96f,1410790640dc9968127aeadc95baebd1bbfef6aa64343f812f4f167f794f6ff2
2217883,PRC_C2B6I0X3Z2P3S1L8Q2Q2U2C5U1U0N7,2026-08-20,284,299,139,60,16,131,54,16,83,false,true,139,60,16,true,299,14,web_repair_pass,2026-10-01T12:02:38.562Z,2026-10-01T12:06:12.838Z,abfeec93c1deb48a7e21e8570d88b43c9aaf34380078102cb1ebfe0d3a7e5c41,1238a5a7b5d1571f0c01d92ffdd6d8a98459023945f0c899d20573e1d60c48f0
2217884,PRC_D2B6C0X3E2I4L1U3P4H2K3N5Y5C7T3,2026-03-31,294,295,203,3,2,203,3,2,86,true,true,203,3,2,true,295,0,web_repair_pass,2026-10-01T12:02:57.767Z,2026-10-01T12:06:54.292Z,b92cb5de544f511d3b29afaf941e151c36fd006d0b42c8d3419f4ff4b5dbbcd5,bbf952107cb3168d89e45a83dc5e85b104b98fb087b62448be68ae8c3fd82fe8
2217885,PRC_G2K6P0V3E1Z0M1L0X5K0Q5D9T7A8V6,2026-05-07,285,286,214,0,3,213,0,3,69,false,true,214,0,3,true,286,1,web_repair_pass,2026-10-01T12:02:46.847Z,2026-10-01T12:06:30.946Z,7437a91d5d248f8de1c2ae76793e1f4c45243deb8f9e78cabacfcc715caeff70,e8b7a185dc6de8b029230aa1ffe0e8f0eae4bc6cd6a065dc78501a23a79c0ad5
2217886,PRC_Z2J6P0Q3I1V0K1Q0E2Q3D5H1V2J9S7,2026-03-31,294,295,208,0,0,208,0,0,86,true,true,208,0,0,true,295,0,web_repair_pass,2026-10-01T12:02:57.783Z,2026-10-01T12:06:54.271Z,663262b08d0a9d83e29e4ccf1e7b19321974f478097fa92ded74ad375dcf7f18,719928f6b6c71de378a49ff51a4ddf7868cf70fdcbb190ecdb1b0b2b86105c24
2217887,PRC_A2U6M0R3S1I0B1W0H3K1Y2E7X6U5P8,2026-04-23,294,295,200,0,1,199,0,1,94,false,true,200,0,1,true,295,1,web_repair_pass,2026-10-01T12:02:52.705Z,2026-10-01T12:06:43.318Z,bb613a41764ca868a3fa0918765566504e2d7e98284ee645ff04bfa1bcf4b2fe,496129376dde263e30c4dd58b9d04e14edd745f67119a28d4d3fd90ffb873f36
2217888,PRC_X2Y6Q0Q3I3M0Y1V3B5A2X0B6M6H0S4,2026-03-31,294,295,213,0,0,213,0,0,81,true,true,213,0,0,true,295,0,web_repair_pass,2026-10-01T12:02:57.639Z,2026-10-01T12:06:53.992Z,45d3ce9bb189d193ed08ff668600f14d0221b973c29be000fa0a78f77ff7cb30,429756793855a49c0a8526d0b7521cfbec00abd73c788a22153a88aa929eff36
2217889,PRC_I2W6W0O3Q1B0I1W1B0U2M1S0U8F6C0,2026-04-23,294,295,185,0,0,184,0,0,110,false,true,185,0,0,true,295,1,web_repair_pass,2026-10-01T12:02:52.786Z,2026-10-01T12:06:43.239Z,ead93072950a6d7fe45682dc6136c8d1a08342c0d364c030dbe7b1abf73886dd,2ed129a50fa68393c88ae1f3c3ed18663fba56effd94b96a846ac7edd529c43e
2217890,PRC_A2R6J0I3V1E0I1Q0A5L6A0C1J4P5S3,2026-05-07,285,286,209,0,1,208,0,1,76,false,true,209,0,1,true,286,1,web_repair_pass,2026-10-01T12:02:46.820Z,2026-10-01T12:06:30.864Z,b28b306f32b8985b9460047905c1bbd998b7913c6cf0ae124929214170c0aa9b,c2c445a5f876ce5d37a299878b6c58ca5100f46d982bd1e2691bbba365e32e4d
2217891,PRC_P2V6C0W3S2X3L1B8D3R4J4R6W8Q0K3,2026-05-07,285,286,215,0,0,214,0,0,71,false,true,215,0,0,true,286,1,web_repair_pass,2026-10-01T12:02:46.825Z,2026-10-01T12:06:30.758Z,52c3875d3be2dfbdf94b471ec610545d20ec737c269e0f36cfa020ab95fbf4b9,3da4368bd69da8cabe2e500cf1caa2fcf963d0d8816a20d079fdf9b2e06ea455
2217892,PRC_R2P6W0M3C1J7W1H9A3R6N4J9L7G8P8,2026-03-31,294,295,199,0,1,199,0,1,94,true,true,199,0,1,true,295,0,web_repair_pass,2026-10-01T12:02:57.619Z,2026-10-01T12:06:53.687Z,d98af41f2103699f9fbff842d31495a89a089dfe697542046f0deae25d61ef4f,ae31401080a364131b8625ce72245dc1de13d4ac957a929e189fac3a21640019
2217893,PRC_D2R6O0Z3A1K0V1F0N1E4A2E1F2S8E0,2026-04-23,294,295,191,0,0,190,0,0,104,false,true,191,0,0,true,295,1,web_repair_pass,2026-10-01T12:02:52.744Z,2026-10-01T12:06:42.883Z,47730163c82664814fc656f9e72f3a613a986695108c2db14dd0da385ef3ce48,d84e26fa43e27af9308ef98b04d0035fff0b600321b6d6e123a65392899305c3
2217894,PRC_L2Y6M0J3E1Z0V1N0C3B6B4K1O9P2W8,2026-04-23,294,295,191,0,2,190,0,2,102,false,true,191,0,2,true,295,1,web_repair_pass,2026-10-01T12:02:52.561Z,2026-10-01T12:06:42.843Z,479870d4f1577a9ef25ea11794f996f2758fe5c9a5af5e136f75b4ed5c8a4d7c,9a52e0636c4637e155ad697c264f7bfc33f7f193cae8e985fcfb91a2602eec47
2217895,PRC_M2Y6P0F3F1T0F1B1S1T2J5X2W1W1I0,2026-04-23,294,295,197,0,1,196,0,1,97,false,true,197,0,1,true,295,1,web_repair_pass,2026-10-01T12:02:52.536Z,2026-10-01T12:06:42.686Z,b7265249d45b1d2e1bc98e43dc7456db403f22091a4d5d16a7c84e9da8c91e48,bc3ca7fc76aa16e08830f1e007e6deae249b9ab6042daf6afc39434410492519
2217896,PRC_L2W6Z0S3B2C3H1J8I3F4F0D3L1Y1O4,2026-05-07,285,286,214,0,2,213,0,2,70,false,true,214,0,2,true,286,1,web_repair_pass,2026-10-01T12:02:46.697Z,2026-10-01T12:06:30.610Z,ebe7b3fe0f367875aaa5fc366431799b7f8b3cda3cc5a0c995464136340db22b,ab31275df52b2469abdb5308dacef37b97a344cf78f8ba10244563d4c555b5ae
2217897,PRC_V2M6Y0C3G1L0W1I1J0Z7H4B3L8X7N3,2026-04-23,294,295,196,0,1,195,0,1,98,false,true,196,0,1,true,295,1,web_repair_pass,2026-10-01T12:02:52.583Z,2026-10-01T12:06:42.516Z,f60ed7c6431cc5aabeeb99a9981567c86d851e857cf5116bf812a0faf720a68a,90b460ef40f5f27c1ded4de9d27858dcaeff0198d24291b185f5b35ff45e5cd9
2217898,PRC_L2D6W0U3A1G0D1B4R1A2T1V1P8C7N2,2026-04-23,294,295,170,1,1,169,1,1,123,false,true,170,1,1,true,295,1,web_repair_pass,2026-10-01T12:02:52.357Z,2026-10-01T12:06:42.415Z,34fd793d4b038497db91c48820664a64e56a59d600a0bf44b993b0b5a48f527a,9121f2adf653834f9ddc4ebeaaa8069e04274bf1679e57910b3c4da39e96474e
2217899,PRC_S2V6F0L3M1E0F1E4Y1Q1M2O2C7A9Z1,2026-03-31,294,295,171,5,3,171,5,3,115,true,true,171,5,3,true,295,0,web_repair_pass,2026-10-01T12:02:57.636Z,2026-10-01T12:06:53.606Z,8ca46f8a59f5849475baeb7d89d814d722c816100adb93296e3796ae43573859,6b51c5f8a7f5e158df443968c661445b296e8095db9c5433d24d0e5f1441e73d
2217900,PRC_K2O6C0M3N1L0M1C3S5C9E1L1I1B5D1,2026-03-31,294,295,175,0,2,175,0,2,117,true,true,175,0,2,true,295,0,web_repair_pass,2026-10-01T12:02:57.500Z,2026-10-01T12:06:53.347Z,e505d3520c45a8742df02d53941b8455e6b58e0bf0792df2a1d4d2f43d0aeee1,00cff139fd2a24d5ecc405f5c121cae3fea7f1244f1b9e3ce3a76ddb6b91967f
2217901,PRC_H2L6V0Z3L1P0U1Y8S0O5P0V9E5F5G5,2026-04-23,294,295,170,1,2,169,1,2,122,false,true,170,1,2,true,295,1,web_repair_pass,2026-10-01T12:02:52.399Z,2026-10-01T12:06:42.279Z,9ce5bd2ce7003f1072cc0d166a0cbe541a1b34dbf29eb165be868973f09ce4b7,4097cb4b3be06b0ebaadbe436d043e8aa4a41289947456de35a181b4a4be8256
2217902,PRC_P2Q6F0K3H1I0T1J8S0P9Q5D4F1I3T9,2026-04-23,294,295,174,0,0,173,0,0,121,false,true,174,0,0,true,295,1,web_repair_pass,2026-10-01T12:02:52.333Z,2026-10-01T12:06:42.138Z,26d6e8151ff40e2f21e99a95035fe6c212105e0284e80e07e212a47cd41f788e,83b230fe60e8515c3f9023dfb10f2569c58199af305c0f9b8a5ef5f8b4454497
2217903,PRC_R2R6Z0B3I1K0Q1O8V1C0T4M8D5O3K5,2026-04-23,294,295,168,1,3,167,1,3,123,false,true,168,1,3,true,295,1,web_repair_pass,2026-10-01T12:02:52.181Z,2026-10-01T12:06:42.044Z,59208d55e3d2403032a9e56e39dc47f3c25c77af645dbd818f1dbc3b3b66119a,99e23761c59ceb8b3202d723bd33e222adf41538f1b56066d50c11c603abef54
2217904,PRC_Z2Y6D0Q3T1I1I1Z6E0G4Y1B4S0R5M8,2026-04-23,294,295,173,0,0,172,0,0,122,false,true,173,0,0,true,295,1,web_repair_pass,2026-10-01T12:02:52.222Z,2026-10-01T12:06:41.790Z,f8bab70a0abc4f5f45e3e6862f19f5dbfc475d09fe96148ac5e86e836c3df559,0073418cf15087e644701ee4bb0c5224a50f9f4bae72d3dbbaa3b0e406d019d1
2217905,PRC_B2W6S0D3P1C0D1W4G0P1G0A7Q1B1T4,2026-03-31,294,295,179,0,0,179,0,0,115,true,true,179,0,0,true,295,0,web_repair_pass,2026-10-01T12:02:57.459Z,2026-10-01T12:06:53.504Z,9c9f7b468be34d9a41dfb408d27572299d31571fec1f945fe980db6951dad04a,249c60b7ffe85cc07e61aaafaed09d9b44fc9e5e05b1d503e010fb1689917cb7
2217906,PRC_W2I6T0L3J1E0D1C1O1I0F2K8M9K4O5,2026-05-07,285,286,173,0,1,173,0,1,111,true,true,173,0,1,true,286,0,web_repair_pass,2026-10-01T12:02:46.649Z,2026-10-01T12:06:30.511Z,a9fab0d7a1b92631e83d0c438d009bde12d82e244b1103842e9e91c746194236,b689b2afbbac657033fa89a6fc327abe9968665803538447dae108459bb38b28
2217907,PRC_A2W6E0L3N1I0V1P1S0Y3E1N2P2V8F2,2026-04-23,294,295,177,0,0,177,0,0,117,true,true,177,0,0,true,295,0,web_repair_pass,2026-10-01T12:02:52.130Z,2026-10-01T12:06:41.651Z,d33afd67eaccf7c4c7e356717abfda4f09e49369d343bbdeca6862a060ef14ae,8cf17beaa49292bf0cc495a85353b06ae67043a704c7c459681643217002b57a
2217908,PRC_E2O6Z0T3I1K0Q1E1E0K9N0D9B3V7F3,2026-06-18,285,300,249,0,1,235,0,1,49,false,true,249,0,1,true,300,14,web_repair_pass,2026-10-01T12:02:42.087Z,2026-10-01T12:06:20.203Z,16f87b6c0f252159f123a0eb8c0556baaaa9e006d123236d1d039b45ac5069ce,750e45a5c259ab5df78311ef5ea5fbbddb2e25e3b82026f98358447f863a29dc
2217909,PRC_A2D6O0E3Y1E0M1I1W2I0D5O1O2M1T4,2026-04-23,294,295,177,0,0,176,0,0,118,false,true,177,0,0,true,295,1,web_repair_pass,2026-10-01T12:02:52.043Z,2026-10-01T12:06:41.722Z,14099ad53e3140952491d78eeec42587df53551cbf3e43630a1e49c563273096,7a4128fc1e80886cde704187bed74d3e3b554b01365c175994fdb97e12f542f4
2217910,PRC_G2H6M0F3M1V0D1O1B1W8W5G0R6V0V6,2026-04-23,294,295,175,0,0,174,0,0,120,false,true,175,0,0,true,295,1,web_repair_pass,2026-10-01T12:02:51.998Z,2026-10-01T12:06:41.373Z,12102cd22f841b002344b1af05c61734b907f2351858f3bc49220a3afa679643,8726cf537e3a43cd7e1ac4e58f5d4f5c00e1e29b6f87e4bcf1a04d64b3191ae5
2217911,PRC_N2W6X0B3U1M0M1U1I2M2Z2Z6J7E0A2,2026-05-07,285,286,164,0,0,164,0,0,121,true,true,164,0,0,true,286,0,web_repair_pass,2026-10-01T12:02:46.638Z,2026-10-01T12:06:30.419Z,993ffe1fa356c2096961ae307bd6842094c062d6a7ba2378e88afa7edcec574f,3737e6f63a831477f13279922a59c1351bd04d62e05996b5259a441ccc3721ad
2217912,PRC_Y2C6L0T3Z1J9M2O1Y4Q3T4J2V0U7Y0,2026-04-23,294,295,173,0,2,172,0,2,120,false,true,173,0,2,true,295,1,web_repair_pass,2026-10-01T12:02:51.869Z,2026-10-01T12:06:41.291Z,aed966b78dad8f1d0378a60e395692ab91df042b69dbf395895d7b3dd993fcab,27d3315e8f5f1df05a2600bae73b3d273a163210a74e2de63231450ca55ee634
2217913,PRC_L2U6I0P3Y1G0N1N1Z0J1T2R6Y9Y0C9,2026-05-07,285,286,168,0,2,168,0,2,115,true,true,168,0,2,true,286,0,web_repair_pass,2026-10-01T12:02:46.526Z,2026-10-01T12:06:30.242Z,e87f6a190d8cd9ad1dd11adac18345f0513e8b5509dcb70e29c1691bcf72716c,7c6b7e5b9b6d713c509b6d7d329c6f719c30a8485734c4b93ca99cdec837a040
2217914,PRC_P2Z6O0Z3H1E0B1Y1U1B2D5L6I4T7U5,2026-04-23,294,295,175,0,0,174,0,0,120,false,true,175,0,0,true,295,1,web_repair_pass,2026-10-01T12:02:51.855Z,2026-10-01T12:06:41.295Z,76a5d6c4b25f63c8b9436442af1fd3c630ad5662f97eb2c5c0df73dc28cd5fbe,73c92d3ec2824e028cb73d79bdb7342fceedcf54948e2258588f30b1972751f9
2217915,PRC_Y2Z6D0X3D1A0I1P1U0E0O0F2F8D0W5,2026-03-31,294,295,174,0,1,174,0,1,119,true,true,174,0,1,true,295,0,web_repair_pass,2026-10-01T12:02:57.421Z,2026-10-01T12:06:53.102Z,b0408f8818724466ad7ba17d4258ab6c6c10dee9bd515118378985c5883bf2de,6cb8b6eb4f62ca0cf8256812ab00134e97904e6bc2d0e4b8660f99a0706c8db6
2217916,PRC_I2Z6I0F3S1K0B1F1B0B8X0N8O8C4M0,2026-06-18,285,300,225,10,12,214,10,11,50,false,true,225,10,12,true,300,12,web_repair_pass,2026-10-01T12:02:42.058Z,2026-10-01T12:06:20.043Z,2d0370cd264eecd7c52c272ad4c299581a4d1b0ebffd2516f962cbb784674f1c,e53df16c68dc5cf1596acd035712c7ff74dc684590227bb057723a83112e3435
2217917,PRC_R2O6N0Z3E1R0L1W1P1Y1I4R8B9X5Z7,2026-04-23,294,295,177,1,1,176,1,1,116,false,true,177,1,1,true,295,1,web_repair_pass,2026-10-01T12:02:51.834Z,2026-10-01T12:06:40.950Z,1b1c3ce7fc92cd6c2a5a1cb2ee7b640a6c3244f3152b15d46b72644a47b221a7,a10add2862d3e0b5ab5045611ac25d9d73a1b3610671895cc07c25f419a8f3c1
2217918,PRC_X2F6D0E3F1J0T1W1J3G0K4C3A4H4O0,2026-04-23,294,295,138,11,22,137,11,22,124,false,true,138,11,22,true,295,1,web_repair_pass,2026-10-01T12:02:51.658Z,2026-10-01T12:06:40.904Z,36ebb1556dbd6bd80c5b07e245e0532c92c2e7f26b8506f25cc6da5086385495,4e44e98daebd5d3a9c37cbd2a9ada21e5b3375628df9486a528f57839652850c
2217919,PRC_D2B6K0A3G1H9P2Q1H4N2H3Y6O2P9Q1,2026-04-23,294,295,174,0,1,173,0,1,120,false,true,174,0,1,true,295,1,web_repair_pass,2026-10-01T12:02:51.654Z,2026-10-01T12:06:40.807Z,7ba9db1017c273235d6d220bca7d04b96ed4d45133fb2be9bef332735884c9ba,17d638eb7c6c3a802d455a37579a6a8ad94d597bf638bae21b6a7a842f04f77e
2217920,PRC_A2B6N0T3A1W2N2F0Z2G7P1A3R1B0K5,2026-04-23,294,295,171,0,2,170,0,2,122,false,true,171,0,2,true,295,1,web_repair_pass,2026-10-01T12:02:51.628Z,2026-10-01T12:06:40.607Z,607f59bea6ed947e14ef7dd7c4c9d0ced101099edb7c96107e311ad1bff578b6,c614bb7490119867b228f6680533a22fadf24314aa32c2da49419bc2eae601dc
2217921,PRC_I2Y6V0Z3M1K2X2E0T3X5C2J7W0S5B8,2026-04-23,294,295,170,1,5,169,1,5,119,false,true,170,1,5,true,295,1,web_repair_pass,2026-10-01T12:02:51.455Z,2026-10-01T12:06:40.541Z,8217bc87c5d9cae211224dfab101e5782ff4ef2d00c36363feb12a9e3e106cdf,b2599641fc3eb555a86ed47f322a78acc89496aeee7956426c5bc35c10bfae65
2217922,PRC_Y2O6S0W3C1N2X2Z0M3G0H0Q0N2N2C4,2026-05-07,285,286,163,0,0,163,0,0,122,true,true,163,0,0,true,286,0,web_repair_pass,2026-10-01T12:02:46.514Z,2026-10-01T12:06:30.172Z,0e61ab376c31053f3943a843147a57fade1c13f0477bcb6a5ba17176a19dc34c,f721e4cdfed2d613ed7ef25d25da0c99ffd0fdbf6a228153245aa5316aa1db48
2217923,PRC_P2U6F0K3O1K2S2Y0P3R7Z3H4O9W0W7,2026-04-23,294,295,175,1,1,175,1,1,117,true,true,175,1,1,true,295,0,web_repair_pass,2026-10-01T12:02:51.488Z,2026-10-01T12:06:40.293Z,18ece8c911cda1363f4d5564883f43f6b20b32ac7f4e6e278cb3e00c7850e3f4,a74dabe211fcb332c6c46f58e0dbe504b497f3b41587367a57df4db291318cc1
2217924,PRC_V2V6S0J3H1C3S1X2J3A8D2G0O7F4G2,2026-04-23,294,295,178,1,3,177,1,3,113,false,true,178,1,3,true,295,1,web_repair_pass,2026-10-01T12:02:51.367Z,2026-10-01T12:06:40.235Z,75af6078532d512084d46259442e339565a1b191782c2864a361bf4013a00249,97a05de4c200479d7def6b6bd22ef7f5f0c17ef5e8d7fa27443c36af6fa17d35
2217925,PRC_Y2Z6D0S3R1O2J2H0Q3V2Z1K4Z8T3B9,2026-04-23,294,295,175,0,1,174,0,1,119,false,true,175,0,1,true,295,1,web_repair_pass,2026-10-01T12:02:51.265Z,2026-10-01T12:06:40.371Z,3a85a8e3105ab520e61aed730e19397c6a72ac1f734ace32e897c30dd7a92220,ef0246cc3aa5b1feab1809614b94479a91a3d13b5e55895abfe42e0477188af0
2217926,PRC_C2X6R0H3H1K2L2K0H4H3T0T6T2Y0Z9,2026-05-07,285,286,163,0,0,163,0,0,122,true,true,163,0,0,true,286,0,web_repair_pass,2026-10-01T12:02:46.488Z,2026-10-01T12:06:29.916Z,f1159c07015ca6cfa3e5393fdd5d6066e909a4bc0e84b96661989e5bf7311083,6aa2d64a597dad8342ad6463ed55ba8874b53c9b6be460b52ad0e76634f81fb6
2217927,PRC_S2G6C0H3W1V2W2M0T4L3Z5G2Q2H0W9,2026-04-23,294,295,181,0,0,180,0,0,114,false,true,181,0,0,true,295,1,web_repair_pass,2026-10-01T12:02:51.315Z,2026-10-01T12:06:39.901Z,727aca565cffac4d392053b508a938d83e4084fabdd68afe6b2fe14f9caaa5ef,3ed74ff8ad673f9fbdb5335030c850b57426001e805c450704b5063e3081ab1d
2217928,PRC_A2G6N0A3M1X2X2W0Z2U2D3A3Y7Z3A0,2026-04-23,294,295,158,5,4,158,5,4,127,true,true,158,5,4,true,295,0,web_repair_pass,2026-10-01T12:02:51.099Z,2026-10-01T12:06:39.838Z,759297e10ebbb8b9b21a7d3a4a92c39e9eef637f19599426fcaf1911f4ad1332,5a1c5832e1bee98777a4602701558e64f99f31f3baef75e3ff29650043ffa641
2217929,PRC_D2I6Z0X3Z1M2V2T0Y5W4R5X3V1X3N0,2026-04-23,294,295,183,0,0,182,0,0,112,false,true,183,0,0,true,295,1,web_repair_pass,2026-10-01T12:02:51.073Z,2026-10-01T12:06:39.777Z,57bf4948bae2823beff30bc6d5efc8c6085162ad5336a05160b0dc091496c8bb,a67339fd44e263b34dac5193785f26cc954e27fe108290c508e97912de601e8b
2217930,PRC_G2T6G0R3U1F2C2W0C5Z3E0Z2C8R4W5,2026-04-23,294,295,173,2,6,173,2,6,113,true,true,173,2,6,true,295,0,web_repair_pass,2026-10-01T12:02:50.904Z,2026-10-01T12:06:39.559Z,fe115f1305e8d5cc9ebbacd77afd0c1e6c59d4d4f36d8fe18cae6cd54cdc9360,623456c148ee0991d7c56ce64c0f67ee50b3e8ec51bfa02312307b7ac1e412a5
2217931,PRC_E2R6W0M3S1Q2A2J0T4N7S3W7O7K2L2,2026-04-23,294,295,178,1,0,178,1,0,115,true,true,178,1,0,true,295,0,web_repair_pass,2026-10-01T12:02:50.914Z,2026-10-01T12:06:39.455Z,668888b47466df2f091005de6d23ae40404d6364fbd8e8741b6f3b46b2b18e6c,bd8f261912f9d7d37c4c6124c22f3b2e470a98cffd766f68c62fcbcdc9f9393a
2217932,PRC_E2S6X0U3P1P2H2C0R5L0T0X0J5V9A6,2026-04-23,294,295,182,0,0,181,0,0,113,false,true,182,0,0,true,295,1,web_repair_pass,2026-10-01T12:02:50.766Z,2026-10-01T12:06:39.502Z,1eecc1c3273df6c6659d5cc4a56f49fc391804159842297a0d2a50000fa64be0,4bafc37f92de6433792c66cd3dded84063c887691741e09feb8098233ef0b50c
2217933,PRC_K2L6F0X3I1X2D2Q0S4V5T1V9O6Z1D2,2026-04-23,294,295,175,0,0,174,0,0,120,false,true,175,0,0,true,295,1,web_repair_pass,2026-10-01T12:02:50.806Z,2026-10-01T12:06:39.178Z,e00d82516b923dbc4a460e41bf2a8aac4b9ed09035ad17d3e7229b2b0dfbd170,5be1cc6b82b3cb811d5809b3defccc3eabd860535a46119d3ccfd814db7dc775
2217934,PRC_R2U6A0T3Y1Q2P2E0L2U0T4Z1Y8A0B1,2026-04-23,294,295,177,0,3,176,0,3,115,false,true,177,0,3,true,295,1,web_repair_pass,2026-10-01T12:02:50.770Z,2026-10-01T12:06:39.125Z,7cc1d18cd2b370b175bc452afbf174d263967d8686b870401972c30f01f377d0,b5248da5e9d87e8e9dcb27b9b24ea610ebbaaca8c4a86223ce715ec894d0239a
2217935,PRC_S2B6S0E3C1I2Q2F0T5D1N5D2W2Q0P5,2026-04-23,294,295,182,0,0,181,0,0,113,false,true,182,0,0,true,295,1,web_repair_pass,2026-10-01T12:02:50.626Z,2026-10-01T12:06:39.039Z,68e116a1233b784ed0a25652e159caf95e6fe548fef8a7d37f35ff836538a444,858299f2fc56f4543578a832debc410acba7b6e79815bb3c41c1239d0af25481
2217936,PRC_W2P6F0D3T1X2C2T0K3T9B3L7K5E1G5,2026-03-31,294,295,175,0,2,175,0,2,117,true,true,175,0,2,true,295,0,web_repair_pass,2026-10-01T12:02:57.319Z,2026-10-01T12:06:52.919Z,ad5cc9cd29ce388be87835d3d2deb3e27e9ae82b9aa1fdd3ecfb95ba64d7f5d3,04fb97b07aab9fabc50c44bc951d75152d96856927102677f5bb3eab1647de7c
2217938,PRC_J2P6C0A3K3B1T1K9R5C4W5H4W0V6K1,2026-04-10,294,295,213,12,19,212,12,19,51,false,true,213,12,19,true,295,1,web_repair_pass,2026-10-01T12:02:57.357Z,2026-10-01T12:06:52.909Z,384a43d930537f1971f60e644de7870fabc83b45c203ff6e1ec6197d8c9faa79,f3e98575cf8ef2e680d7c89705145f8e193626374246b38b705373d31b56f3ff
2217939,PRC_Z2J6M0O3U3V1Y1D9R5O6I2I7W6H7P6,2026-04-10,294,295,220,5,10,219,5,10,60,false,true,220,5,10,true,295,1,web_repair_pass,2026-10-01T12:02:57.271Z,2026-10-01T12:06:52.787Z,8fd0b739286f1d11e2b6bcb92a9a82a66bf99049a314076e64bd8477c8f487ce,2372b319d2fa29b79206eb9eaf1dff4e849d8cbd595d74d8d8a39fac366c21d1
2217940,PRC_A2N6O0H3U3T1X1P9I5H6X5I3O0S1M3,2026-04-10,294,295,224,6,7,223,6,7,58,false,true,224,6,7,true,295,1,web_repair_pass,2026-10-01T12:02:57.131Z,2026-10-01T12:06:52.590Z,91a87f90d2d13459194bd8e6d3926da79476145579dac4f7ee48e44aaccdb657,2836efc318e831f9e16be8ca85ca1fea33acf98ade4a6eab977f982ddf3eab74
2217941,PRC_F2V6U0V3P3D1N1S9X5L7T1Z8Q6H6L7,2026-04-10,294,295,218,7,12,217,7,12,58,false,true,218,7,12,true,295,1,web_repair_pass,2026-10-01T12:02:57.121Z,2026-10-01T12:06:52.499Z,f5e72ab0cab122d3204bafdc428f4d9d22b72344b9fc81fd0ad7bf138a6eb935,b27800cf3408ffce9638e574bf6fb5ad629d115e8cabb757dbd9bf40389dbd5d
2217942,PRC_G2I6X0D3F3A1M1R9L5U7G4X2L0C2G6,2026-04-10,294,295,216,6,14,216,6,13,59,false,true,216,6,14,true,295,1,web_repair_pass,2026-10-01T12:02:57.101Z,2026-10-01T12:06:52.422Z,42f707e6a8022143637875790982bd094d4910a66eca37cccc52da63924eafd2,084ca627475a40fe2111d080601666f6be672a041a2a0d2858c3d4d170949653
2217943,PRC_M2T6N0I3M3Q1Q1F9M5O8E0T8J3L0X1,2026-04-10,294,295,214,10,10,214,10,9,61,false,true,214,10,10,true,295,1,web_repair_pass,2026-10-01T12:02:56.992Z,2026-10-01T12:06:52.203Z,603af2c707249039b21de7b4609583dfebdbff8e15285214d242d33332694d17,53fc40899f287cb12ed3d1873038368592896bbd27543a55714ffd0ed8d19949
2217944,PRC_L2N6T0Z3Y3K1J1R9K5T8W3C0K2R4N4,2026-04-10,294,295,211,8,16,211,8,15,60,false,true,211,8,16,true,295,1,web_repair_pass,2026-10-01T12:02:56.977Z,2026-10-01T12:06:52.102Z,b0d0974c3c119dfad87ef87671fcee7e043c4ad9884c1be97d9c7bfa44c26204,f4a149d12b8ac27be150a0beca16d1018cf0a84a4b1ae30512a523118625aa3c
2217945,PRC_X2P6H0M3Z3O1B1H8O1N6T2C8G0Z3J7,2026-04-10,294,295,222,5,7,221,5,7,61,false,true,222,5,7,true,295,1,web_repair_pass,2026-10-01T12:02:56.903Z,2026-10-01T12:06:52.019Z,1e5d364ce581afad16a0ad5d65b2387e67227acd9b490d2b19e1f2587f5c91d3,03659aedfea18fd9580125756efd31b6babf31e74a785f6bd8854d8540ab53d4
2217946,PRC_V2G6F0F3Z3B1A1E9P5Z3E4A2Q0S2A5,2026-04-10,294,295,222,5,7,221,5,7,61,false,true,222,5,7,true,295,1,web_repair_pass,2026-10-01T12:02:56.842Z,2026-10-01T12:06:51.838Z,8c6683468d20f64e32d69a140654205e788446c1658f17bd084329e70454efb2,41bc7088e39b2d540aa4a49f6d761af42f5642280c3d655628f051bcbcb487cb
2217947,PRC_S2C6R0U3J3O1T1B8J1C8E5Z8U0V5T5,2026-04-10,294,295,223,6,6,222,6,6,60,false,true,223,6,6,true,295,1,web_repair_pass,2026-10-01T12:02:56.766Z,2026-10-01T12:06:51.671Z,ed77a13723a0b6ee7cd8aa2a5abe5e094c9e261699f14cec671b4cce78efb3dd,ad1708cbb06cd8559634bd11591f9edad989837ea46899bd974fcaec3866c0f1
2217948,PRC_U2J6M0P3I3U1S1O9Q5Y7U0E9K4Q9L8,2026-04-10,294,295,226,5,6,225,5,6,58,false,true,226,5,6,true,295,1,web_repair_pass,2026-10-01T12:02:56.846Z,2026-10-01T12:06:51.777Z,a93025c46fb5dfc85a2c6022ea01739dca3e971e2a2d96c1314a1479b9d12809,a1c9d329260eee419860de539222f56da8176824d0ba6eea63ad1593c066d036
2217949,PRC_W2R6V0F3A3Q1Q1Q9I5O8O3F8F2L3E7,2026-04-10,294,295,224,6,5,223,6,5,60,false,true,224,6,5,true,295,1,web_repair_pass,2026-10-01T12:02:56.699Z,2026-10-01T12:06:51.477Z,01c8d10fde9360b976dc9f0f049a3f0c0dba7b374749e8bdb0591eeaa2dbd20b,33f0885bbc0ddb9ae8ce56dbfe790d3bc3f629a3c3513cd199944adc84eb4001
2217950,PRC_N2L6Z0Z3E3O1J1Z9K5B9V4L7Z8G1W0,2026-04-10,294,295,225,5,5,224,5,5,60,false,true,225,5,5,true,295,1,web_repair_pass,2026-10-01T12:02:56.612Z,2026-10-01T12:06:51.323Z,6f52e31e90f61cf79b04d627f07375de11464201a11a3e68ab1bac8e5b6dad55,9f5ae67db57d1a1af73c1bea07950586a95bd7389dd2250d4b545799c62e7c73
2217951,PRC_Z2U6A0S3H3E1N1V9V5L4N3O1W6L3L2,2026-04-10,294,295,219,6,5,218,6,5,65,false,true,219,6,5,true,295,1,web_repair_pass,2026-10-01T12:02:56.617Z,2026-10-01T12:06:51.141Z,06c5a14b794756e233d072d193ef2681bd861f9c33fcf88f9dfb9cf5e57fd15b,46390812fc8691f7a38651a2e2010404925691de036f0a8adffc895c7459cde3
2217952,PRC_U2T6I0G3O3F1F1L9D5W6Y0T0O7A6H3,2026-04-10,294,295,217,7,9,216,7,9,62,false,true,217,7,9,true,295,1,web_repair_pass,2026-10-01T12:02:56.478Z,2026-10-01T12:06:51.093Z,9a152eab4b2e6a19fef2ad1dad34131d763957cb68be5aa85483608a91521569,4f1d42ea498c84d02e591f9e75395b5129e6d9fcee45b241826a8a1a182619ca
2217953,PRC_B2T6J0X3S3J1Q1B9S5R6I4N1Y7H3D3,2026-04-10,294,295,216,5,7,215,5,7,67,false,true,216,5,7,true,295,1,web_repair_pass,2026-10-01T12:02:56.446Z,2026-10-01T12:06:50.941Z,56d6d9ff5ce0394f9a623d978608e53d5d21e0a78f62535596c636f52e7ce425,85b8277909c22f30fab5d090cd180543494c2b3b9de49e6dd7947807bc3b8b41
2217954,PRC_A2B6L0W3M3C1I1F9V5R7S1W9G8A5N0,2026-04-10,294,295,222,5,5,221,5,5,63,false,true,222,5,5,true,295,1,web_repair_pass,2026-10-01T12:02:56.561Z,2026-10-01T12:06:50.768Z,6b7916d952986e2621dbc10524172870f7601cc81becebebcd685bc00c601a38,04e801f6643577e11dfb266ad3a88c460690b0dc6329b0c2656b8143104a5f7b
2217955,PRC_O2Q6I0Q3C3M1G1L9R5O7O5G2U3E7Y8,2026-04-10,294,295,221,5,7,220,5,7,62,false,true,221,5,7,true,295,1,web_repair_pass,2026-10-01T12:02:56.323Z,2026-10-01T12:06:50.775Z,24762835859fc94fbbcf79076008daf1505aa86524ed6e0c97273312882f0e88,35c7f7f8628e1c3edf75fecbfd95368a8257e0d403909ec84376484aecee198f
2218420,PRC_Y2W6X0F4D1E3C1D7B4J2K5I2J4H0H8,2026-08-26,284,299,205,2,17,194,1,16,73,false,true,205,2,17,true,299,13,web_repair_pass,2026-10-01T12:02:34.761Z,2026-10-01T12:06:04.656Z,a82a5ae4ccdf4d6d4d30abf134d57829f367e74c8a9ad7cf35eb7021ea4e00c9,f6f023c5fc9e9252e42dba7ef9b943141534ba1a8171251a4ff2f890f27811b3
2218428,PRC_V2D6D0H4H1E7R1Z9K2W0S3F5I4G9P6,2026-04-18,294,295,212,0,2,211,0,2,81,false,true,212,0,2,true,295,1,web_repair_pass,2026-10-01T12:02:56.316Z,2026-10-01T12:06:50.381Z,e829a4b6bbe5717b958a78d98252872b3744613201dc21504a72bbe4df9bdea6,820b9537b978c9f8a3775b4b486c6a71c7969ba7e79dcf35599d0d839ddfdb03
2218429,PRC_K2S6L0G4V1G7J2S0P0M2U5G4P5D6D4,2026-04-18,294,295,184,4,25,183,4,25,82,false,true,184,4,25,true,295,1,web_repair_pass,2026-10-01T12:02:56.156Z,2026-10-01T12:06:50.397Z,8da42f1b4b13c47e8081c5fdd2fa7127d673cbe29a8ad2ceb19db00764d645b3,1a3be21b3c5fe56cf1fdd12852b738db4b6ffa2dc73f7246ca974eee1592f461
2218430,PRC_P2M6Y0Z4N1O7K2D0V0H3F4A6H3K4E6,2026-04-18,294,295,214,0,1,213,0,1,80,false,true,214,0,1,true,295,1,web_repair_pass,2026-10-01T12:02:56.146Z,2026-10-01T12:06:50.176Z,659827aad66cc63197eaf230e9cea4196a09887ab601cc13b692a41e45c5aef3,c0a506214d67dbca0089299746783079f1ecc22791e147a616598fa844ad42ee
2218438,PRC_W2V6T0T4S2T0A0B9A5Y5Y4X9X5F5E0,2026-04-23,294,295,153,0,11,153,0,11,130,true,true,153,0,11,true,295,0,web_repair_pass,2026-10-01T12:02:50.587Z,2026-10-01T12:06:38.807Z,68ad8912262065d9b77345c11231799b56ec22a9dfb3655cba9694206b943ba1,a825442038b3cd480f9423ede9041492f07b95fc2f2e7f7b57130a7f6ec21886
2218500,PRC_K2S6O0M4V1Q3M1A1F4S0V0N3C8P7T6,2026-04-23,294,295,205,3,4,204,3,4,83,false,true,205,3,4,true,295,1,web_repair_pass,2026-10-01T12:02:50.499Z,2026-10-01T12:06:38.757Z,106ef44304e8fdeddf800a35bcceae7f615072ea2002b5f55941130418a52918,0520057ff42bf0c863b4c69919a7d3f686a741da3ab5318c4160e0cc2e3c00a3
2218504,PRC_W2Y6W0K3A2L3T1A9R3F0B1L0Z9Q9Q2,2026-05-07,285,286,198,0,1,197,0,1,87,false,true,198,0,1,true,286,1,web_repair_pass,2026-10-01T12:02:46.341Z,2026-10-01T12:06:29.919Z,ca432b1fddb61657be20e8e4b11db92550b8c6770a2afb639f06c959fa825836,fd97cf6abd2ac1015e85e7dca662e2a5e7c0908c42dd7c03c6ee05c488f1c6cd
2218505,PRC_W2U6R0A3I2C3U1O9O3A4O2O1N8V6G7,2026-05-07,285,286,199,0,1,198,0,1,86,false,true,199,0,1,true,286,1,web_repair_pass,2026-10-01T12:02:46.356Z,2026-10-01T12:06:29.848Z,3fcbaf495004dd4c423690c7d3dc260a3703ff9e4257a642fc0307a5de978f9d,8c7f8e5f0123ff527675d421f0992b3ac94fba5ba59b6e4fe1ada7a328a74801
2218506,PRC_N2K6S0G3M2U3M1A9C2M5S2X7R6Z3U3,2026-05-07,285,286,201,0,3,200,0,3,82,false,true,201,0,3,true,286,1,web_repair_pass,2026-10-01T12:02:46.352Z,2026-10-01T12:06:29.597Z,3cbfdc0757afd549640a33e745f6837f3b1069ad9b140dea7eba981f57de0b3c,944caa47c60a5ec7c82cf0d06438ae4a872a86a23f7b174cc67480e3089ce98f
2218507,PRC_W2J6S0M3S2U3J1B9B2V8A2R3J6W0J8,2026-05-07,285,286,197,0,4,196,0,4,85,false,true,197,0,4,true,286,1,web_repair_pass,2026-10-01T12:02:46.196Z,2026-10-01T12:06:29.608Z,e8898d13f63cea343372dbfc3144f96d3d291cca555c92c977151e58fc5cbdae,673da7e03b8849642deb36ac5aefce917b739074362a11aed70547a79631d44e
2218508,PRC_Y2M6E0K3D2Z3N1J9Q2V6K5C7N0V8I2,2026-05-07,285,286,207,0,0,206,0,0,79,false,true,207,0,0,true,286,1,web_repair_pass,2026-10-01T12:02:46.193Z,2026-10-01T12:06:29.517Z,d05fda21428c1d3d32da3f114e14290317370a04377c14c65e0031ea5ad528d8,8da173ea81eaac2a8a60be050b396fce4275ede6d5da2339d5c33a4161a056bb
2218509,PRC_I2Z6W0M4T0Y2B0B7D3N9V1J1E5F4S4,2026-04-23,294,295,216,0,0,215,0,0,79,false,true,216,0,0,true,295,1,web_repair_pass,2026-10-01T12:02:50.543Z,2026-10-01T12:06:38.708Z,aa38847b95685d2dcada5fda42932736f23c21f5615a7424c99de72b78c25617,2020bcb2fdf69e7cd354aed9f36297acf048caddefa6ec86dc5e7bd66b61d925
2218510,PRC_F2C6S0V4D0D2T0A7U4P3P4T4I9P2C3,2026-08-20,284,299,229,0,2,216,0,2,66,false,true,229,0,2,true,299,13,web_repair_pass,2026-10-01T12:02:38.530Z,2026-10-01T12:06:12.832Z,504f4012b7ca3df06f4fff62b37d1a5ee0202adb38d1aef08b56130b64941905,4e146348ab7513fbcef7a19112174e30327fa46948748325f154506dd88f58f0
2218511,PRC_K2X6P0O4G0R2C0C7W4O4D4P2I3O3Z9,2026-08-20,284,299,220,0,7,209,0,5,70,false,true,220,0,7,true,299,13,web_repair_pass,2026-10-01T12:02:38.534Z,2026-10-01T12:06:12.720Z,3ffd63f8057ccdd5d524b5ceed2a2a321b2721148873bf8acaea751dc8626b05,33067e2a3e9b7e34e0210ce3452241f08644027474653c7056464c7c707fe7a7
2218512,PRC_V2C6I0F4Y0K2N0Z7G4B1Y4Y8C7S1C6,2026-08-20,284,299,227,0,1,213,0,1,70,false,true,227,0,1,true,299,14,web_repair_pass,2026-10-01T12:02:38.402Z,2026-10-01T12:06:12.518Z,1aeb96c84141e9a480ec270d96ca3d855018301cfedf05d3aaac8f29e6cf1cf5,a469e26b53ea4aa062159202e900d0519093d465b88490877b320c336dd86e65
2218513,PRC_O2W6T0P4E0B2I0P7I4D6P2B5A2R2M8,2026-08-20,284,299,227,0,1,213,0,1,70,false,true,227,0,1,true,299,14,web_repair_pass,2026-10-01T12:02:38.390Z,2026-10-01T12:06:12.474Z,00f72f7ebaaef15bd4dc5b2ed6ba8ea1d98d3daa6053eb39342d6aa82562865f,e9ce4f78e3f58660cb13e6b0ad134471c9238fd25d57e28846f6e4cdce78caca
2218514,PRC_E2M6G0L4Y0F2M0Z7R3Y5X4F9H3T5K3,2026-04-23,294,295,213,0,0,212,0,0,82,false,true,213,0,0,true,295,1,web_repair_pass,2026-10-01T12:02:50.455Z,2026-10-01T12:06:38.341Z,1edc250e9b0d20a0911b89cb9993dbc42b0339acb74d6965e40a01c92051ba55,925093f5ad739db8339fcc4031ab700c50bb3376546caf330849fb1e6be70b28
2218515,PRC_L2T6B0W4O0Q2A0L7U3F4I5V9G1S3P3,2026-04-23,294,295,214,2,2,213,2,2,77,false,true,214,2,2,true,295,1,web_repair_pass,2026-10-01T12:02:50.370Z,2026-10-01T12:06:38.355Z,7c9657bd5e9baf4c0cd2c4668b9fda85cac94e24b37f0b019c561c8895234738,3df828f641b4be29469c3ccf060f8d5dec7dd7bd42bb5ef05b48ce43dc3ab790
2218516,PRC_M2A6V0Z4T0Q2G0S7K4K5T5E6C2E1X8,2026-08-20,284,299,231,0,0,217,0,0,67,false,true,231,0,0,true,299,14,web_repair_pass,2026-10-01T12:02:38.338Z,2026-10-01T12:06:12.395Z,f58c75cf18f5f2b1273baee6c19ea475c0255c559c7afd0100166b84f374b0c1,aaa22bf776ab335366cf31fe3e83ae5d095a7f9475bbf2f535b58ea4c84a8a9c
2218517,PRC_G2P6O0N4X0D2X0U7K4K5I1T6S1X0L3,2026-08-20,284,299,232,0,0,218,0,0,66,false,true,232,0,0,true,299,14,web_repair_pass,2026-10-01T12:02:38.222Z,2026-10-01T12:06:12.165Z,64e319b2a4a9151aacc75c9cdc3ef848b112f1e0dd85c3026c4b6dcf738a5795,8de1e8bf9c8922d8e95196415cbca5ae024be7715eb2158c1aa2025c2842bbe2
2218518,PRC_I2J6P0F4L0Z2B0M7M3H3Q1P4Y9S4Y2,2026-04-23,294,295,210,0,1,209,0,1,84,false,true,210,0,1,true,295,1,web_repair_pass,2026-10-01T12:02:50.347Z,2026-10-01T12:06:38.370Z,cd1bf87fa7dec8fa616eaeba7c68b87da7b318640815ad2c814dfcff7cd3c9ba,eef56d6fcaed1b4f7d09a2ff1e078c5daf36ccc43fcc52e0bbb8c7193b2044cd
2218519,PRC_M2I6E0L4Z0P2F1F2K5X7D4Z7O6U5W6,2026-04-23,294,295,212,0,4,211,0,4,79,false,true,212,0,4,true,295,1,web_repair_pass,2026-10-01T12:02:50.237Z,2026-10-01T12:06:38.021Z,e2dd3e69994d5f26d4acd3c13d25ec20eb816d8d505660cf78283ddde2d2c04a,a15b900862e2e6d92e6095700f83b4b52fa910da774148cdc097f94b70a1adaa
2218520,PRC_U2D6E0X4M1L4V1R1K0Q9L4L9G3M5E4,2026-04-23,294,295,190,2,1,189,2,1,102,false,true,190,2,1,true,295,1,web_repair_pass,2026-10-01T12:02:50.305Z,2026-10-01T12:06:37.991Z,b3465e83049a8b9de10e5c3fc5a67effc39ee7c80d0bdaf4ba4ccd5d7b3df1ba,ae007514ad2ffd856441d595f3fa8d8587dfb6c1d1cc8ae738f4ed5eb4c957f4
2218521,PRC_N2B6W0Z3M2W3Q1F9Z2P4U0O7T2Q2R3,2026-05-07,285,286,206,0,0,205,0,0,80,false,true,206,0,0,true,286,1,web_repair_pass,2026-10-01T12:02:46.168Z,2026-10-01T12:06:29.233Z,4e32027f8861805b3f81da62941dd8f63636b04e53ed771fe75fcdbc663171fa,297cf9a9b5ecee48392631e5d1dd9e6b16a35eb3c9abe6e23bd672d8de57db65
2218522,PRC_R2C6L0B3W2I3C1I8A2M9Y3M9E8O6J0,2026-05-07,285,286,218,0,0,217,0,0,68,false,true,218,0,0,true,286,1,web_repair_pass,2026-10-01T12:02:46.044Z,2026-10-01T12:06:29.189Z,87b0783ae13ad85d1375843e6e4698d5f0cdbde0ecbc8b664ef7069543f3be34,175507d14e9cad0bab680eba4b8a1179576ce87464d332677a15588109e14cbf
2218523,PRC_L2V6W0F3X2K3O1I8H3G2I1F8I1J3J4,2026-05-07,285,286,214,0,0,213,0,0,72,false,true,214,0,0,true,286,1,web_repair_pass,2026-10-01T12:02:46.066Z,2026-10-01T12:06:29.140Z,3e9c27cccd51abc846a2fa2637fa26e6c9fbda42e1d81aeab48de094b48c0962,407e83ce974e2485cadc6385b240b5feb13f173e129aa2a84abeef8c7a62d1e5
2218524,PRC_A2L6G0E3U2A3E1V8H3R0N4K4N0S2I8,2026-04-23,294,295,192,0,1,191,0,1,102,false,true,192,0,1,true,295,1,web_repair_pass,2026-10-01T12:02:50.183Z,2026-10-01T12:06:38.025Z,6738afabb7254fcd4876debd06ade4de3bd2bdc8ea757e2b0fbc3ab662b4735a,d2d7595ec79ddf4c2673ca5bbfbd373f9a8a373e28b86f5205dc368b3fb786b0
2218525,PRC_Y2F6K0P3B2C3O1R8E3K3J0N1W8W8Q3,2026-05-07,285,286,214,0,7,214,0,7,64,true,true,214,0,7,true,286,0,web_repair_pass,2026-10-01T12:02:46.014Z,2026-10-01T12:06:28.908Z,8012ccb333fb9ad226889e1ee387f7b7a01e10f18addd51a1f20fc2fb8bc6b44,d967857ad77d1a3d5f049ab1991c2267c5ac10294fcfebe25dcf9af7ee8f7d7f
2218526,PRC_H2C6S0J4R1G5Z1J3N4Z9S1N9E3N1H7,2026-04-23,294,295,182,0,0,181,0,0,113,false,true,182,0,0,true,295,1,web_repair_pass,2026-10-01T12:02:50.099Z,2026-10-01T12:06:37.684Z,e908a892db28dee4f6bd69be9b967daa1ca5fc2d6f9a9b3e55889e55ed273e81,c2cadb21b20b7881f077ff0b5556f1a1132e0d9a01ef6deee56f638c115c1661
2218527,PRC_T2Q6C0N3P1N0H1G7Q3J7T3Q6X9E0Q2,2026-07-23,284,299,188,1,6,179,1,5,99,false,true,188,1,6,true,299,10,web_repair_pass,2026-10-01T12:02:40.521Z,2026-10-01T12:06:16.908Z,561e552ccab0d4b674428e1c0c8265275723d300f5ad3636e470f1e7eaad63cd,c15cd13615d0d038e41e5fabd9fbb9583b0320aa16ec4c82df81d92694e26ac5
2218528,PRC_E2Q6F0Y3V1K0Q1U7W3P8J4Z3K5T0W1,2026-05-07,285,286,213,0,0,212,0,0,73,false,true,213,0,0,true,286,1,web_repair_pass,2026-10-01T12:02:45.888Z,2026-10-01T12:06:28.797Z,b7a742caf86646d2fc82601e2fe59d6bedb8fc337c05eb2e3e4328af5f64b75c,5e1c273be9757339c1cb465312f48040f70e82c8d8538bbc225ae4b85d0ffc4d
2218529,PRC_C2L6X0E3V1K9F1Z7O4U1F5R5B4S6W9,2026-05-07,285,286,196,0,2,195,0,2,88,false,true,196,0,2,true,286,1,web_repair_pass,2026-10-01T12:02:45.893Z,2026-10-01T12:06:28.801Z,803579a82ed6209a1e4984f173e229cc49a60d2107dfe17051fafc8ed7b14290,3c9b544e59a42b7f59bdee3e9eefd86f4b598f260e899d4a8a6a04646cf4ecdf
2218530,PRC_B2Z6N0G3I1V0R1J7F4L0O1R0M4L1O8,2026-07-23,284,299,197,0,0,187,0,0,97,false,true,197,0,0,true,299,10,web_repair_pass,2026-10-01T12:02:40.473Z,2026-10-01T12:06:16.611Z,398d61287199bbe73c610aad57c128e61469c533f09a39ad0d7380fed5f9c5f4,14ede5573021301530c3837fda3fd37793561743947d4a5dda907bf4abf82f7a
2218531,PRC_Y2R6W0O3B1D0B1F7B4G1E5T1F6G5K9,2026-04-23,294,295,178,0,6,178,0,5,111,false,true,178,0,6,true,295,1,web_repair_pass,2026-10-01T12:02:50.083Z,2026-10-01T12:06:37.667Z,07c8cd6f3e51ed6d244c1d1c7a0835902c308a755ff244f5b37d991e29024212,ffcc1ee183e58f11b89b5a2033916bbaa654e942f7beb513f760394220bde564
2218532,PRC_Q2I6A0P3E1H0S1B7R4L5Y5L8W0Q8J4,2026-04-23,294,295,187,0,0,186,0,0,108,false,true,187,0,0,true,295,1,web_repair_pass,2026-10-01T12:02:49.965Z,2026-10-01T12:06:37.694Z,e51dd206637fe782bbe7dcf9a18652f3eb9b2fda9fa3a862337e8499c948fea9,889fe29fc5d879fc0352ef601d61c76d7468c69326392b3e80865cc6b2a174b4
2218533,PRC_T2X6R0B3A2O6T1D3I3M5W0Y9C5N0D9,2026-05-07,285,286,172,0,1,171,0,1,113,false,true,172,0,1,true,286,1,web_repair_pass,2026-10-01T12:02:45.724Z,2026-10-01T12:06:28.574Z,a3d809f37aa86de38ae923c9b603c4d6134a621d6db8774672de5d9893e829da,93a62c81ccdbce9d907666dd4968ea35d1b8a55b218c5982b23a7cf7e2cf2a2a
2218534,PRC_X2Y6X0E3H2A6V1N3T3I0B2T0G5I5N9,2026-05-07,285,286,177,0,0,176,0,0,109,false,true,177,0,0,true,286,1,web_repair_pass,2026-10-01T12:02:45.708Z,2026-10-01T12:06:28.469Z,a697de97f3c230176770e43af854d13553a2dfac849d43a48f7e29393ba95013,75545606e696757230d5c08cbe6e085fc6a5d5c192219e225e90b13f960d1820
2218535,PRC_N2J6L0B3Q2Y6T1T3D3K1A2E6T4D6F9,2026-05-07,285,286,178,0,3,178,0,3,104,true,true,178,0,3,true,286,0,web_repair_pass,2026-10-01T12:02:45.840Z,2026-10-01T12:06:28.465Z,4b302aaefaa2fe9a02f6d3283a3a35bf4dedfea45a847f9cbbd7be4239f8a51c,b545cdd200c574b462caf54f54e641738fec0f2bb10495f6a2388e4bb8a90804
2218536,PRC_C2X6E0Q4T2N1Q2N0F5C6X4I1S4G0G1,2026-08-20,284,299,216,1,15,204,0,14,66,false,true,216,1,15,true,299,14,web_repair_pass,2026-10-01T12:02:38.210Z,2026-10-01T12:06:12.120Z,71a4a02b1c04548b27c9efe31a4ba54704340fc72e7b61e1e96a291321543373,21e7097afcf6e491fcfbf8d055d4109c80268c2b62b1df073c2efcc80bfaf461
2218537,PRC_W2M6C0D4B2E1B2P1X0X1W1E6G9S0R2,2026-04-23,294,295,212,0,1,211,0,1,82,false,true,212,0,1,true,295,1,web_repair_pass,2026-10-01T12:02:49.909Z,2026-10-01T12:06:37.351Z,2170cd994ba32a813b462608766917f1d6ba704eab509bb48716521fa45d6d71,b0cba9bbaea3fb8e181c868159c626930ac0ed467bd04c928d12d7c91deefe5f
2218538,PRC_X2C6V0Q3W3Q1O1W8E3C9X3V9G6M7I3,2026-04-23,294,295,173,3,2,172,3,2,117,false,true,173,3,2,true,295,1,web_repair_pass,2026-10-01T12:02:50.054Z,2026-10-01T12:06:37.309Z,ddad7f58bde4433b5653545b04c01dd8c0ece6bbbea4b207049375aa27275cf0,b52cddf868a4ce67893dab76052c30a0e9a192c2fc8875f769c8a4634acba89e
2218539,PRC_Z2A6S0N4X0I2C1X1B0A0M4B4A2A1I7,2026-05-07,285,286,162,1,4,162,1,4,118,true,true,162,1,4,true,286,0,web_repair_pass,2026-10-01T12:02:45.585Z,2026-10-01T12:06:28.255Z,4e29e5bc741aa9dbc3f8b63548daaa5a9aaa2d14119cec2c6d01a99f3db57517,dc160c89abf70d7f3247c3cd29cf0ca2b2964895fe41b8249b257cddad06ca61
2218540,PRC_K2F6Y0J4Q0I2N1X1K2T7Z0A9O8W5Z7,2026-06-18,285,300,238,0,7,226,0,6,53,false,true,238,0,7,true,300,13,web_repair_pass,2026-10-01T12:02:42.050Z,2026-10-01T12:06:20.058Z,39f814c95309fd9497132038b048c9c94dee77fda89bec93082e2c4ed197f627,4a2108dac8872d53e593c6d5e97bc61792d50e5235494811160e12023bdd047e
2218541,PRC_L2I6V0S4T0P2K1I0N5Y2R1X8C1P9P0,2026-04-23,294,295,177,0,0,176,0,0,118,false,true,177,0,0,true,295,1,web_repair_pass,2026-10-01T12:02:49.792Z,2026-10-01T12:06:37.357Z,e57d41fd017b5416fd528f7f13764630e516c32b19074b73024c568d17eb3977,5f46acd26b5adf09b1fd8e8d675706f599c9acbd25259888974705eaa081d461
2218542,PRC_T2P6R0Q4S0K2D1J5L1G9D2Y7N0U6Q6,2026-05-07,285,286,169,0,0,169,0,0,116,true,true,169,0,0,true,286,0,web_repair_pass,2026-10-01T12:02:45.551Z,2026-10-01T12:06:28.117Z,eb25b118f93e7a33e3801ea37e7a41530df4f0c8706a43e3260ad8e9edff5d4d,0accf60b79ffc6630c63cdb86a134603feb20c3f3b6a2f6ac7795e0afd0ceb23
2218543,PRC_X2J6U0Z4T0L2M1C0R5N4I2Z0T8C0G6,2026-04-23,294,295,176,0,1,175,0,1,118,false,true,176,0,1,true,295,1,web_repair_pass,2026-10-01T12:02:49.775Z,2026-10-01T12:06:37.021Z,5ca74d6580274cb3b555a4e16780d2418de3f29fe565edfb8444ce4dc209d6e6,8ebdf9245be9f527dbef8acdfa99e2e2a6449c1456ce1887498cf8d27e006bf2
2218544,PRC_C2G6Z0A4W0U2O1J5N1U5H4N7A2L2S3,2026-05-07,285,286,165,2,1,165,2,1,117,true,true,165,2,1,true,286,0,web_repair_pass,2026-10-01T12:02:45.572Z,2026-10-01T12:06:28.099Z,fa4c600fc1e1e5184ee86164faf79584b6e8475845ae7aed8f71f9077ba6a165,7d1007d554d4a02f9b266ab2a915113f8f06e87d1b0fc136dd2a33f002c0d4f1
2218545,PRC_J2M6E0F4Y0K2Y1Y1H3W8E3F7Y5J1V5,2026-06-18,285,300,251,0,1,237,0,1,47,false,true,251,0,1,true,300,14,web_repair_pass,2026-10-01T12:02:41.920Z,2026-10-01T12:06:19.869Z,feb4ac317f3937ce44f2079bcea9a94c547ca484d203e5f8921bd58022e32438,3e92200bf4e7e9eea759d09ac76aea71820ebd2403ece749bd7a0eaf51e48bfb
2218546,PRC_N2Q6Z0H4H0L2E1Z1A2L1W3F6J9D5L2,2026-05-07,285,286,160,0,5,160,0,5,120,true,true,160,0,5,true,286,0,web_repair_pass,2026-10-01T12:02:45.442Z,2026-10-01T12:06:27.884Z,a9ad9cce26a14ebd3bfd4de4a7ab0903a4aae3f489f2718fe622371555a97bd4,0e535beb526837f5b0fc78ac728ae84d36535a47df5fefddd58256265933c0f3
2218547,PRC_U2T6K0M4S0H2R1X0V5P5Y1A6R0N6I3,2026-05-07,285,286,167,0,0,167,0,0,118,true,true,167,0,0,true,286,0,web_repair_pass,2026-10-01T12:02:45.417Z,2026-10-01T12:06:27.786Z,c4afad3300a92b2c46c4fb7254d0c9d7d98ad5b714ff10ba6a6ab1716b8f0227,c8de7874ca311f988b39d05a956bbf62e85c615f21c62994b6e78aa5e016534d
2218548,PRC_C2Z6C0G3O2M5N2E2P4F5M3G9F8U6Y7,2026-07-23,284,299,186,0,0,176,0,0,108,false,true,186,0,0,true,299,10,web_repair_pass,2026-10-01T12:02:40.465Z,2026-10-01T12:06:16.578Z,d9672c17455e11e7ffb35e36d3eb57971bd2f3db51000b1b16c1f9850e171af7,3278cd1ddef25a97b11a8fdf32fc6f5ec89815337c6b48b22d9c8ecf0f6699f2
2218549,PRC_E2Y6R0O3J2T5F2A2J3Z9O4M3M1X7B0,2026-05-07,285,286,183,1,1,182,1,1,101,false,true,183,1,1,true,286,1,web_repair_pass,2026-10-01T12:02:45.421Z,2026-10-01T12:06:27.766Z,5d3b171090e2e70927f6f500039087bc3dcd4a063a88a42c43b058065cdd516d,8a3b00f30316459b3382d8fce5e67358a001de470dbd1c2eef4c7731b6ef72f7
2218550,PRC_Q2R6W0J3A2K5S2I2F4V6L5G6A0T3A4,2026-04-23,294,295,175,4,4,174,4,4,112,false,true,175,4,4,true,295,1,web_repair_pass,2026-10-01T12:02:49.715Z,2026-10-01T12:06:36.984Z,ac90c705ae7cce2e03272f2ec8aafbcafb00574a62e067e25fff7c0edf695882,6843aabe256a67eecb5b90f65a0b8c5bb86e053048bc19d6bfc53204027b4fdd
2218551,PRC_M2Y6P0U3V2I5W2A2D4N8K2R5E3G4H1,2026-05-07,285,286,192,0,0,191,0,0,94,false,true,192,0,0,true,286,1,web_repair_pass,2026-10-01T12:02:45.299Z,2026-10-01T12:06:27.556Z,bed01b2d75b205138c135c4234dc5176109458d658b010148899abd1d2e3ee2f,1b85659647d9bd70ea6f1c19527b50bf2bb6f7102d34a2f0886fc558fe742920
2218552,PRC_D2A6R0A3H2L5P2C2J4N3X1H3C5A4R1,2026-08-20,284,299,144,25,12,137,21,12,114,false,true,144,25,12,true,299,11,web_repair_pass,2026-10-01T12:02:38.188Z,2026-10-01T12:06:12.028Z,ea2f6118f42bf8cc73f2a770ad1388e78c312c8cb2a3d707cda5677ce3e70e7f,6fff8b0bdb7fcf44604318f192229dabbf31495e04ed0674a3748f6acb1bfd53
2218553,PRC_G2O6R0W4F0J3A1V8E2A5U3F3P8X8N2,2026-05-07,285,286,200,0,0,199,0,0,86,false,true,200,0,0,true,286,1,web_repair_pass,2026-10-01T12:02:45.280Z,2026-10-01T12:06:27.430Z,ecfa80f260cf9e1cf4e8a2466faa63f143eac741176bc4cd3816a0a386a2d3bc,890eb6bef7b85d521d532b2a5bdf5f5efa0817dbe8c172279b31bde514592b4e
2218554,PRC_E2L6A0P3E2L5P2V2B4S9Z3O0V7U6Y3,2026-05-07,285,286,186,0,1,185,0,1,99,false,true,186,0,1,true,286,1,web_repair_pass,2026-10-01T12:02:45.275Z,2026-10-01T12:06:27.420Z,7a004e4f653193e1dda35d2d6f3f1832e4de3d9bb326b029eb30a5ad3cf23831,50bcc76cc82ee44fd020e6ee18401e56eef329d0005e5205f6171cf9411fd967
2218555,PRC_C2Q6S0V3Q2H5G2T2V5I0Q0T7N2H5V4,2026-05-07,285,286,193,0,0,192,0,0,93,false,true,193,0,0,true,286,1,web_repair_pass,2026-10-01T12:02:45.177Z,2026-10-01T12:06:27.205Z,8647dd44855529634bbda187e07aff03728e5f999dbc6bf7a0b64bb4319a3e7e,99d01412b36b5e321a66ba88e97865a3119d64ccd71d76b02269518d7e931042
2218556,PRC_S2N6V0W4V0L3Q1O8N2J6L1W7D7L9S6,2026-04-23,294,295,181,1,0,180,1,0,113,false,true,181,1,0,true,295,1,web_repair_pass,2026-10-01T12:02:49.636Z,2026-10-01T12:06:36.990Z,d751e711d31cb3fe31047556943b628ded19ee1315bd6f85d78d8e7caa9355a9,203701a500f07051641a63c050f781b6121606cef46afd96c7db4f819f8f4293
2218557,PRC_Y2R6L0K3P2B5U2U2T4W5Z0K8D7H8E2,2026-06-18,285,300,252,0,1,238,0,1,46,false,true,252,0,1,true,300,14,web_repair_pass,2026-10-01T12:02:41.893Z,2026-10-01T12:06:19.726Z,46ceb8a18e84d5d629c830a32f9e1997e52caf9d7b6c798619f192a39599fbfb,d4615e423323b43a59c9d1b8c70725948619581c9c2cb2c59332b4316ad40ac0
2218558,PRC_C2L6B0L3E2U5S2W2B5B1P0N0S4S0F8,2026-06-18,285,300,252,0,0,238,0,0,47,false,true,252,0,0,true,300,14,web_repair_pass,2026-10-01T12:02:41.943Z,2026-10-01T12:06:19.718Z,2cf15a1fd566f15a2b5682f238ba50000a32c62243ffaa5777ee6a5f543eaeca,9ac4abe2833e036edb24bdc747d6971249715d600451ddf643cf37917547151c
2218559,PRC_O2Z6G0Y3Z2P5Q2A2N4M4M2V3P9G9R3,2026-05-07,285,286,197,0,0,196,0,0,89,false,true,197,0,0,true,286,1,web_repair_pass,2026-10-01T12:02:45.143Z,2026-10-01T12:06:27.042Z,a26531848163aaf7fa37f55712d37a3b29d6c022b1aa2a2075200a52a26842e5,0d6132e9ab2206dbf0b706812f791d2e8b2b9022d341625fb28ad62d03e3210a
2218560,PRC_A2F6L0L3Y2R5S2Z2W4V1D4R0C2R4I7,2026-05-07,285,286,188,1,0,187,1,0,97,false,true,188,1,0,true,286,1,web_repair_pass,2026-10-01T12:02:45.136Z,2026-10-01T12:06:26.988Z,8688ebb82d6f5659be517709f2dfe2e648cfb1dd2022e9e3b599d5e78692a021,1042e5b5813ecaf986d032677bc0b730a71754bfeb4bf76c208f982bbbb988d5
2218561,PRC_I2F6K0X3S2Y5D2V2C4W6O2L6X1Z7L9,2026-05-07,285,286,186,3,8,186,3,7,89,false,true,186,3,8,true,286,1,web_repair_pass,2026-10-01T12:02:45.051Z,2026-10-01T12:06:26.768Z,07f1cee8b95c189550ef15a041ac2408f1236d097a9d44ad52c9b2235e43885e,8d60d4fc9e40ac304da80b37d3d3a0c8b11a110b04ff431b0d422734a8feac3a
2218562,PRC_K2P6F0V4G0L3Y1L8N2W4Q4S1S4I5J3,2026-05-07,285,286,199,0,2,198,0,2,85,false,true,199,0,2,true,286,1,web_repair_pass,2026-10-01T12:02:44.996Z,2026-10-01T12:06:26.633Z,389037ff3b0ead243898fda58c06a32fa0302e21f252e119e75421113d3320d8,e14e78d5fa0d1c6caa771f09a559916cb86c91c88d47e9ae7e565c1a4dd5f739
2218563,PRC_B2E6O0W3D3J1I1K8V4Q0M5I0N2R4I0,2026-04-23,294,295,182,0,0,182,0,0,112,true,true,182,0,0,true,295,0,web_repair_pass,2026-10-01T12:02:49.576Z,2026-10-01T12:06:36.686Z,72759ea7c0870cb6647d141a1e0efca91bfdf213c05c7a588846ba85e9d780f5,94e0958c82449571d3c79a7bbaa91bd4ec8563a24ba328390c814e58b28fb5d3
2218663,PRC_Z2Y6K0Z4W2W7T1B7U5L9I4C7F6N8C3,2026-04-28,294,295,234,0,12,233,0,12,49,false,true,234,0,12,true,295,1,web_repair_pass,2026-10-01T12:02:49.622Z,2026-10-01T12:06:36.634Z,7498973d9fff38204521e49ad05053cb761757373cfffd5045bfeac1df2daabd,c369474acec920df6aabb54c59dc22a4373abb6eb362bee9183985c0e7b380af
2218818,PRC_B2W6Y0L5Z0Z5L1A8X5V5C4J1S6V1I0,2026-05-07,285,286,201,1,3,200,1,3,81,false,true,201,1,3,true,286,1,web_repair_pass,2026-10-01T12:02:44.992Z,2026-10-01T12:06:26.575Z,f764c732aa8b6eec4a0a0a456e436738d40cd30be6c4d0dbadbade627b2c2ac4,1e40b8cba0b79849660d3fed660a3733c766a3c87b0ddce68e57d66b0d6caea3
2218822,PRC_F2Y6R0G5W0P6L0G8K3X6D1F0D9D5V2,2026-05-07,285,286,187,0,1,187,0,1,97,true,true,187,0,1,true,286,0,web_repair_pass,2026-10-01T12:02:44.921Z,2026-10-01T12:06:26.395Z,5c2547ae5a47536cafbf3512edf8d0bb504217538de119af2b96acaa32a01016,7f1f85d652de0bdec19a2d92c30aaa72439a194bf178c03e6903b300e827bad0
2218829,PRC_L2D6G0F4Y2T9V2X0U1K8B1P0N3B6A3,2026-05-07,285,286,212,0,1,211,0,1,73,false,true,212,0,1,true,286,1,web_repair_pass,2026-10-01T12:02:44.858Z,2026-10-01T12:06:26.271Z,5acb07d14bd4041184acad65b3528f1ed1037f38cf8b778e770a79d3d2e4f007,97badeaa1dce484212873c09237c3c79ca87989a82b410a6c2ff34882d21e391
2218830,PRC_P2S6N0I3W1A7B1Z3M3Z3S4R2X7A1V1,2026-05-07,285,286,197,0,3,196,0,3,86,false,true,197,0,3,true,286,1,web_repair_pass,2026-10-01T12:02:44.846Z,2026-10-01T12:06:26.210Z,6025197f4b11953e0274dc08b0370fcecd410fbbfdb406bed6791be638e8460a,27fbbca85540a88c8d288f1da1353c0aa3535d6be5961a00f5516f5bcf7a3e05
2218831,PRC_V2T6H0L4Q1P0C1G0U4P7R1B1P5E8T8,2026-05-07,285,286,201,0,2,200,0,2,83,false,true,201,0,2,true,286,1,web_repair_pass,2026-10-01T12:02:44.770Z,2026-10-01T12:06:25.944Z,9ab058a6498e0b57c8bb32d4c5a246ba471d83814b5ec5ba1e0066d9cd084bfb,b6679e5c8432db65640ced4d376668381bd391f67ff45408e2331e58efc0c871
2218832,PRC_D2W6E0E4I2O9Y2C0O1M9K3W4U6Z4K0,2026-05-07,285,286,207,0,0,206,0,0,79,false,true,207,0,0,true,286,1,web_repair_pass,2026-10-01T12:02:44.717Z,2026-10-01T12:06:25.842Z,eff85a23bedf6194b659a0afb5713198266286b231508f03ae579edc0581125d,8ebf62c7e1539135b3abd04fb23957f94ce0aed3776830971fb307531d75b8f1
2218833,PRC_I2T6G0S4Z1A0S1A0B4B2H5R1Y0J8U8,2026-07-23,284,299,190,0,0,180,0,0,104,false,true,190,0,0,true,299,10,web_repair_pass,2026-10-01T12:02:40.367Z,2026-10-01T12:06:16.551Z,a8a560f7d335ecd287051b27332b61dd5eddd00438018c62c4f3faf52b37c362,f0553d2c3cb05fc9b1c51966c4da94796f60af2cc7c3627d4a02059f715f43ad
2218834,PRC_O2T6W0O4P1J0G1R0M4Q5A1X0Q2L4O3,2026-06-18,285,300,248,0,2,234,0,2,49,false,true,248,0,2,true,300,14,web_repair_pass,2026-10-01T12:02:41.782Z,2026-10-01T12:06:19.541Z,0048a0b124d0ec075d60dd6f80fbcac91b0c8289a4ea3233a7979a0aa80441e9,6f5d94c73cbd19f1c0e37766972922cd2141d122cdbe167b855e712d39db8468
2218835,PRC_M2S5A0V2Q1W9X1H9D0O4L2M0Q7O7Q5,2026-05-07,285,286,204,0,1,203,0,1,81,false,true,204,0,1,true,286,1,web_repair_pass,2026-10-01T12:02:44.695Z,2026-10-01T12:06:25.791Z,02a06c1df8a4417cde97d12666a841b5db284b94fde32af5f24f9e9f94337dbb,76dd4b3e09254a9db4d46b04bf76ee7bb4704071650039d01bc69b1e98396143
2218836,PRC_Z2Z6D0E4X0F8L1F3V5Y2B3P6B4H0W9,2026-05-07,285,286,176,7,18,175,7,18,85,false,true,176,7,18,true,286,1,web_repair_pass,2026-10-01T12:02:44.606Z,2026-10-01T12:06:25.499Z,d9e6a641866c9923e0cd0e55a0daec90d6278b70c1407ce7768babb58d78300d,a104e371535a59ef04543fa9454619d3e2207c430520d1fe0323bfd634f9ce7e
2218837,PRC_S2Y6Z0J4F1P7F1P4G3R7A1U0X9I1V8,2026-05-07,285,286,157,0,7,157,0,7,121,true,true,157,0,7,true,286,0,web_repair_pass,2026-10-01T12:02:44.563Z,2026-10-01T12:06:25.404Z,50d8f053eaee2ae8d7721cdb5e3bd993cdbaf942035cd2dea94d289fe5c88733,6481afeaf73d4365bb1b0a826b2025c0c0924f5bdc1e05cd2506638ba082c7fe
2218838,PRC_D2M6Z0U4E2N9F0L9Y5D9E2H5P3S6T9,2026-05-07,285,286,166,0,0,166,0,0,119,true,true,166,0,0,true,286,0,web_repair_pass,2026-10-01T12:02:44.584Z,2026-10-01T12:06:25.543Z,36b5598ef84ba90331564c7855801fe6fb97d51cffbb282500788d212fc159c0,ecf0eef0cc3211ced9bc4f0c2e81bf3e1ac321b9432befed40456ab0061a36b3
2218839,PRC_F2S6A0P4F1S7I1U4A5G2J2T6S3N9A9,2026-05-07,285,286,167,0,0,167,0,0,118,true,true,167,0,0,true,286,0,web_repair_pass,2026-10-01T12:02:44.432Z,2026-10-01T12:06:25.068Z,ef947c2aedeabd9c0e2884396f6ab65deeeb74e16010760648073e1e19f6846f,35aaf48b681b2889cdca69653229f8af5d010ef163d2501d45633401171cee7b
2218840,PRC_K2P6C0V4M1B0T1O7C3R8W2I4W2C0Y4,2026-05-07,285,286,218,0,0,217,0,0,68,false,true,218,0,0,true,286,1,web_repair_pass,2026-10-01T12:02:44.416Z,2026-10-01T12:06:25.014Z,342ef7253cedc9ec79bd4e00814e3b4a9fedf6d76f5d1a328082db5bdaae0467,eedf04e581dca87b832fe53efd0a0eaf963d5174f13de4ebf2f8e782d84cf9dc
2218841,PRC_W2U6S0O4B2V0K1C0K4F2T4D8H4J7K6,2026-05-07,285,286,164,0,1,164,0,1,120,true,true,164,0,1,true,286,0,web_repair_pass,2026-10-01T12:02:44.391Z,2026-10-01T12:06:25.083Z,f4a80c3f86528f59ee7df81a32f481b7d745a9f0a8a8a2c36cdb90b056c248a5,040beeb6b57192aa8bb75cfd2e8b25c53b9b1a3394b5ad4bf651cef860fef4fd
2218842,PRC_Y2N6U0X4T1U7U1L4J4C6S2G8Y3H4G2,2026-05-07,285,286,163,1,2,163,1,2,119,true,true,163,1,2,true,286,0,web_repair_pass,2026-10-01T12:02:44.287Z,2026-10-01T12:06:24.645Z,0a83c9a9f6670d1eb73a3ca03bea858c5d8d30e964001d773518a1803fee1139,8d2d4e8c9f737386140e83f173293c954f0eccdb63dea45986d2508b46226f8f
2218843,PRC_P2D6O0C4P2V0N1E0F4Z4B0C9O7R3X8,2026-06-18,285,300,247,0,4,233,0,4,48,false,true,247,0,4,true,300,14,web_repair_pass,2026-10-01T12:02:41.728Z,2026-10-01T12:06:19.413Z,28ffcbba6435bab7d37fd1d49d6796b9f50a378059f7d387b64e8c734722d78f,03e3bb46cb9999109fcaa55055f631b5c1df5eceb86397306b86ee469135e288
2218844,PRC_M2O6B0U4S2E0C1A0H4X0E1H8F9C7M6,2026-05-07,285,286,167,0,0,167,0,0,118,true,true,167,0,0,true,286,0,web_repair_pass,2026-10-01T12:02:44.268Z,2026-10-01T12:06:24.654Z,51b12fb68fbf0c3433ffb0b4e3b12c03f3cb7d3eb0dcfa4327188dcf9cc2f56f,0b5fd709f0b891d535b3a0e0d1a65e41a464075e8be1e95d880ccf3a632d56dc
2218845,PRC_R2G6C0X3I1N2L2B0R4G0J4E5E7J7G2,2026-05-07,285,286,161,0,0,161,0,0,124,true,true,161,0,0,true,286,0,web_repair_pass,2026-10-01T12:02:44.244Z,2026-10-01T12:06:24.553Z,c1dd340db9e6497752512c760438c930fa15c2903c9d6d3969e59222dc3bc110,31a915b06876fa824fc96614ed6045b355f8ec15d3fe6cb53fdd579126bc6cdc
2218846,PRC_X2Q6H0O4Z2U0Y1H0Q4Y5H1L8Q3B5M4,2026-05-07,285,286,165,0,1,165,0,1,119,true,true,165,0,1,true,286,0,web_repair_pass,2026-10-01T12:02:44.094Z,2026-10-01T12:06:24.335Z,ffa5d44a22ae6ddf17d980fbd62bc5acb08c8fa3355e55b990a2c557690868f6,a7c3d4bbfd181ce82c4c35f64b3f4e52a7aaf54bebe6a13506027bf9933a91d2
2218847,PRC_C2V5D1L1X2H8L2I2T1N2W4M8V3S7U0,2026-05-07,285,286,164,0,0,164,0,0,121,true,true,164,0,0,true,286,0,web_repair_pass,2026-10-01T12:02:44.119Z,2026-10-01T12:06:24.332Z,5a47f10f36ac4b437d283275dd6ecc077680119eb8f777df69c9c9eed6a0be6c,2f4e5b21f77cb5f8edef695761fae00b2a45a55b2b3822ab644b76e3a0698680
2218848,PRC_H2R6G0R4O0W1J1H7T0Q4J4N1K5A8V5,2026-05-07,285,286,171,0,3,171,0,3,111,true,true,171,0,3,true,286,0,web_repair_pass,2026-10-01T12:02:44.115Z,2026-10-01T12:06:24.158Z,11c4556e008817229e1fcc91a1687455403c9564bd8f3e1952d95bfe6ad192d0,874003ed40ca8eff70cf48df6810b98151068a73b286c80dbe2508d2b28af006
2218849,PRC_Q2E6P0A4E0D1E1A4H2A5W4U4C0R4K2,2026-05-07,285,286,171,0,2,171,0,2,112,true,true,171,0,2,true,286,0,web_repair_pass,2026-10-01T12:02:43.961Z,2026-10-01T12:06:24.008Z,ec41421e4656655b6f4bcbe6993f237aa572b31d399bfdacbf01a9cca28ad402,5f702297f4e93a70e7c8adcd77f0a858ec51844abd9b2180cfeafeb22899be4b
2218850,PRC_V2E6S0J4P0L1S1G4U3T0H4X8P5K0N6,2026-06-18,285,300,234,0,9,221,0,9,55,false,true,234,0,9,true,300,13,web_repair_pass,2026-10-01T12:02:41.738Z,2026-10-01T12:06:19.379Z,40a0b26183f4a27c1ff3a95b3b1859fa592caaf4e26dfa35fd1f3dc2f1404cbe,5e1b460d1b199da5df0caa053707ee4a8276cd7fdcd358245a0e304f01dd183c
2218851,PRC_S2C6L0Q4U0T1E1D4P2B5E1Z3Z4L5Z4,2026-05-07,285,286,172,0,3,172,0,3,110,true,true,172,0,3,true,286,0,web_repair_pass,2026-10-01T12:02:43.941Z,2026-10-01T12:06:24.000Z,4ee13f8b6dc38965a8c8e3c1a29f3ac279d934aba1b9fd39bbd279a90a489107,f4f4662bfa81d055058d0a9d200fd167ad4207ca47fcf0261904381c4055c54e
2218852,PRC_P2T6N0F4H1G5P1N3N5H9R1T8L8O0B5,2026-05-07,285,286,164,0,2,164,0,2,119,true,true,164,0,2,true,286,0,web_repair_pass,2026-10-01T12:02:43.971Z,2026-10-01T12:06:23.849Z,ab1c7b140c4e551c07f8dad74b8ae42988393c77d27a33be93d8198531356c27,ef19cb1afafb4e9e9cce53f4378d1b4870ddfd3eea100f825c242b288be1e09e
2218853,PRC_K2C6Y0I4S0K1R1S1J5C0D5S0T1O7E0,2026-05-07,285,286,177,0,0,177,0,0,108,true,true,177,0,0,true,286,0,web_repair_pass,2026-10-01T12:02:43.786Z,2026-10-01T12:06:23.653Z,841ab9dca7792b8bdf0daa4573b582879e7a0837871d6204ff3b1d838e249d9a,b8fcf80603b45c802b090d91b43bff832b7bd138a975ae4b6f7af45d2970d373
2218854,PRC_Z2W6T0T4W0R1G1T5Z2C9D2P4Q6G2I4,2026-06-18,285,300,248,0,2,235,0,2,48,false,true,248,0,2,true,300,13,web_repair_pass,2026-10-01T12:02:41.601Z,2026-10-01T12:06:19.210Z,cc7751dfb78c8df88d9b6456d9f681e80535bba5a11c5398cf88fba01d442eb5,10a25be0ab990f4c328d75092f90e044275fbb028246d85867cca598d1717df1
2218856,PRC_B2Q6J0E4V2K9I1A8P2C3D5F3G9L4P1,2026-05-07,285,286,167,0,1,167,0,1,117,true,true,167,0,1,true,286,0,web_repair_pass,2026-10-01T12:02:43.790Z,2026-10-01T12:06:23.703Z,1a38a110ead74d8b18fa0bf31013354a4acfddfe4085dac92e445291774e0a71,f829eeb18ae3d6e58ab5a397eb0dcd524113e3acd92a54f97fcbd3a2c3129e18
2218857,PRC_P2Q6W0D4C3V0P1S2P5Y6H0Y9Z2G0L4,2026-08-20,284,299,179,1,0,167,1,0,116,false,true,179,1,0,true,299,12,web_repair_pass,2026-10-01T12:02:38.049Z,2026-10-01T12:06:11.834Z,436bc88fc58f176adb2efc10bfd62c389c05d80e8c4a08e173d732a6cecab586,0d2c3542318f04a6c75e74f952a04b4b1aa6f45dfe53b331ebd113acb9e8ddcb
2218858,PRC_S2X6X0C8K2F0I1U4R0J7K4X0L8J1M6,2026-08-20,284,299,167,5,5,156,4,5,119,false,true,167,5,5,true,299,12,web_repair_pass,2026-10-01T12:02:38.027Z,2026-10-01T12:06:11.661Z,43136f1e22db0725418bc57aa238545ce03148d590d9d628f781c373de828dc3,d877fb3bbf0cb6fa1ebdf562c0862a1c76282a41c2271f675e7463ba747e3968
2218859,PRC_I2U6A0X4S1Y7O1F4H4M9U5H3H6A5E6,2026-05-07,285,286,165,0,1,165,0,1,119,true,true,165,0,1,true,286,0,web_repair_pass,2026-10-01T12:02:43.804Z,2026-10-01T12:06:23.547Z,268f6af9dffef2f58249731a89e23d16640511dbbf2e722929f85570132a9fe8,6398382b2c32c801649df2f96d0152caa2bbcec0b1cde11867b323d6a3ee976a
2218860,PRC_M2M6F0D4E1Q5V1Q4I0H0Z1Y6K5R3D4,2026-05-07,285,286,163,0,0,163,0,0,122,true,true,163,0,0,true,286,0,web_repair_pass,2026-10-01T12:02:43.528Z,2026-10-01T12:06:23.317Z,f060747edb7b166d0e815e3c6f3cde0abf21fd9158d981f511dc1a618a22a6f3,b00eba2b681af1cfac9067465b49f51d17410a6a9dc22d1340fe342e810bb24a
2218861,PRC_I2V6Y0I4K3A0G1Y5G5Y6C1O7R6Y1U4,2026-08-20,284,299,180,0,1,168,0,1,115,false,true,180,0,1,true,299,12,web_repair_pass,2026-10-01T12:02:38.022Z,2026-10-01T12:06:11.750Z,467cb4d235c20eb40dc1278a2e93deb0af2bed3fd2fbda4ab22d0d03b7dbd3a0,4fcb41cb901b97aae404548ff4093dfa98b6ceaaec3700a1a62406d99b1a9e2a
2218862,PRC_F2S6U0F4V3M0W1N2P5L8P4G4K3C6W1,2026-08-20,284,299,151,18,7,141,16,7,120,false,true,151,18,7,true,299,12,web_repair_pass,2026-10-01T12:02:37.874Z,2026-10-01T12:06:11.502Z,0a0508f2b1bb087c7cc419165e0c72da00ce2fdb6cb08dc0d94a22660432886c,6d44b5c0b217c01b423e9fe982470e2f90158a1ffa099f7f2ababb224fcb5d29
2218864,PRC_S2O6P0O4W3B0O1I5F4G4M5Q3T5R9D5,2026-07-23,284,299,181,0,6,171,0,6,107,false,true,181,0,6,true,299,10,web_repair_pass,2026-10-01T12:02:40.337Z,2026-10-01T12:06:16.300Z,937fb10d2e336345bff93ba33121c6124a30fcfd647b78d10e5d4e9820a29f22,15b456775a2b073e8e5c947816a2bffabf7cc4a4b5b67725446377fe92de6f50
2218865,PRC_T2I6I0Z4O3M0Q1S5X5U2N3J6U5X2I7,2026-08-20,284,299,118,53,0,112,49,0,123,false,true,118,53,0,true,299,10,web_repair_pass,2026-10-01T12:02:37.924Z,2026-10-01T12:06:11.421Z,ae550ea7f1a980c9956a52c6c7ccb6e296e6240781753c46ee5e307cde955f2b,fb55dc8a434a96b3b989bfd7a4b1a4c321296b49b4a201636bf4ac25f7654c10
2218866,PRC_C2B6I0F4N2A9U1F8F2D5S3L3O9R7H3,2026-05-07,285,286,169,0,0,169,0,0,116,true,true,169,0,0,true,286,0,web_repair_pass,2026-10-01T12:02:43.536Z,2026-10-01T12:06:23.304Z,ddb01f9242d4b2487c6b9bc3d75b8bd7f19b119a4e841e84da20f4fcebd5e3b0,b6539d4731fc5483cde44cbebc5c115eeb17e836c2965b300fcc81f7614122e2
2218867,PRC_A2R6U0Y4H1O5I1J3W5W4J4V5N3M8L4,2026-08-20,284,299,184,0,2,172,0,2,110,false,true,184,0,2,true,299,12,web_repair_pass,2026-10-01T12:02:37.849Z,2026-10-01T12:06:11.363Z,a041726350d97d3ab61ad18743d83382856d88f9c6e072e2e29e34c786d8c055,bcaa85f14fcd05210605f3c1d41779f62e8ca1d8d7d496c8e7ea6cf9310241cc
2218868,PRC_O2J6X0X4V3C0Z1R2S5X9C5F3D2L4O8,2026-08-20,284,299,164,3,4,157,1,3,123,false,true,164,3,4,true,299,10,web_repair_pass,2026-10-01T12:02:37.731Z,2026-10-01T12:06:11.091Z,0f3d12cb3b6abfc157369772db3ec30f48caaaafe2422f3a05419fc130bc2638,a0e3a60effcad37aef9fae872f492af6807b2d27356d2129e8d89c00ac1064b8
2218869,PRC_O2B6O0J4D2D9J1M8L3I2K1K5V4I2X2,2026-05-07,285,286,155,0,3,155,0,3,127,true,true,155,0,3,true,286,0,web_repair_pass,2026-10-01T12:02:43.533Z,2026-10-01T12:06:23.179Z,069a41f0fd18406be0ccabb9ce0fde5d373a6d7df8fd7f4c5e554ae29d9528d4,dc711e97a4c426e05389fd7bf9eb552243f59e54830fb14c96f43c65a7ef4d54
2218870,PRC_H2L6X0P4N1K5I1P3R5C7P4N4L6B1O5,2026-05-07,285,286,171,0,0,171,0,0,114,true,true,171,0,0,true,286,0,web_repair_pass,2026-10-01T12:02:43.372Z,2026-10-01T12:06:23.011Z,00763170dacf2266b5e7106dabb542d44ce79526da81331a124117f156edb1cd,66f3399745c3343dc0dde5170c0148bc3f0b651811bbf2af3bbff91d48da489d
2218871,PRC_U2K6K0Q4V1Q5I1U3J5M5A3L5H2O4E4,2026-05-07,285,286,165,0,1,165,0,1,119,true,true,165,0,1,true,286,0,web_repair_pass,2026-10-01T12:02:43.365Z,2026-10-01T12:06:23.007Z,288c7a4dbe948b0c0ec5e6f5f1a316ca549a994b76d127484705544934a5a9f1,564c7954907c1faae220f32191d4e476c66de197883e5e4a5cf4180a67f04a6a
2218872,PRC_D2C6E0J4J1T5I1J3C5N6V1R1M3C8W2,2026-05-07,285,286,160,0,3,160,0,3,122,true,true,160,0,3,true,286,0,web_repair_pass,2026-10-01T12:02:43.368Z,2026-10-01T12:04:25.018Z,c59a840edc6a655588ad78e9c682b779c6bb37e59aa9356ce56a792c321b85e9,d6af8445627a45479427677a418dbdd0e6fde10c60bf75232cce83a548d54f95
2219176,PRC_T2F6O0M6X1Y1S0K9R0E0Q1M7C7Y5L3,2026-06-11,285,300,232,0,0,218,0,0,67,false,true,232,0,0,true,300,14,web_repair_pass,2026-10-01T12:02:43.203Z,2026-10-01T12:06:22.872Z,60966442f4da792b2fe492cd2b845de8066c8c55aafbd92073745b9cbb294f86,5e6f8aca62a1f315623415dc01d6a4e5de962c281df98dc1c6d135bbe8c25e6e
2219328,PRC_E2Z6Q0O6A1B8M1L3P2D6Q1E2T6B1H8,2026-06-18,285,300,250,1,0,237,1,0,47,false,true,250,1,0,true,300,13,web_repair_pass,2026-10-01T12:02:41.548Z,2026-10-01T12:04:25.511Z,c214bdedb9eed4e9057ec34287fa4c49e63b7545fc9c735b6d277dcf03712146,a19b34eb939608efc76fa30869a14606f0e5b2843447504c24f22b38deac5b94
2219995,PRC_N2D6L0L7D1Q5A1O4O2U1Z5P6T0E9S0,2026-07-21,284,299,173,0,0,165,0,0,119,false,true,173,0,0,true,299,8,web_repair_pass,2026-10-01T12:02:41.627Z,2026-10-01T12:06:19.053Z,1bf403c75cde9b84489d57a8414f23e025e91eee6f135be6757b5e6be1f861ce,cce61554c5927b476fbe86e798a0cfd69c0553a4166aa5071aabc639fcfeeafa
2220236,PRC_L2U6S0S7Q2R8Q1Q1Y2Y8X1V4W2U5U4,2026-08-26,284,299,213,3,12,201,2,12,69,false,true,213,3,12,true,299,13,web_repair_pass,2026-10-01T12:02:34.692Z,2026-10-01T12:06:04.705Z,066a5131b0281fe9dd8b935dfe91fddf6b3d2a0bdfdd311bbd20010e247fdaf3,55683fe59b6a594e5f7f59bd603b1bf20e934b7c1c758238e3ff2414b2a8e36c
2220237,PRC_J2K6I0J7H2I8P1O1P2N9N2M5N4I0J2,2026-08-26,284,299,210,5,13,199,3,13,69,false,true,210,5,13,true,299,13,web_repair_pass,2026-10-01T12:02:34.550Z,2026-10-01T12:06:04.570Z,8fed325e8946eaa9392d0bd5339f27e1bef6a7f4d3b7e9bd1432e6a60e5d421e,e64bfd4b03bdec9cd8c57bd5cb1913748502d6f19bfd41868dbed6705258e9d6
2220239,PRC_B2B6K0K5T0X6A1G3J2R8G3O6F8O9D3,2026-08-20,284,299,206,0,3,193,0,2,89,false,true,206,0,3,true,299,14,web_repair_pass,2026-10-01T12:02:37.750Z,2026-10-01T12:06:11.077Z,16ff0659b51b30a75c342a5edac24e68404ecee32115f705e8770ba31fd2b14f,4467c07d61d4419a12753312bb4aaa1213787280ac3e2580c74a5bf49e9c3a6d
2220240,PRC_M2U6F0R5R0T6P1O3L2E9C3Y3U4P9L3,2026-08-20,284,299,212,0,2,199,0,1,84,false,true,212,0,2,true,299,14,web_repair_pass,2026-10-01T12:02:37.684Z,2026-10-01T12:06:10.977Z,d9ba7d5c517742cb1584c83c889d5cf6bfa4f76db7398b208dd1ff31153e32e5,f06ec2a24cf46d1afbb5a8ac0580e2aebad6b76ca31334af741b3ca5154346f7
2220241,PRC_K2W6X0A5R0U6L1A3B2R7J1J6G6B7R8,2026-08-20,284,299,209,0,3,195,0,3,86,false,true,209,0,3,true,299,14,web_repair_pass,2026-10-01T12:02:37.554Z,2026-10-01T12:06:10.742Z,b1fa8eaa81bf2e059a5265b35a97ae1101271fc7a28a14517d535146a380d951,5057e574edf11dab9135c03ce1c45d9c22089fb21586e7d9a856b238c552c849
2220242,PRC_G2G6R0O5Q0C6T1P3N3V0A2H9T2F6F7,2026-08-20,284,299,209,0,2,196,0,1,87,false,true,209,0,2,true,299,14,web_repair_pass,2026-10-01T12:02:37.601Z,2026-10-01T12:06:10.701Z,360f254907bc1719c396625f3d1a432b0bea23da30841594c0e8e32589caf45b,f4c440d27c62d81fc98fd22860c46c127f66c98c0eb0740082d37c15cd064498
2220243,PRC_G2C6R0R5Q0J6O1W4U5H2T3E9F6Q6B9,2026-08-20,284,299,201,0,4,187,0,4,93,false,true,201,0,4,true,299,14,web_repair_pass,2026-10-01T12:02:37.495Z,2026-10-01T12:06:10.604Z,93b266acf5488901ae6abdc9777126f13d36419752a1806c5b1f87568fcde970,ae8e3e3e6c058e1f1f46d7bb21cef315359638eb42a9cf87c48b278fc25ce1ab
2220244,PRC_U2I6R0O5H0W6E1E3W3F1D1C5R7C9G4,2026-08-20,284,299,207,0,1,194,0,0,90,false,true,207,0,1,true,299,14,web_repair_pass,2026-10-01T12:02:37.360Z,2026-10-01T12:06:10.363Z,4d6c2d08933dbfc7a511d8e186cf6126f910f41773a0e93c586f288e5fa4802b,00f1a223933013e6665bbd240fe80b925283e0d0ce49632cabdae788a596f2e4
2220245,PRC_U2N6D0P5W0B6D1Y3D3X2M0I7K8C5H5,2026-08-20,284,299,206,0,1,192,0,0,92,false,true,206,0,1,true,299,15,web_repair_pass,2026-10-01T12:02:37.426Z,2026-10-01T12:06:10.272Z,3fa7e6ec7ced92ed057491f2f7f3e4d1a661fefea97695ee99a85db9748e3066,42ddf90b6e921d256b77c1c7110bfbc452d75819efc06d13b9780ac544fbd1f3
2220246,PRC_V2Z6M0D5U1C4Y0K9G4W4B0I1J6T4D9,2026-08-20,284,299,217,9,7,205,9,5,65,false,true,217,9,7,true,299,14,web_repair_pass,2026-10-01T12:02:37.285Z,2026-10-01T12:06:10.194Z,b41136ac476766fa99e1bc82d5f7edff468b4831a6e74dc7310a35fb1da212d3,b7794cd38017708cc5710c3463e5a840ac616d5934abbc8c89d55a738968dd18
2220247,PRC_V2X6R0E5I1T3Z1P7I5O7R0R2Q2R5T1,2026-08-20,284,299,234,0,0,220,0,0,64,false,true,234,0,0,true,299,14,web_repair_pass,2026-10-01T12:02:37.222Z,2026-10-01T12:06:09.936Z,b9591946dc9d95b7c5cb84110ac0fa6334d2fd1093b6f6a69db5ed336328fe39,f47d52e7776e72cd4f677ddb5263c878d39a3c2133d4c4fd4638395ce71d66cb
2220248,PRC_N2F6O0U5V1A3B1E7R5V9C0C2G3Y2L0,2026-08-20,284,299,233,0,1,220,0,0,64,false,true,233,0,1,true,299,14,web_repair_pass,2026-10-01T12:02:37.231Z,2026-10-01T12:06:09.832Z,04726363deba0cbf6b818727d66fe227e3c5ae2b8966aeee74d072baa864a09a,c2559e95cf8561ff852eda02111f90853b3d955f4ceb68c6d0b1a6d14ce6bec1
2220249,PRC_K2E6W0T5Y1G3Y1H8S0I0L4H8I8E8W3,2026-08-20,284,299,228,0,6,216,0,4,64,false,true,228,0,6,true,299,14,web_repair_pass,2026-10-01T12:02:37.032Z,2026-10-01T12:06:09.744Z,97f3edcb853ebe51a09fc82867561a6cac1d459de46b2f233771eb75b3885ecb,bb827650ddfed9fcde8e0d19e6aaccc04126357bedc29a1b5410ed01ea63287e
2220250,PRC_I2U6G0B5F1E3G1M8G0F0H1E3U3N8C2,2026-08-20,284,299,226,0,1,215,0,0,69,false,true,226,0,1,true,299,12,web_repair_pass,2026-10-01T12:02:37.092Z,2026-10-01T12:06:09.502Z,41b44c16c30c28f26e1839079983a66fad1f847b4616e857f6e7ea259864dc36,2e9346ce61fac7fa4bf14df336eabd6eca49e027cadbec0dc8d594b98b74ed80
2220251,PRC_B2V6Z0J5V1C3M1O7N5P7Z3R9W8T0A1,2026-08-20,284,299,232,0,0,218,0,0,66,false,true,232,0,0,true,299,14,web_repair_pass,2026-10-01T12:02:37.119Z,2026-10-01T12:06:09.423Z,1dd9376786eaff85ecdda24312f3cb2b4caf5bfae3b99134caeaa153de18faf4,91402d9455e67331dc9b68955566a0f053ecadb4cacc2bbadfa8b50a0c87696f
2220252,PRC_Q2H6N0C5H1Q3F1V7C5H6S0L3N0B5I9,2026-08-20,284,299,235,0,0,221,0,0,63,false,true,235,0,0,true,299,14,web_repair_pass,2026-10-01T12:02:36.866Z,2026-10-01T12:06:09.237Z,6c419e63b48ae5f825e078ae498d173d700b68f23a4129a299eb8d465ad207ca,8d797af65a8e58760bd4a2d8fa6e5268179b1eb23c893b1055392644ffe9086e
2220253,PRC_F2S6P0T5O1Y9C1R5Y3D1S0K6I5X2Z5,2026-08-20,284,299,204,0,1,191,0,1,92,false,true,204,0,1,true,299,13,web_repair_pass,2026-10-01T12:02:36.900Z,2026-10-01T12:06:09.053Z,d1a5e06445e3dd2e324ce1f44f03eebf8be899825c13f03a29fa13c1ffd2f1b8,50ec5bfccb764e89722040cdae78a9eb0584fb674be17633a0eb1f5cd7720fec
2220254,PRC_F2N6X0C5F1E9F1S5W1B9K3B3P8H5C8,2026-08-20,284,299,205,0,0,192,0,0,92,false,true,205,0,0,true,299,13,web_repair_pass,2026-10-01T12:02:36.843Z,2026-10-01T12:06:08.942Z,81984ee4ab25511597ec8d474a5fbc989fd74ec9b41fbf8bf59a1035e24b0dff,481f988bd51bc682c2b6b60ce2184ceeb1d81949ea769d867e3e644f426e3a11
2220255,PRC_L2V6J0C5Y1E9X1A8K1R6R1D6F8M8V7,2026-08-20,284,299,203,0,0,190,0,0,94,false,true,203,0,0,true,299,13,web_repair_pass,2026-10-01T12:02:36.654Z,2026-10-01T12:06:08.848Z,8a90cb98961fad5ad2ac69e5e904f190f61480f4abaa7b958b24865b6fe9854b,05a87607082ccdc168ed26a6de41646b065e833ead540293aa2998a040e8059f
2220256,PRC_H2W6L0O5F1K9W1D8Y1J4N4F0C1O2Y7,2026-08-20,284,299,198,0,3,185,0,3,96,false,true,198,0,3,true,299,13,web_repair_pass,2026-10-01T12:02:36.721Z,2026-10-01T12:06:08.535Z,2ac683303f206c5f85a83b9308fa0d6d795a1c9a974b3dbb7b0c96a108fb6cfb,1ac34a555d8ae3ed6d541caa2c18c1ff1c10879a50cdc10fbfd3b83d2b2c9d65
2220257,PRC_N2W6S0L7W2J9D1I8A1B1I5I1G6H8F5,2026-07-31,284,299,175,2,1,166,2,1,115,false,true,175,2,1,true,299,9,web_repair_pass,2026-10-01T12:02:40.076Z,2026-10-01T12:06:15.852Z,f3aa8159a2132d0cb730405da12b9c1f65de46c4305f8b10e740b79464f8b10c,4a3f3d0e611026d64ab6e7dd1be05ad55ca422883ea1de3390ca0f0457f5699e
2220258,PRC_W2J6X0K7H2P4Y1C9V4V5N5M1P0E2H3,2026-07-30,284,299,218,0,5,207,0,5,72,false,true,218,0,5,true,299,11,web_repair_pass,2026-10-01T12:02:40.303Z,2026-10-01T12:06:16.257Z,bfaabe10174d41f1316ff93fb16d65856f6d5c7d469bc21647529d0e77701571,51a219e096e8678514b335a50b2c19eb8fa2fb893b756f000e8ea0bdd0695341
2220259,PRC_G2L6B0Q7M2B8D1S7N0Y7T1Y2B9L7C7,2026-08-20,284,299,152,82,0,144,76,0,64,false,true,152,82,0,true,299,14,web_repair_pass,2026-10-01T12:02:36.585Z,2026-10-01T12:06:08.550Z,c5a0adef441b381a542af9978eeb2547495ef0a478f14b3bb81f27721f27d426,089cd5c47ef0bd6e3f4639fd1a24112b88489b89ac3bd28d85b3526c379f738e
2220260,PRC_U2W6H0M4B2M9F1I8R1A9J1J1X9H4F4,2026-08-26,284,299,208,0,3,196,0,3,85,false,true,208,0,3,true,299,12,web_repair_pass,2026-10-01T12:02:34.504Z,2026-10-01T12:06:04.332Z,f521926a211ca947e80a34034dd21a901a7c397299b16e166d481bbf77f670b9,3baa02c1ebd9038a926dd2f398270c041d7a44b7b6831ea7e28bc7ca3e5840c1
2220261,PRC_V2F6Q0J5P1G3B1I7P2G5S1T6X8L3K5,2026-08-20,284,299,173,5,9,163,5,8,108,false,true,173,5,9,true,299,11,web_repair_pass,2026-10-01T12:02:36.489Z,2026-10-01T12:06:08.381Z,be614baa51123d499bde5abe6b9e21d6ca2f4b0982add23d65fc592021613376,64652849083afe737d54dd6517a23d1611498f1b39fc683e76df935770b3bbc7
2220262,PRC_H2L6I0K5H1D3Z1Y7Q5J2N1J5T9V7Z7,2026-08-20,284,299,174,5,7,166,3,6,109,false,true,174,5,7,true,299,11,web_repair_pass,2026-10-01T12:02:36.525Z,2026-10-01T12:06:07.884Z,f074cd9c8cafc5178774ce6d886f17870f18dc22ec9f0392e8dfc6885d429330,a01cc0a93830c433bdc58a2a435535c49c529fce091ec3650c01fff1d6bb0cb0
2220263,PRC_K2H6R0A5H1M8W0J9V5Z0J3Z4M0Q7N8,2026-08-20,284,299,162,7,3,152,7,2,123,false,true,162,7,3,true,299,11,web_repair_pass,2026-10-01T12:02:36.402Z,2026-10-01T12:06:07.889Z,cc1251ddc85bf38f4ed7785eab50f516700e6be627d9847d39e8141cacfcb83f,88067e11ea8efc2f4481c9f09eb362a2a449424200a74f09041d64abb57b2f4d
2220264,PRC_D2G6M0T5R1Y3O1V7M5V8E4I9Y7Y4K5,2026-08-20,284,299,164,3,6,154,3,5,122,false,true,164,3,6,true,299,11,web_repair_pass,2026-10-01T12:02:36.294Z,2026-10-01T12:06:07.729Z,310dd113d2b9ff5208f3a3e53dd828a3d5315d6b9ad1c4bde43f0b9f9fba391f,0945442c237bab1330aff01a36a5b00315182ff9be109477797bff25810bda46
2220265,PRC_Q2B6O0L5P1D3A1N7V2E7W5N7F7B9K7,2026-08-20,284,299,164,7,9,156,7,5,116,false,true,164,7,9,true,299,12,web_repair_pass,2026-10-01T12:02:36.352Z,2026-10-01T12:06:07.514Z,10751f12365011c38c867f3bddc252f34c35040c609be95ca305aacb1db1a575,4c6d667f52d56f01bad26399d0ff01b813294ed545b538f00de6ab219d2f1acb
2220266,PRC_F2S6G0G5S1D3I1F7U5R6F3M3T7R1M0,2026-08-20,284,299,162,5,8,154,5,5,120,false,true,162,5,8,true,299,11,web_repair_pass,2026-10-01T12:02:36.154Z,2026-10-01T12:06:07.380Z,bad8eb5faf6beda5155205ce6cc42d1d07a050d0d34d7b861112ad4193a64c4e,d53f09cdb084851d8c2440eecb0298370945dd73cca0388859bb44ca322aa6c4
2220267,PRC_N2H6C0Q5S1G2O1P6Q2F2O0E3S4G7W1,2026-08-26,284,299,180,10,25,171,8,24,81,false,true,180,10,25,true,299,12,web_repair_pass,2026-10-01T12:02:34.586Z,2026-10-01T12:06:04.327Z,0ab169861e45becc57ea2610cb6373895045d3970b541b5085d2d983cbc7c204,08f35c54e0e9fc535ac918afe69ebe74881747f2b9e0d11a82b9993ceb976630
2220268,PRC_N2A6J0R4M2M9C1I8I1A8B3X8X9A7E5,2026-08-26,284,299,218,0,1,205,0,1,78,false,true,218,0,1,true,299,13,web_repair_pass,2026-10-01T12:02:34.325Z,2026-10-01T12:06:04.122Z,99fbdb07b433e2edac54079f9c3a153d1dc6a9588e3547a039a46c5972d34b63,b65ad2b8ae3ff0c3df2ce19e87725b23da97cc7af4603d8d2a3daabc97641c7e
2220269,PRC_L2Y6R0R4H2O9M1E8H2H4J3L5J9J5H0,2026-08-26,284,299,205,0,9,193,0,8,83,false,true,205,0,9,true,299,13,web_repair_pass,2026-10-01T12:02:34.203Z,2026-10-01T12:06:03.951Z,3ab69be2f88df41c4d80f4d577792f71e32e539bea85408a662b1459a55abe33,cfbb9ad66c3a02c4efadd3381d9903e9b175232d9af84ada198367edfd0ed0ac
2220270,PRC_H2N6V0L5W1L1G1X7P4T5U5C2Q8F6M1,2026-08-26,284,299,213,0,0,200,0,0,84,false,true,213,0,0,true,299,13,web_repair_pass,2026-10-01T12:02:33.959Z,2026-10-01T12:06:03.936Z,fe8d2ff8251a5c34c1b50937897412aecb1a48eca85e02aa0e6e5633d38d38b2,4e9ec23f4f680f651e18fa61287ae994ee8bc1ecd49db7f6200e85ab6caa8f85
2220271,PRC_U2V6R0C5L1F1C1P7J4W6G5Y1I2X9R2,2026-08-26,284,299,215,0,3,202,0,3,79,false,true,215,0,3,true,299,13,web_repair_pass,2026-10-01T12:02:34.182Z,2026-10-01T12:06:03.635Z,6530dd7004dae00e58c3fa9999a936db11dfe0840fddcca4f0f0060d117086cd,ebbcd8ec9904cd951ef0436e6e28c9155c785c4f608f4360821618dedf5587a1
2220272,PRC_Q2N6D0O5Z1W1Y1K7S4Y8L1C4N8G8E4,2026-08-26,284,299,224,0,0,211,0,0,73,false,true,224,0,0,true,299,13,web_repair_pass,2026-10-01T12:02:33.796Z,2026-10-01T12:06:03.711Z,3f09f58f23c68eb0e159ec677dde5753060868e405afa77bd8590f130f614777,8a6023a5ab2d02ba7796eee9734ce15f15c4c1bda0ea200ac30407dadc99a72e
2220273,PRC_I2C6Y0S5D1F1B1R7V5T3W0Y1A2K6J8,2026-08-26,284,299,225,0,0,212,0,0,72,false,true,225,0,0,true,299,13,web_repair_pass,2026-10-01T12:02:33.683Z,2026-10-01T12:06:03.572Z,39a1372e4b3eb7dd8ecf9d6fe74f18098e4393b6fba84bae5b34570d0a1c4149,ff71267c8f88e766f9c86d1a52f8ffd2f9adb9b7a1b91455a852f85008a03eae
2220274,PRC_N2N6Z0H5O1H1Q1Q7G5Q4L2E7Z8V4B6,2026-08-26,284,299,210,0,0,198,0,0,86,false,true,210,0,0,true,299,12,web_repair_pass,2026-10-01T12:02:33.616Z,2026-10-01T12:06:03.314Z,ea2332264a964db469b4a478843b561307958cae3293620004493bb69aa63099,abdf0079b8cef96869936ed7a3ef83bfe8baee1c4f9081b423329f9563b6b521
2220275,PRC_I2O6T0Y5U1U1L1W7H5S5J0Z8L8E8S1,2026-08-26,284,299,213,0,1,201,0,1,82,false,true,213,0,1,true,299,12,web_repair_pass,2026-10-01T12:02:33.713Z,2026-10-01T12:06:03.245Z,907840e00543d2315ff3565f2635518aa11f2d44a8f3b7817b3424da84b4d318,c542438574ea22f2f288f22536484aa2b022ddfd64b506df46f5ed6bf09e2757
2220276,PRC_K2R6Z0M5C1M1F1H7S5Q6Z4P5F1U9F2,2026-08-26,284,299,215,0,0,202,0,0,82,false,true,215,0,0,true,299,13,web_repair_pass,2026-10-01T12:02:33.543Z,2026-10-01T12:06:03.250Z,2d7287a01de960b043854b7749179f3d39ddd31a8450cbb0b0903a53984c7fd1,f3ade591d8e66f85503a2a08fee1d54df143cea0c8a0f49d42638551e5d87d6e
2220277,PRC_E2Y6P0Z4D2I8D1E7O2O6Z0G4L2U3I7,2026-08-20,284,299,165,13,13,156,10,13,105,false,true,165,13,13,true,299,12,web_repair_pass,2026-10-01T12:02:36.164Z,2026-10-01T12:06:07.507Z,7f85d053ddbce9b6f4f440d49a9a90064deeafb1aef9b2b16d3dce4f820621e3,56d1930470151616d0dbfff346cac1e7ce80bacc8f55c5b1007c3b4ed0207aa3
2220278,PRC_V2M6Z0O4Q2Y8V1I8P1R9G1Y5H1E7Z0,2026-08-20,284,299,184,0,2,174,0,1,109,false,true,184,0,2,true,299,11,web_repair_pass,2026-10-01T12:02:36.159Z,2026-10-01T12:06:07.144Z,f4e7c21a5fe02cbedaaffdd4e6df8bfad2be403759e7780ca28188bb2eef587c,e1b6c37f1112f57bac52e6f04f6b0dc15c013ad2c70cadd48dc21514f16e4eb8
2220279,PRC_Y2V6E0B4T2E8K1V7I3W2G1I6W5I8C7,2026-08-20,284,299,186,0,3,175,0,2,107,false,true,186,0,3,true,299,12,web_repair_pass,2026-10-01T12:02:35.973Z,2026-10-01T12:06:07.007Z,4108c3cda38fcbb58f480b4289d7b7a09fd84622a0e901b6ec251035afee141a,2c550a00514bcdef2fb84f18aa065c004ef929cab4870ad75afadceb1f8ff948
2220280,PRC_V2E6C0R4E2I8C1C8Y1M7J5P3G9G0W9,2026-08-20,284,299,188,0,0,177,0,0,107,false,true,188,0,0,true,299,11,web_repair_pass,2026-10-01T12:02:36.021Z,2026-10-01T12:06:07.012Z,4e2fdf71027099fd95bbb01805028ada285e74691b06c68dd10b6f2100c229f8,c39363755219c916f1d8930578055fe8417a3957cb094fe0853f49ca1463e682
2220282,PRC_X2X6Z0Z4O2P8N2L0U2E2Q0U4J0A4V6,2026-08-20,284,299,172,4,11,163,1,11,109,false,true,172,4,11,true,299,12,web_repair_pass,2026-10-01T12:02:35.916Z,2026-10-01T12:06:06.766Z,b4bdffc518a091e5fd0ef0845b33854b56ee00acebd6df562d55f7919d51e3fb,4d94e80e660afa7fdcc5005a5fa6e7cc7cd4bb3fcfda2dd6b451cc8db52ab380
2220283,PRC_B2D6O0E5M1U1T1A7W5E5C5V2V6G0G4,2026-08-26,284,299,213,0,2,201,0,2,81,false,true,213,0,2,true,299,12,web_repair_pass,2026-10-01T12:02:33.489Z,2026-10-01T12:06:02.953Z,bc78ad3f9240828be7f2e42d5b4088dacab40e23b39e8ebe681674ace1782d17,6171962a6087b0d61d5dd24494dd7c9fd2326ce9d8946847147b2096c9de6a44
2220284,PRC_K2Z6F0A5S1K1M1A7M4B9K2X4M4P0U5,2026-09-03,283,299,257,0,0,243,0,0,40,false,true,257,0,0,true,299,14,web_repair_pass,2026-10-01T12:02:32.848Z,2026-10-01T12:06:01.519Z,f0db901343345520cb4fe914eccc4a1e805028173eed9cb2bdae5e63e195f800,beda55498ddf63189f126b3c2a8e9954d6bb837c146828e39517d5fe18eee47f
2220306,PRC_G2L6O0B7A2B8D1S7O0I3R3X8O8I9R7,2026-07-30,284,299,142,87,0,135,83,0,66,false,true,142,87,0,true,299,11,web_repair_pass,2026-10-01T12:02:40.219Z,2026-10-01T12:06:16.193Z,d09342f14f725e35d56dea59ababdd045b037923376344008e90091444df6ee7,f5e67dda9d3d191ad6a274b656b75f45b899a000440d40e8113454b566c5e360
2220308,PRC_U2Y6S0D7E3X0F1V4G3W1D0R2R2W1V5,2026-07-30,284,299,225,0,0,215,0,0,69,false,true,225,0,0,true,299,10,web_repair_pass,2026-10-01T12:02:40.169Z,2026-10-01T12:06:15.917Z,8f5c386cc6b95f533889cca970668263efc95d9bd72a4fa24d2c6fe4948de5bd,6cd570666608ea438421dff42faa13f1836a2add02ede8cbee4269844db2f159
2220309,PRC_E2H6U0E7R3Y0C1C4R4P6N1N6O0O4B1,2026-07-30,284,299,226,2,0,215,2,0,67,false,true,226,2,0,true,299,11,web_repair_pass,2026-10-01T12:02:40.165Z,2026-10-01T12:06:15.904Z,1f20814e2ab42d4fd6da9ee43ed520447e63bb144a23ed85907a5fc7026d07d5,1f99137375d1e388287e10e8589161de9e2cb64c6d907caeecd14f698479f13c
2220544,PRC_X2V6W0E8C1D1C1C0A2I9J4H0I9G2H4,2026-09-17,283,299,153,47,0,143,45,0,95,false,true,153,47,0,true,299,12,web_repair_pass,2026-10-01T12:02:31.988Z,2026-10-01T12:06:00.058Z,fc7e22bf5ca37ad824bae14a8f1844676e229d38dfddc2ed167e8d8a5e5d3fee,2d1ada9b0d4ac7078b75431970488efe2f585ce57df5a06f0808003f1da29dfb
2220724,PRC_L2K6F0G8E2F4D0C8C5K7L3J9K2I6I6,2026-09-17,283,299,156,63,0,148,60,0,75,false,true,156,63,0,true,299,11,web_repair_pass,2026-10-01T12:02:31.949Z,2026-10-01T12:05:59.803Z,09dc8209d3153d74fc89aad1a636aeee54c09deb18ec2fee70700498a8eff24d,0be6b28110adc966b1400c0af4b9b0ad7079f0da551d8ac3f0c4dc43ab3d1584
2220727,PRC_O2N6O0J8K2I4J0H9I3G2G5P6N5N6M4,2026-09-17,283,299,150,2,4,141,2,4,136,false,true,150,2,4,true,299,9,web_repair_pass,2026-10-01T12:02:31.981Z,2026-10-01T12:05:59.749Z,c195a2dd88bc7085a9e1c96d9d87a3649832ffcec6b98a902443a13a29440321,0559fc4fd16b80073f7aa663b741e83b268dae37f98591b21a36ca90940660b1
2220801,PRC_U2P6W0L8K1A2D0P7V3I8C2K6Y7M1O9,2026-08-26,284,299,174,15,15,165,14,14,91,false,true,174,15,15,true,299,11,web_repair_pass,2026-10-01T12:02:33.410Z,2026-10-01T12:06:02.910Z,07be6643691d980697bd36785a8e525d10000666f053a6a8d362bf6723e6c128,eadc1534e9837286caca482db1bad4d33f5df6a5205acf1b181132774d5b5756
2220802,PRC_Q2R6S0E8Z1U2I0V7J4P0E1A4P0N7C9,2026-08-26,284,299,198,0,9,187,0,9,88,false,true,198,0,9,true,299,11,web_repair_pass,2026-10-01T12:02:33.414Z,2026-10-01T12:04:24.499Z,bcdb14a52c45a8ff6e261ea6c6c6ec0634731f3dee652e2375b3330d1ab2d608,33fc5e697a669716046c56d4b58e745a4a68bfb4764c8cd36f9be551e0113d48
2220843,PRC_E2Q6E0S5G2L0Z1N1R0A6I3R6H5K7H5,2026-09-03,283,299,270,0,0,255,0,0,28,false,true,270,0,0,true,299,15,web_repair_pass,2026-10-01T12:02:32.800Z,2026-10-01T12:06:01.505Z,d48610759681b8b64d72a28585f5544810499163c67e1bf5aa920964d6e0260a,65de3d5e1b34df5d7bb680de204bba44070b9ea8d2fd9b407666c6911bb292a8
2220844,PRC_V2C6D0M3B1F1R1S6P0A2F3S5T3R1M1,2026-09-03,283,299,268,1,3,253,1,2,27,false,true,268,1,3,true,299,16,web_repair_pass,2026-10-01T12:02:32.797Z,2026-10-01T12:06:01.481Z,e4cecf09a9d45cf24ddaabb2a294fb393124d806b03627366bde88f76be720e7,fed1c9e2922be2ab1bc36dd15030387be63c80bf1db87d9f78a23eba6749b1e0
2220845,PRC_K2X6F0C5P2X0X1O1F0I4I4X3D6X8K0,2026-09-03,283,299,268,0,2,252,0,2,29,false,true,268,0,2,true,299,16,web_repair_pass,2026-10-01T12:02:32.657Z,2026-10-01T12:06:01.182Z,18504982b68dae353ef5de5fce192f971e6673359a6c2b017bdb9a99c2920a2c,91b17e4c451dc6b31319313ef47fa6633c921a3d99c20c844c2c143501280b79
2220846,PRC_C2I6S0W5A2F0N1J1R0O3Z1T0M6I4I8,2026-09-03,283,299,251,1,10,237,1,10,35,false,true,251,1,10,true,299,14,web_repair_pass,2026-10-01T12:02:32.639Z,2026-10-01T12:06:01.106Z,11294dbd7d3f97ae3cd6b6797346e28fdd003672862193b3eb3da26547a09092,438fc0de60317ebd245ece542adedd3e5e9fb950cb94175d3840d129e516086c
2220847,PRC_K2I6A0O5Q2X0M1F1P0N3Q5S4M7K0H9,2026-09-03,283,299,267,0,0,251,0,0,32,false,true,267,0,0,true,299,16,web_repair_pass,2026-10-01T12:02:32.513Z,2026-10-01T12:06:01.148Z,bb7d1b81589101bc5de7baf527e5ee0a6c880978064603e0ec44beda36a50b99,89e93131a8a71569ca3e844dbb7ba363299945b26b29d941d3a65bad998b67ee
2220987,PRC_Z2L6E0Q8A2T7V1W6Z3X7N3B3Z5M7D7,2026-09-03,283,299,220,5,6,209,4,5,65,false,true,220,5,6,true,299,13,web_repair_pass,2026-10-01T12:02:32.664Z,2026-10-01T12:06:00.848Z,ea20540b152bfc77ad3cf303ed8f10e49334254aff009139791e87c5e72779f4,49929756a368ee1ddaecb349f9218eb37a5d8585ee02c941821e0a054f51be2f
2221189,PRC_P2W6X0V9U0U8S1T6B5C7A4A9Y5X4Y8,2026-09-17,283,299,147,30,0,141,29,0,113,false,true,147,30,0,true,299,7,web_repair_pass,2026-10-01T12:02:31.848Z,2026-10-01T12:05:59.734Z,492a2097b7f77db1b0cd8699b2b4be09f80d51dab9ae68681207a09f47062612,18690b5e7a4e7df30753c6e321f44ce9f79a9e61732b8402142a5f53dfc023f9
2221191,PRC_J2H6H0F9G0C8D1B6B5A4Y3Z3G4H3G6,2026-09-17,283,299,145,54,0,139,51,0,93,false,true,145,54,0,true,299,9,web_repair_pass,2026-10-01T12:02:31.807Z,2026-10-01T12:05:59.489Z,50ceaecd292b5762c7b67e7aaf48a288ddc9dc8d93a4bca4430ff4a757c7cd5c,4bd528d19d9449219e317feaac22ce3f02147a2da09afd4388d92a5b56960545
2221196,PRC_U2S6S0A9Z0Z8X1Y7W1X5T2T3R3Q6R5,2026-09-17,283,299,157,63,0,149,60,0,74,false,true,157,63,0,true,299,11,web_repair_pass,2026-10-01T12:02:31.803Z,2026-10-01T12:05:59.444Z,6688bfd40e3a703c7b8173b029a36f606bd794cc87661cff56daa5b8e4f37dbf,1fd492c17a6f4d0dccb305af47e1a433119432f7ffa51c24ec20fb42d6938867
2221198,PRC_Y2Z6G0H9G0E8E1D6D5T5U0S9R5R5Q4,2026-09-17,283,299,143,50,0,137,48,0,98,false,true,143,50,0,true,299,8,web_repair_pass,2026-10-01T12:02:31.645Z,2026-10-01T12:05:59.402Z,0db98c04627e611b6c93075d8d097e93cf4fd6afbe3f8fe218493c47ee22c8d2,3a9fdcec859ec5ebeb79998b089f23e27912d2ec8d41b94670d560f269e08dd3
2221199,PRC_R2P6P0O9P0N8N1W7U1U4S3T0T1R3S0,2026-09-17,283,299,158,69,0,149,66,0,68,false,true,158,69,0,true,299,12,web_repair_pass,2026-10-01T12:02:31.633Z,2026-10-01T12:05:59.172Z,14856e3072666d4aab5244a0fb5778a433461ad6fa4af54be18aca583e78cfc3,79694c655daf0cd60510aa413732a0cac79230b7b5dd558a493c144fd286c5ca
2221202,PRC_L2J6R0R9Q0R8P1P7O1W0W5U0W3U6U8,2026-09-17,283,299,158,70,0,149,67,0,67,false,true,158,70,0,true,299,12,web_repair_pass,2026-10-01T12:02:31.663Z,2026-10-01T12:05:59.123Z,69b0102f75121c6790a4f26de9e6f6e0049d510a333dd94a506a59cc12e5a9d0,252a1c5de3b41867264ae188c9a476f65d96e7e3c7565b4479453d7d4f8e1f6e
2221203,PRC_K2K6I0H9H0P8Q1O7P1N4M2M5U7V4T0,2026-09-17,283,299,158,69,1,149,66,1,67,false,true,158,69,1,true,299,12,web_repair_pass,2026-10-01T12:02:31.489Z,2026-10-01T12:05:59.079Z,0501ecc68247cbdd3ae938c0eeebd14ba76e6c12c5d6687987ffa6a555b53720,365c8c9cff770e3dd736ef72d8f264786c91bd0e12c721f732c52f063a95d2bf
2221206,PRC_A2Y6Z0X9Y0W8E1F7D0D4C3C1B6J6J9,2026-09-17,283,299,159,68,0,150,65,0,68,false,true,159,68,0,true,299,12,web_repair_pass,2026-10-01T12:02:31.460Z,2026-10-01T12:05:58.844Z,22d6c594c6d98287d439e4c92c8b55d2cd5ad08a8009a7ba7957a52d3140c920,5c39cfce4d84818aff343a3ce6831babaef53b940add8eac934ccd89f3c2e93f
2221209,PRC_I2Q6R0P9Q0O8P1N7N1V3U5U5T4T8P2,2026-09-17,283,299,154,64,0,147,61,0,75,false,true,154,64,0,true,299,10,web_repair_pass,2026-10-01T12:02:31.485Z,2026-10-01T12:05:58.708Z,d6c2eac36231424ded3bbcfb25e032c1a726a090b4cd36f0b3728a72a5825afa,eb2623f23644c4a52ff6b2568890970573431fd201b9c9dfb8d3227910b543c9
2221210,PRC_B2A6Y0Y9G0H8F1G7E0F3D3L3L5K9L3,2026-09-17,283,299,160,68,0,151,65,0,67,false,true,160,68,0,true,299,12,web_repair_pass,2026-10-01T12:02:31.311Z,2026-10-01T12:05:58.703Z,d036ff71498b9a2c2c47e6e734d90ec89dcbe85a035da277422a7c9f8ca56599,066bcdb451e2cc1029daaf1943ce15fc2179268489a551c7e9b7aaf548f68209
2221211,PRC_T2T6S0Q9R0M8N1L7M1K0L1J0R9S9Q5,2026-09-17,283,299,146,52,1,140,49,1,93,false,true,146,52,1,true,299,9,web_repair_pass,2026-10-01T12:02:31.299Z,2026-10-01T12:05:58.489Z,efd8003dac7ce6c7f21d39cbcbef01dc89729130566f537d8ff19d9d7cf08812,4880ef985f40262d66e59736bbd62eaeef9a34ee4863c40425e25758d05ae5cb
2221212,PRC_F2G6E0F9D0E8C1K6L5J8J4I0I9H5H5,2026-09-17,283,299,146,54,0,140,51,0,92,false,true,146,54,0,true,299,9,web_repair_pass,2026-10-01T12:02:31.334Z,2026-10-01T12:05:58.352Z,92e34ca339f9bfb8aca9ae996afaeb5cecac36f47208c0731607a16d47e14ebf,8444693b9f7a0c370c90e31b40409fdbef7bb23ae1ee4647b53fe61e6a56fb1f
2221213,PRC_D2D6B0C9B0Z8Z1H7I2G7H1F3D6E4A1,2026-09-17,283,299,137,82,13,129,78,13,63,false,true,137,82,13,true,299,12,web_repair_pass,2026-10-01T12:02:31.147Z,2026-10-01T12:05:58.347Z,0f069788440c0c71696f358e9b5bb7a9f0fe0213bd37ef3a4a46dcf2c8aa32dd,d6e374af5736bbf5c73dc5086095820656e379fb46a4bff440107d3dd0988d8f
2221214,PRC_G2E6F0D9C0C8K1L7J0K0I0J8H1H7P8,2026-09-17,283,299,157,65,0,149,62,0,72,false,true,157,65,0,true,299,11,web_repair_pass,2026-10-01T12:02:31.131Z,2026-10-01T12:05:58.171Z,2829e2cd9d3cce1d592c54ddee8bacfe06a16a6b0389854aa11ba4e4e70970f3,e932ced60998f08a3fdd5f4e0ed7b9eff94d2fd4b393285c53aacfbd87c8264c
2221215,PRC_A2B6I0H9I0G8G1F6G5N9O2M5L4L8J7,2026-09-17,283,299,161,71,0,152,68,0,63,false,true,161,71,0,true,299,12,web_repair_pass,2026-10-01T12:02:31.117Z,2026-10-01T12:05:58.032Z,97fa2ffb0c7d2c59d1ae5e98342fa84d023555e5cb952bf140be4d774b2c20e3,ff52aacd6b2282eb34254c34515cb3948a9bcc1b04fef1ef7bd7c3e6c5e19481
2221216,PRC_C2J6K0I9J0H8I1G7H2P7N4O2M4N9L5,2026-09-17,283,299,145,52,0,139,49,0,95,false,true,145,52,0,true,299,9,web_repair_pass,2026-10-01T12:02:30.967Z,2026-10-01T12:05:57.939Z,ba2b2e750d9043fe30e4992ba213b1f91afaab9a1acf0681d8d69940cfef6b35,6194e7f23d7fd28edf256a42a401ddabbb5edcf9c156ab26f8eda414b51e0f29
2221224,PRC_J2K6I0H9H0P8P1O8P1N3N1M8U8U7S7,2026-09-17,283,299,153,36,1,143,34,1,105,false,true,153,36,1,true,299,12,web_repair_pass,2026-10-01T12:02:30.931Z,2026-10-01T12:05:57.811Z,ddd92201bfd1f9cba7c89fb000b057a4d1385b57b3a9bf9659a187100d1b3d80,55b0464596ae995d964f8c028f123890af8e36b95d3d66bf5bad150c6eebadc0
2221225,PRC_A2I6H0H9F0G8E1F8A1B4Z4Y7Y2X4X2,2026-09-17,283,299,152,34,2,142,32,2,107,false,true,152,34,2,true,299,12,web_repair_pass,2026-10-01T12:02:30.953Z,2026-10-01T12:05:57.682Z,14d0901b7c58fc84ca1d36e7d5a996c6b62fe09df656511c16474a4fda4466fa,f62572b8766aad239d9e84e7825c325ffa922884ef2c9b96547875c13ff19b19
2221226,PRC_U2T6T0B9Z0A8Z1Z9X1F3G5E6F9D9E0,2026-09-17,283,299,157,47,0,147,45,0,91,false,true,157,47,0,true,299,12,web_repair_pass,2026-10-01T12:02:30.784Z,2026-10-01T12:05:57.606Z,a95014da00b2a1fdbe94c20414f2d4a003a565fb45da4f65b510eed15ebfce0b,bbde9be028015863208a866c3f5a148517a702f84c059e48e50e9d2aab906003
2221228,PRC_M2K6L0J9J0G8E1E8C4D6C0C6K4I6J5,2026-09-17,283,299,154,38,3,144,36,3,100,false,true,154,38,3,true,299,12,web_repair_pass,2026-10-01T12:02:30.760Z,2026-10-01T12:05:57.463Z,b94ed8cb995eb1db6b27613a97cc58e104f8ae67ea0c7281fc695438a8c80fdc,150290131964f33969a78415691d23d267421206b4d9b96ed3982f0a06ff31db
2221230,PRC_U2U6S0U9S0S8O1N8N1L1M1K4L9T5T9,2026-09-17,283,299,155,34,3,145,32,3,103,false,true,155,34,3,true,299,12,web_repair_pass,2026-10-01T12:02:30.732Z,2026-10-01T12:05:57.300Z,420abf59ffc84c7598b8706be20d60b4cfa7e08a1ed04f06c04aa4c2945cb393,31445a618a772da28797a8f022876b26bae17e049875d3dc8a6333f949755d0c
2221232,PRC_V2W6U0V9D0D8B1A9B1Z3A0V2W9V2T9,2026-09-17,283,299,154,49,0,144,47,0,92,false,true,154,49,0,true,299,12,web_repair_pass,2026-10-01T12:02:30.627Z,2026-10-01T12:05:57.273Z,1a24ab5ae2dac5ffc0a2125522921a03394f55a984daac256fa0cbeb228538a4,6aacc87021154e00e71174c806ac7efc75c69088c32fa59102b19381f06b7705
2221233,PRC_A2I6I0H9I0G8G1F9N1N3M2M1L4L3J0,2026-09-17,283,299,155,47,0,145,45,0,93,false,true,155,47,0,true,299,12,web_repair_pass,2026-10-01T12:02:30.567Z,2026-10-01T12:05:57.089Z,7800b36ce19751efdfaea9c573a1c7526ea8ca12af1acb829451a378b4838361,48362363d8eb0c2372bfc3c9a80dac16368b5cb8c7d6c2959f015e3c7549a5a4
2221234,PRC_O2O6M0N9L0M8K1S9T1R4S4Q0R1P0P2,2026-09-17,283,299,154,49,0,144,47,0,92,false,true,154,49,0,true,299,12,web_repair_pass,2026-10-01T12:02:30.554Z,2026-10-01T12:05:56.959Z,c32a2348a88a94d94ddb235b8e2c1a136ae4f99c6e91709d476c5f1ba30e5341,c605b8c05121e3fbd3c1e9068c83290f52e8b7ff00e86432acf6cdf2433b12bc
2221237,PRC_R2Q6Q0Y9Z0X9W1W0U0V0D4E8C3C3A0,2026-09-17,283,299,157,72,1,147,70,1,65,false,true,157,72,1,true,299,12,web_repair_pass,2026-10-01T12:02:30.406Z,2026-10-01T12:05:56.928Z,76d33fcbb13f66804bcf54c254cd2b88e57f50a9a1d01260c2d7c5c6f7ade844,c17c68e8d7b9eeab65cd1b311dabed5f53b90d4ee2f266b9e264d9d7e22bf0dc
2221243,PRC_P2P6O0O9M0L8L1H9I1G5H4F2E1E9M2,2026-09-17,283,299,148,21,2,139,19,2,123,false,true,148,21,2,true,299,11,web_repair_pass,2026-10-01T12:02:30.347Z,2026-10-01T12:05:56.677Z,5f2470946b60175ad75d61b2a3438cc651c2996eb364c0e550cdadf14e5848c5,b6fc9ec1e00ea835f649edd9ebc817e04afd175db53f8c5e3e33850b0ca4ba41
2221244,PRC_V2A6Y0F9S1P7A1G6I3K4Z0B3Z9B9O8,2026-09-17,283,299,150,15,2,141,13,2,127,false,true,150,15,2,true,299,11,web_repair_pass,2026-10-01T12:02:30.381Z,2026-10-01T12:05:56.346Z,144dfc1050999c8afdbaae3090ed1dc0e766b97c0960f92634603f5a7d329eca,48b6d4c88168d4dbc76442d71e3ff72a87cbef93d37bb29a6937ad70f226144f
2221245,PRC_C2O6M0F9W1O7T1Z6E3H6R3X1W0T6B1,2026-09-17,283,299,151,11,1,141,9,1,132,false,true,151,11,1,true,299,12,web_repair_pass,2026-10-01T12:02:30.171Z,2026-10-01T12:05:56.551Z,9719a5a6490271c241377a5c4f66b09485407b448e4f01a691a529307e016b78,1a084d36db64bec5384a9914272c73181ec766d70e8ffdf5ad54b3b223144d3a
2221265,PRC_A2A6Z0G9H0F9G1E1F4D8E3M0K7K2J5,2026-09-17,283,299,162,77,0,152,75,0,56,false,true,162,77,0,true,299,12,web_repair_pass,2026-10-01T12:02:30.175Z,2026-10-01T12:05:56.548Z,95d491be89f42717bf3c8f3db1f076866bef71b1d7b37e08110fe43f9929a2a3,a2b6ea2467ce99d4fea3a976851cfa10e4e4509b7e65a6a0fb52f4c719200a2a
2221268,PRC_L2J6K0I9J0H8P1Q7O5O0N3O8M3U0U7,2026-09-17,283,299,156,49,0,146,47,0,90,false,true,156,49,0,true,299,12,web_repair_pass,2026-10-01T12:02:30.216Z,2026-10-01T12:05:56.183Z,d692a4e4a12b714bb133f4594e55f2480098c2cad5d0192c5cd115a17c3c0445,b65520800fe1bcb6c73c5c3c6cf513fe557f838cd4a407a8767d7e9f670329e6
2221275,PRC_M2E6W0P9R0H2E1B9C2C6M0Y1T8U0T2,2026-09-17,283,299,195,1,5,184,0,5,94,false,true,195,1,5,true,299,12,web_repair_pass,2026-10-01T12:02:29.972Z,2026-10-01T12:05:56.177Z,3edd1c0a8dce06fe04714e225a3db7d5f5028a9895ec97350bc91008ebe9801d,deb8fa218b488cbbcc39b91a2b4c5d45ee7a56b5dcd2de68a723563c09085d71
2221277,PRC_U2B6M0W9G0D2L1X9W2Z4E3N7I6J0X2,2026-09-17,283,299,193,0,0,181,0,0,102,false,true,193,0,0,true,299,12,web_repair_pass,2026-10-01T12:02:29.960Z,2026-10-01T12:05:56.188Z,c05549bc2543146601df696ab59833479407dc5fbdddd54d4fea1bc7861e34f8,4cb7c10a6836eb8441ee603a3b19560b8fe76d9a0d7e2f22f0f21da95dd0b0d8
2221278,PRC_Z2E6S0X9P0W2A1Z9T1A8J2T0C4A4O9,2026-09-17,283,299,174,0,2,165,0,1,117,false,true,174,0,2,true,299,10,web_repair_pass,2026-10-01T12:02:29.992Z,2026-10-01T12:05:55.809Z,442d73a76cdae6951af2ab44676c0a15aaf9a9eeb2e851f7548073cd536721ee,d59e356fbfd72b8ffa47a5d9fd4f2c4ee19cc5e7c5ef3dd9ec2641eefbbc04bd
2221279,PRC_W2Y6Z0W8G2L7B1U6W3D1T5U0C6L3P7,2026-09-17,283,299,192,2,4,180,2,4,97,false,true,192,2,4,true,299,12,web_repair_pass,2026-10-01T12:02:29.782Z,2026-10-01T12:05:55.792Z,8dfe8453b554738bb0cfab671d417802a262bf1c86e85785b3ebaa3315003c16,1edc8f2b71c7afde7a380e5016948b9213c89511c4e1bb4288d371426841db01
2221280,PRC_D2S6Y0Z8L2S7X1G6M3C0F5E5X4F3U0,2026-09-17,283,299,198,2,3,187,2,2,92,false,true,198,2,3,true,299,12,web_repair_pass,2026-10-01T12:02:29.730Z,2026-10-01T12:05:55.765Z,d0b90da6b820821437c6bca899e59d81f69f052bed08cd7a1d7a3d615c000728,97a41c443f69496d224847e60a3280217b761f173f449151cfc4b73675089acf
2221281,PRC_S2J6E0R8S2S7L1F6L3E8W3I2I5M5B5,2026-09-17,283,299,202,1,1,191,1,1,90,false,true,202,1,1,true,299,11,web_repair_pass,2026-10-01T12:02:29.742Z,2026-10-01T12:05:55.402Z,cff6c865f0e7429cca4a7cd3c84b13a79bdee0b9e6cc2f52fcf77a487700dff9,f776108bbd72e603d81aafbc1f2c2587e7e093203e4993c1b751d6885170db43
2221282,PRC_C2R6Y0K8C2N7G1Z6I3J2H5Z7Q9G4R2,2026-09-17,283,299,197,0,4,185,0,4,94,false,true,197,0,4,true,299,12,web_repair_pass,2026-10-01T12:02:29.545Z,2026-10-01T12:05:55.454Z,4619a442209a628228f5786896d211f99569e455180ff2087f1a61b21ba61b5d,da8675908957d418bf918b21a12aadc7cedadf0e14f027cd9919a6905fd85282
2221283,PRC_P2V6Z0B8J2U7M1D6K3J9F2V0Z4N3X0,2026-09-17,283,299,196,1,3,186,1,3,93,false,true,196,1,3,true,299,10,web_repair_pass,2026-10-01T12:02:29.540Z,2026-10-01T12:05:55.398Z,c56f4a9f8f10bab6303567d48b2f6e6a14fdda9b26dc0170124d566554807e11,c5871cd6261556c56f045ffc1701fcdde3b062c7a28b6e034b0f92ffc62b5424
2221284,PRC_C2K6Z0G8K2M7U1Q6W4Y1O2F1N1Y9S3,2026-09-17,283,299,202,1,1,191,1,1,90,false,true,202,1,1,true,299,11,web_repair_pass,2026-10-01T12:02:29.532Z,2026-10-01T12:05:55.014Z,a7edc9a7572bc1d5ba170d3b53cf2655061ef2077e34c4b805744fe3034adcc6,71867093b56b3caf762c2845198ba438671763a0a37d498bd7d209592e3e5136
2221285,PRC_M2F6X0U8X2M7G1Y6R4B0P3M4M2H4O2,2026-09-17,283,299,204,0,1,193,0,1,89,false,true,204,0,1,true,299,11,web_repair_pass,2026-10-01T12:02:29.352Z,2026-10-01T12:05:54.997Z,20bd0d3dbb3335d5f2da6f6530dd2aca4e64ad49b179c3b9115481736d3f450e,3dc388f32a9751eba94e81a2c17529eea2569b34d6d40020cba3466efd368e70
2221286,PRC_L2Y6C0Q8S2M7D1F6E3D5Z1J4E6B9K5,2026-09-17,283,299,201,0,1,190,0,0,93,false,true,201,0,1,true,299,12,web_repair_pass,2026-10-01T12:02:29.311Z,2026-10-01T12:05:54.992Z,92f53c8d12e539e94896176a1e572c551e3c9ff2e683754b90343adc602476cc,2801b34a6af1bf6a08454aa8ccbb741c46d8b5dd8b250a3471ab3231365cde4e
2221287,PRC_C2J6W0R8C2U7C1T6U3O4U3O1C8Y3H5,2026-09-17,283,299,205,0,1,193,0,1,89,false,true,205,0,1,true,299,12,web_repair_pass,2026-10-01T12:02:29.357Z,2026-10-01T12:05:54.657Z,9ab59c5c736edf91568794a653175e4c7417c48de32a2c00312f34ad46a8f959,c913508fb866a560ec074ad65a81c4e4cd7812bf12f0f5cb0f708b3584e3f95e
2221346,PRC_M2M6K0L9T1R1S1Q4Q2P2Q2L5M4K2J1,2026-09-17,283,299,152,48,1,142,46,1,94,false,true,152,48,1,true,299,12,web_repair_pass,2026-10-01T12:02:29.130Z,2026-10-01T12:05:54.616Z,439e70c91ed4feeff4760583eab8bcbb65e7e09568f85a407812c02e0352ef2a,9cf8164f888d475ad565fe97a05858c4e974da22963888db378ada4cc292f094
2221347,PRC_B2A6B0Z9Z1Y1Z1G4H2G2E0E1C4D4S4,2026-09-17,283,299,154,45,1,144,43,1,95,false,true,154,45,1,true,299,12,web_repair_pass,2026-10-01T12:02:29.107Z,2026-10-01T12:05:54.623Z,8d2338ad3d281621f610efc264b272d099f8685bd0f9856f2a80a901216037d9,c345757f60198e0abbd556bcae3b4d68ed25fa0558584eb9df44f85f81ac1649
2221356,PRC_F2E6F0D9D1L1K1K7I1J5I4I0Q0Q0P2,2026-09-17,283,299,156,1,0,147,1,0,135,false,true,156,1,0,true,299,9,web_repair_pass,2026-10-01T12:02:29.120Z,2026-10-01T12:05:54.244Z,926b456862471543b304125f9b996963357148de5214a4ce29ad1b4bb7a6e4ea,7cafe2d7286b9c283c6b96b47a86e977d4559610edc2df971a4b825d1ebc6565
2221357,PRC_X2X6T0T9S1Q1R1P7Q1Y6Y0W4V6W9U7,2026-09-17,283,299,152,1,0,144,1,0,138,false,true,152,1,0,true,299,8,web_repair_pass,2026-10-01T12:02:28.947Z,2026-10-01T12:05:54.186Z,6779efb4c5b9d69f7665185c84d705928e0df916cdf1dbe5cbac7cba3ea079a5,e3a52c63e7566571701254d5f643e30996db6acfb52a50e71a041c088a0d53d4
2221358,PRC_L2L6H0F9G1E1F1D7E1M6K2L2J0K1I4,2026-09-17,283,299,151,0,0,143,0,0,140,false,true,151,0,0,true,299,8,web_repair_pass,2026-10-01T12:02:28.920Z,2026-10-01T12:05:54.191Z,29ac5b77aadf738905123c8ca95e4b2403bf9591739d339aafe1b48bb36f6e13,39d272f3cd6baed5c4f5af279e530a3e9ebc22c5501f2640540b7d55d6871ba6
2221359,PRC_T2B6B0Z9B1Z1Z1X7Y4G1E3F5D3E4C2,2026-09-17,283,299,154,46,1,144,44,1,94,false,true,154,46,1,true,299,12,web_repair_pass,2026-10-01T12:02:28.867Z,2026-10-01T12:05:53.832Z,eea7ef109605599fafc61f27b49e0c56bb663a1bda8807d5f7434e0e53666326,1c80d8cf4f42ed803fba3de94fd473c272c5ce8bcbf63b934afdcd60867b14f9
2221367,PRC_I2J6R0P9Q1O4O0N7O5J7K1I8H8H3F6,2026-09-17,283,299,153,47,0,143,45,0,95,false,true,153,47,0,true,299,12,web_repair_pass,2026-10-01T12:02:28.716Z,2026-10-01T12:05:53.791Z,73b4fdf5eec46038ecd8adfcd47966703f02fd61478ce5a8cdb600827f1782a7,aa3f91c20a9f05d85deccebcec3629224ec0096f2204a70638f0ba94415aaa2f
2221376,PRC_L2L6K0K9J1J0H1Q6Q0O2P5O1O1M2N5,2026-09-17,283,299,151,1,0,142,1,0,140,false,true,151,1,0,true,299,9,web_repair_pass,2026-10-01T12:02:28.751Z,2026-10-01T12:05:53.776Z,9d7aa452de9221152c959803aef6db32179b779092c430181e6e0f10b1aecbb2,8337ab8e74a60f16ad51106b6eef0dcb4f235ff624de6944343b37e5af0907ba
2221410,PRC_U2E6K0O9W1Q5W1X1G0R3C1Y8C2F8B6,2026-09-17,283,299,152,3,0,142,3,0,138,false,true,152,3,0,true,299,10,web_repair_pass,2026-10-01T12:02:28.538Z,2026-10-01T12:05:53.417Z,bf7b293ce0daf376c4537ccf6e969dbeeafff6ed2b72572ce67f0ca784cdbb54,c11787b21e1c8d3f8e68e9a3a4be31d28e8145c4f1e29543208e84b6ca0bdb5c
2221411,PRC_Y2Z6F0J9P1V5A1S1T0T2F3Z3Z0M8P8,2026-09-17,283,299,151,18,0,141,17,0,125,false,true,151,18,0,true,299,11,web_repair_pass,2026-10-01T12:02:28.492Z,2026-10-01T12:05:53.354Z,c867dbde9790588873acd12b3fca34773920e2cb954bdcb4af0a108878470798,9b26384d202993ae5085fbeb4315babff11014645a66b4def47f4b39e5a5eb1a
2221412,PRC_N2F6G0B9S1I6N1N8Q3E3E0A3F8B5W4,2026-09-17,283,299,149,1,0,140,1,0,142,false,true,149,1,0,true,299,9,web_repair_pass,2026-10-01T12:02:28.455Z,2026-10-01T12:05:53.321Z,f3111f25e2c75e411f327c73bd401c9775e80736d51aa1a9c19a5f2eed1cff79,08428dd375b5c7c120b7046045a9e24aa4cdc6a78ede6f5ffe56158a538b877b
2221413,PRC_J2O6J0S9E1H6F1A8O3E4U5N4O4E7D6,2026-09-17,283,299,149,3,0,141,3,0,139,false,true,149,3,0,true,299,8,web_repair_pass,2026-10-01T12:02:28.319Z,2026-10-01T12:05:52.985Z,38bbc371ed296fc0de7da68bc25048c3212c670858d7ce6a29aaf02932a4ad85,d38ca1f7f962b695e0550f9d1936eebf3746ab108024e8d7f00c08e1040b90f9
2221427,PRC_P2S6K0P9O1A6K1U0I4F1C5A1E4I3B7,2026-09-17,283,299,155,49,0,145,47,0,91,false,true,155,49,0,true,299,12,web_repair_pass,2026-10-01T12:02:28.231Z,2026-10-01T12:05:53.032Z,91a6f51c838695bb974b592809db35a0d7d580c54bd18e968bd8f48f0b19e30c,c9567878bd0426dc2aee23a0b4cbbd0ecdcbbf5288d0fd367b48302845f284dc
2221428,PRC_L2Y6R0U9B1Z7A1S2C1Y0M3Q7V6J9R5,2026-09-17,283,299,150,0,0,141,0,0,142,false,true,150,0,0,true,299,9,web_repair_pass,2026-10-01T12:02:28.251Z,2026-10-01T12:05:52.923Z,1389d9ceafdf74bc06ded7bce24e2fb6357264e57e5d17c5921bfe9158471d74,ad968d1f9fb870a3173928ee44267aca0124bf257d5b9ad0449dc73e4ea6d0e1
2221429,PRC_K2I6A0X9N1O5Q1Y1N3R4K1M0U6E3T0,2026-09-17,283,299,152,34,3,142,32,3,106,false,true,152,34,3,true,299,12,web_repair_pass,2026-10-01T12:02:28.102Z,2026-10-01T12:05:52.587Z,ff5bb0f12283407517f8722fd0bc9fa438b112ebf423af8d0241d4afb0b96d3d,adb5300bb0f54ee20a6583b320bb131a9194c3f1885e82a915c4217d963e1a43
2221430,PRC_V2G6Z0Z9V1L5C2O0A3O0D5X6O9U2F3,2026-09-17,283,299,157,37,4,147,35,4,97,false,true,157,37,4,true,299,12,web_repair_pass,2026-10-01T12:02:28.021Z,2026-10-01T12:05:52.530Z,b74575b5c2a205f8abf0cd44d6b254bacfd63ee8176882b53dfcb09cc0e88185,8242422c88241dc76270ef96c4e1b80a0221e85a4ce1dbf6f689b95a9d34d855
2221431,PRC_U2C6W0N9Q1D5D2V0X3Q1G4J5V5P0H4,2026-09-17,283,299,154,49,1,144,47,1,91,false,true,154,49,1,true,299,12,web_repair_pass,2026-10-01T12:02:28.008Z,2026-10-01T12:05:52.562Z,ea53d4550ab9b772746461dd6057884dda26bb46c1812b816836a61bd22bf7ee,1cae86bde5cfaca3c25bef699f2bf3ddff6ddce515aeaccc439cd4f859ecf8a5
2221432,PRC_A2V6V0E9S1C5Z2X0C3U3B3E0O5P0S4,2026-09-17,283,299,198,2,4,186,2,4,91,false,true,198,2,4,true,299,12,web_repair_pass,2026-10-01T12:02:27.884Z,2026-10-01T12:04:23.922Z,a30cf870baef6edf1b0bf78119d2a3a996803f0ae9a731da48e8c33a0b0fcbf2,6de61db0472f5aeeeada438473ad8281060f882c8428b62ebd46c0a13196cf74
